juv_other_count,score_text,priors_count,juv_misd_count,juvenile_total,sex,age_cat,id,c_charge_degree,two_year_recid,juv_fel_count,age_in_months,race,prior_offenses,age,decile_score
1,Low,0.0,0,1.0,Male,25 - 45,8423,F,0,0.0,324.0,African-American,0.0,27.0,2
0,High,3.0,0,0.0,Male,Less than 25,4137,M,1,0.0,276.0,Caucasian,3.0,23.0,8
0,Low,2.0,0,0.0,male,25 - 45,5064,F,1,0.0,336.0,Caucasian,2.0,28.0,2
0,High,2.0,0,0.0,female,Less than 25,56,F,0,,252.0,African-American,2.0,21.0,8
0,Low,1.0,0,0.0,Male,25 - 45,9369,M,0,0.0,372.0,African-American,1.0,31.0,4
0,Low,,0,0.0,Female,Greater than 45,7663,F,0,0.0,612.0,Caucasian,,51.0,1
1,High,18.0,2,3.0,MALE,25 - 45,967,F,1,0.0,324.0,African-American,18.0,27.0,9
0,High,1.0,0,0.0,Male,Less than 25,718,F,1,0.0,240.0,African-American,1.0,20.0,10
0,Low,1.0,0,0.0,Male,25 - 45,10296,F,0,0.0,480.0,?,1.0,40.0,3
0,High,16.0,0,0.0,Male,25 - 45,3086,F,1,0.0,372.0,Hispanic,16.0,31.0,10
0,Medium,6.0,0,0.0,Female,25 - 45,10873,M,1,0.0,336.0,African-American,6.0,28.0,5
0,High,,0,0.0,Female,Greater than 45,3243,F,1,0.0,552.0,African-American,,46.0,8
0,Low,1.0,0,0.0,Male,25 - 45,4159,F,1,0.0,492.0,Caucasian,1.0,41.0,2
0,Medium,1.0,0,0.0,Male,Less than 25,10680,F,1,0.0,264.0,African-American,1.0,22.0,6
0,Medium,7.0,0,0.0,Male,25 - 45,7813,F,0,0.0,312.0,African-American,7.0,26.0,6
0,Medium,0.0,0,0.0,Male,Less than 25,3274,F,0,0.0,252.0,African-American,0.0,21.0,6
0,Low,0.0,0,0.0,Male,Less than 25,271,F,0,0.0,288.0,Other,0.0,24.0,2
0,Low,0.0,0,0.0,Female,25 - 45,154,F,1,0.0,468.0,Caucasian,0.0,39.0,1
0,Low,1.0,0,0.0,Female,25 - 45,3455,F,0,0.0,300.0,African-American,1.0,25.0,3
0,Low,-,0,0.0, Male,Greater than 45,2657,m,0,0.0,588.0,African-American,-,49.0,1
0,Low,0.0,0,0.0,Female,25 - 45,5096,M,0,0.0,456.0,African-American,0.0,38.0,15
0,Low,0.0,0,0.0,Male,Greater than 45,4596,Misdemeanor,1,0.0,624.0,African-American,0.0,52.0,1
0,Medium,2.0,0,0.0,Female,25 - 45,8670,M,0,0.0,372.0,?,2.0,31.0,6
0,Low,1.0,0,0.0,Male,Greater than 45,731,F,0,0.0,696.0,Hispanic,1.0,58.0,1
0,High,0.0,0,0.0,female,25 - 45,8526,M,0,0.0,312.0,African-American,0.0,26.0,9
0,Medium,7.0,0,0.0,Female,25 - 45,5062,F,1,0.0,444.0,Caucasian,7.0,37.0,6
0,low,4.0,0,0.0,Male,25 - 45,754,F,1,0.0,348.0,African-American,4.0,29.0,4
0,High,16.0,0,0.0,MALE,25 - 45,9413,F,1,0.0,408.0,African-American,16.0,34.0,9
0,Medium,3.0,0,0.0,Male,25 - 45,5280,F,1,0.0,372.0,Caucasian,3.0,31.0,5
0,Low,0.0,0,0.0,Male,Greater than 45,3339,F,0,0.0,708.0,Caucasian,0.0,59.0,1
0,High,9.0,0,0.0,Male,25 - 45,3870,F,1,0.0,360.0,African-American,9.0,30.0,10
0,High,1.0,0,0.0,Male,25 - 45,3502,F,1,0.0,408.0,Hispanic,1.0,34.0,1
1,High,19.0,2,3.0,Male,25 - 45,2138,F,1,0.0,408.0,African-American,19.0,34.0,10
0,High,6.0,0,0.0,Female,25 - 45,262,F,0,0.0,444.0,Caucasian,6.0,37.0,10
0,Medium,1.0,0,1.0,Male,25 - 45,9240,F,1,1.0,324.0,African-American,1.0,27.0,5
0,Low,0.0,0,0.0,Male,Greater than 45,7870,F,0,0.0,660.0,Hispanic,0.0,55.0,1
0,Low,2.0,0,0.0,Male,25 - 45,7034,F,1,0.0,336.0,Caucasian,2.0,28.0,3
0,Medium,5.0,0,0.0,Male,25 - 45,2750,F,0,0.0,468.0,African-American,5.0,39.0,7
0,Low,0.0,0,0.0,Male,Greater than 45,10087,F,1,0.0,552.0,Caucasian,0.0,46.0,2
0,Low,0.0,0,0.0,Male,Greater than 45,6430,M,0,0.0,600.0,african-american,0.0,50.0,1
0,Medium,1.0,0,0.0,Male,25 - 45,8289,F,0,0.0,348.0,Caucasian,1.0,29.0,6
0,Low,1.0,0,0.0, Male,Less than 25,4969,,0,0.0,288.0,African-American,1.0,24.0,4
0,Low,N/A,0,0.0,MALE,25 - 45,9463,M,0,0.0,396.0,Hispanic,N/A,33.0,1
0,Low,,0,0.0,Male,Greater than 45,5181,F,0,0.0,600.0,Caucasian,,50.0,1
0,Low,1.0,0,0.0,Male,25 - 45,7593,Felony,1,0.0,492.0,Hispanic,1.0,41.0,2
0,Low,1.0,0,0.0,Male,25 - 45,7439,F,1,0.0,456.0,African-American,1.0,38.0,4
0,High,0.0,0,0.0,Female,25 - 45,1606,f,0,0.0,372.0,African-American,0.0,31.0,8
0,High,6.0,0,3.0,Male,25 - 45,2247,F,1,3.0,372.0,African-American,6.0,31.0,10
0,Low,0.0,0,0.0,Male,Less than 25,7153,M,0,0.0,252.0,African-American,0.0,21.0,4
0,Low,0.0,0,0.0,Male,Greater than 45,2243,M,1,0.0,684.0,Caucasian,0.0,57.0,2
0,Medium,6.0,0,0.0,Female,25 - 45,10622,F,0,0.0,528.0,African-American,6.0,44.0,6
0,medium,0.0,0,0.0,Female,Less than 25,7856,F,1,0.0,264.0,Caucasian,0.0,22.0,7
0,Low,9.0,0,0.0,Male,25 - 45,10964,F,0,0.0,432.0,African-American,9.0,36.0,4
0,High,3.0,0,0.0,Male,Less than 25,1701,F,1,,264.0,African-American,3.0,22.0,8
0,Low,4.0,0,3.0,Male,25 - 45,7228,F,1,3.0,360.0,Caucasian,4.0,30.0,4
0,Medium,10.0,1,1.0,Male,25 - 45,5116,F,1,,336.0,African-American,10.0,28.0,7
0,Medium,,0,0.0,Male,Greater than 45,3383,F,1,0.0,552.0,African-American,,46.0,5
1,High,13.0,1,2.0,Male,25 - 45,2476,F,1,0.0,312.0,African-American,13.0,26.0,8
0,Low,1.0,0,0.0,Male,Greater than 45,7681,F,0,0.0,648.0,Other,1.0,54.0,1
0,Low,5.0,0,0.0,Male,25 - 45,9136,F,0,0.0,312.0,African-American,5.0,26.0,4
0,Low,3.0,0,0.0,Male,25 - 45,10150,M,1,0.0,336.0,African-American,3.0,28.0,2
0,Low,5.0,0,0.0,Female,Greater than 45,10737,F,0,0.0,828.0,Caucasian,5.0,69.0,3
1,Low,2.0,0,1.0,Male,25 - 45,2103,F,1,0.0,336.0,African-American,2.0,28.0,4
0,Low,0.0,0,0.0,Female ,25 - 45,5655,M,0,0.0,300.0,Caucasian,0.0,25.0,3
0,Medium,0.0,0,0.0,Male,25 - 45,9912,F,0,0.0,312.0,Hispanic,0.0,26.0,6
2,Medium,2.0,0,2.0,Male,Less than 25,7004,F,0,0.0,,Caucasian,2.0,,6
0,Medium,0.0,0,0.0,Female,25 - 45,6715,M,0,0.0,300.0,African-American,0.0,25.0,5
0,Medium,0.0,0,0.0,Male,Less than 25,6490,F,1,0.0,264.0,African-American,0.0,22.0,5
0,Medium,6.0,0,0.0,MALE,25 - 45,10042,F,1,0.0,300.0,African-American,6.0,25.0,7
0,Low,1.0,0,0.0,Male,25 - 45,3350,F,0,0.0,372.0,African-American,1.0,31.0,1
0,LOW,1.0,0,0.0,Male,Greater than 45,4604,M,0,0.0,576.0,Hispanic,1.0,48.0,1
0,Low,,0,0.0,Male,Greater than 45,7010,F,1,0.0,648.0,African-American,,54.0,3
1,High,,0,5.0,Male,Greater than 45,2327,Felony,1,4.0,564.0,African-American,,47.0,9
0,Low,3.0,0,0.0,Male,25 - 45,6248,F,0,0.0,408.0,Caucasian,3.0,34.0,1
0,Low,0.0,0,0.0,Male,25 - 45,3056,F,0,0.0,300.0, African-American,0.0,25.0,3
0,Low,0.0,0,0.0,n/a,Greater than 45,2788,F,0,0.0,648.0,Caucasian,0.0,54.0,1
0,low,1.0,0,0.0,Male,Greater than 45,3457,F,0,0.0,576.0,African-American,1.0,48.0,1
0,low,0.0,0,0.0,Male,25 - 45,3217,F,0,0.0,312.0,Caucasian,0.0,26.0,2
0,Low,0.0,0,0.0,Male,Greater than 45,10064,M,0,0.0,612.0,African-American,0.0,51.0,1
0,Medium,5.0,1,1.0,Male,25 - 45,4260,M,0,0.0,312.0,African-American,5.0,26.0,5
0,Low,2.0,0,0.0,Male,25 - 45,1446,F,0,0.0,420.0,Caucasian,2.0,35.0,1
0,High,1.0,0,0.0,Male,Less than 25,6810,F,1,0.0,264.0,African-American,1.0,22.0,9
0,Medium,9.0,0,0.0,Female,Greater than 45,2645,F,0,0.0,576.0,HISPANIC,9.0,48.0,6
0,Medium,5.0,0,0.0,male,25 - 45,10860,M,0,0.0,516.0,African-American,5.0,43.0,6
0,Low,0.0,0,0.0,male,25 - 45,1511,m,0,0.0,348.0,African-American,0.0,29.0,2
0,Low,4.0,0,0.0,Female,25 - 45,2583,F,0,0.0,420.0,Caucasian,4.0,35.0,3
0,Low,0.0,0,0.0,Male,Greater than 45,2526,M,0,0.0,612.0,Caucasian,0.0,51.0,1
0,Medium,0.0,0,0.0,Male,Less than 25,5147,,1,0.0,264.0,Other,0.0,22.0,5
0,Low,0.0,0,0.0,Female,25 - 45,10,M,0,0.0,468.0,Caucasian,0.0,39.0,1
0,Low,0.0,0,0.0,Male,25 - 45,6852,F,1,0.0,324.0,Other,0.0,27.0,2
0,Low,1.0,0,0.0,Male,25 - 45,10008,F,1,0.0,336.0,Caucasian,1.0,28.0,4
1,Low,3.0,2,3.0,Male,Less than 25,5374,M,1,0.0,240.0,Other,3.0,20.0,2
0,Low,1.0,0,0.0,Male,Greater than 45,279,F,0,0.0,684.0,Hispanic,1.0,57.0,1
0,Low,1.0,0,0.0, Male,25 - 45,175,F,1,0.0,504.0,Caucasian,1.0,42.0,2
0,Low,0.0,0,0.0,Male,25 - 45,2951,f,0,0.0,300.0,African-American,0.0,25.0,4
0,Low,9.0,0,1.0,Male,25 - 45,9865,M,1,1.0,360.0,African-American,9.0,30.0,4
0,Low,1.0,0,0.0,Male,Greater than 45,6395,M,0,0.0,684.0,caucasian,1.0,57.0,1
0,Low,1.0,0,0.0,Male,25 - 45,5691,M,0,0.0,312.0,Caucasian,1.0,26.0,3
0,Medium,4.0,0,0.0,Female,25 - 45,1683,M,1,0.0,360.0,-,4.0,30.0,7
0,LOW,0.0,0,0.0,Male,25 - 45,1866,M,0,0.0,384.0,Hispanic,0.0,32.0,2
0,Low,0.0,0,0.0, Male,25 - 45,1006,M,0,0.0,420.0,African-American,0.0,35.0,4
0,Low,3.0,0,0.0,n/a,25 - 45,9399,Misdemeanor,1,0.0,516.0,hispanic,3.0,43.0,3
0,Low,1.0,0,0.0,Male,Greater than 45,2580,F,0,0.0,696.0,Caucasian,1.0,58.0,1
0,low,2.0,0,0.0,Male,Less than 25,1770,F,1,0.0,276.0,African-American,2.0,23.0,2
0,Low,0.0,0,0.0,Female,Less than 25,2431,F,0,0.0,240.0,Caucasian,0.0,20.0,4
0,High,10.0,1,2.0,Male,25 - 45,700,F,1,1.0,312.0,African-American,10.0,26.0,9
0,High,8.0,0,0.0,Male,25 - 45,2766,F,1,,336.0,African-American,8.0,28.0,8
0,Low,3.0,0,0.0, Male,Greater than 45,7227,F,0,0.0,,Caucasian,3.0,,2
0,low,1.0,0,0.0,Male,25 - 45,2429,F,0,0.0,348.0,CAUCASIAN,1.0,29.0,3
0,Low,0.0,0,0.0,Male,25 - 45,2284,M,0,0.0,396.0,Caucasian,0.0,33.0,1
0,Low,N/A,0,0.0,male,25 - 45,8593,F,1,0.0,408.0,Other,N/A,34.0,2
1,Medium,6.0,0,1.0,Male,25 - 45,1377,m,1,0.0,468.0,African-American,6.0,39.0,7
0,Medium,0.0,0,0.0,Male,Less than 25,9332,F,0,0.0,264.0,African-American,0.0,22.0,7
0,Low,1.0,0,0.0,Female,25 - 45,4187,F,1,0.0,528.0,Caucasian,1.0,44.0,1
0,Medium,8.0,0,0.0,Male,25 - 45,638,F,1,0.0,336.0,?,8.0,28.0,6
0,Low,2.0,0,0.0,Male,Greater than 45,6376,F,0,0.0,720.0,African-American,2.0,60.0,1
0,Low,0.0,0,0.0,male,25 - 45,3041,M,1,0.0,456.0,Caucasian,0.0,38.0,3
0,medium,6.0,0,0.0,Male,25 - 45,2856,F,0,0.0,312.0,African-American,6.0,26.0,6
0,LOW,7.0,0,0.0,Male,25 - 45,2285,F,0,0.0,,African-American,7.0,,3
0,High,14.0,0,0.0,Male,25 - 45,3738,F,0,0.0,336.0,Caucasian,14.0,28.0,9
0,Low,0.0,0,0.0,Male,25 - 45,5753,M,0,0.0,360.0,Caucasian,0.0,30.0,4
0,Medium,0.0,0,0.0,Male,25 - 45,5600,M,1,0.0,300.0,African-American,0.0,25.0,5
5,High,17.0,6,11.0,Male,25 - 45,8147,F,1,0.0,384.0,African-American,17.0,32.0,8
0,Low,0.0,0,0.0,Male,25 - 45,7412,F,1,0.0,336.0,Caucasian,0.0,28.0,2
0,High,1.0,0,1.0,Female,Less than 25,220,F,0,1.0,240.0,African-American,1.0,20.0,10
0,Low,4.0,0,0.0,Female,25 - 45,1323,F,0,0.0,360.0,African-American,4.0,30.0,3
0,Low,0.0,0,0.0,Male,25 - 45,5644,M,1,0.0,528.0,Hispanic,0.0,44.0,1
0,Low,4.0,0,0.0,Male,25 - 45,336,F,1,0.0,,Other,4.0,,4
0,Medium,6.0,1,1.0,Male,25 - 45,2532,M,0,,300.0,African-American,6.0,25.0,7
0,High,2.0,0,0.0,Male,25 - 45,7005,F,0,0.0,384.0,African-American,2.0,32.0,8
0,Medium,0.0,0,0.0,Male,Less than 25,3409,M,0,0.0,264.0,African-American,0.0,22.0,6
1,Medium,0.0,0,1.0,Male,Less than 25,9685,,1,0.0,264.0,African-American,0.0,22.0,7
0,Low,0.0,0,0.0,Male,25 - 45,4448,F,0,0.0,420.0,African-American,0.0,35.0,4
0,High,7.0,4,4.0,Male,Less than 25,5122,F,1,0.0,264.0,African-American,7.0,22.0,8
0,Low,1.0,0,0.0,Male,25 - 45,2480,F,0,,516.0,African-American,1.0,43.0,1
0,Low,0.0,0,0.0,Male,Less than 25,9734,F,0,0.0,288.0,Caucasian,0.0,24.0,4
0,Low,0.0,0,0.0,Male,Less than 25,8576,M,1,0.0,252.0,African-American,0.0,21.0,4
0,Low,2.0,0,0.0, Male,25 - 45,2216,F,0,0.0,528.0,African-American,2.0,44.0,2
0,Low,2.0,0,0.0,Male,25 - 45,9513,F,0,0.0,516.0,African-American,2.0,43.0,1
0,Medium,,0,0.0,Male,Greater than 45,2207,F,1,0.0,576.0,African-American,,48.0,6
1,High,1.0,0,1.0,Male,Less than 25,8518,F,1,0.0,252.0,African-American,1.0,21.0,10
0,High,10.0,0,0.0,Male,25 - 45,3618,F,1,0.0,456.0,caucasian,10.0,38.0,8
0,Low,0.0,0,0.0,Female,25 - 45,6944,M,0,0.0,528.0,Caucasian,0.0,44.0,1
0,Medium,0.0,0,0.0,Female ,Less than 25,4376,M,0,0.0,276.0,Other,0.0,23.0,5
0,Low,0.0,0,0.0,Male,Greater than 45,8340,F,0,0.0,540.0,caucasian,0.0,45.0,1
0,Low,0.0,0,0.0,Female,Less than 25,4492,F,0,0.0,,African-American,0.0,,4
0,High,0.0,0,0.0,Male,Less than 25,4328,F,1,0.0,,African-American,0.0,,8
0,Medium,11.0,0,0.0,Male,Greater than 45,6449,M,1,0.0,612.0,African-American,11.0,51.0,5
0,Low,0.0,0,0.0,Male,Greater than 45,4183,F,0,0.0,708.0,Caucasian,0.0,59.0,1
0,Low,0.0,0,0.0,Female,25 - 45,3377,F,0,0.0,444.0,Caucasian,0.0,37.0,1
0,Low,6.0,0,0.0,Male,25 - 45,10171,F,1,0.0,408.0,African-American,6.0,34.0,3
1,Low,N/A,0,1.0,female,25 - 45,7399,F,0,0.0,336.0,Other,N/A,28.0,2
0,MEDIUM,0.0,0,0.0,Female,Less than 25,145,f,0,0.0,240.0,Caucasian,0.0,20.0,7
0,Medium,3.0,3,3.0,Female,Less than 25,7568,M,0,0.0,240.0,African-American,3.0,20.0,5
1,Medium,0.0,0,1.0,Male,Less than 25,7356,,1,0.0,252.0,Native American,0.0,21.0,6
0,Low,2.0,0,0.0,Male,Greater than 45,1244,F,0,0.0,564.0,Caucasian,2.0,47.0,4
0,Low,5.0,0,0.0,Male,Greater than 45,10092,F,1,,792.0,African-American,5.0,66.0,2
0,Low,1.0,0,0.0,Male,Less than 25,5183,M,0,0.0,288.0,African-American,1.0,24.0,4
2,Low,0.0,0,2.0,Male,Less than 25,9570,F,1,0.0,264.0,African-American,0.0,22.0,3
0,High,4.0,0,0.0, Male,25 - 45,5586,F,1,0.0,312.0,African-American,4.0,26.0,8
0,Medium,,0,0.0,?,Greater than 45,8307,F,0,0.0,636.0,African-American,,53.0,6
0,Medium,2.0,0,0.0,Male,25 - 45,7047,M,0,0.0,480.0,Native American,2.0,40.0,6
0,Medium,1.0,0,0.0,MALE,25 - 45,8462,F,0,0.0,372.0,Caucasian,1.0,31.0,5
0,Medium,4.0,0,0.0,Female,25 - 45,4927,F,1,0.0,300.0,African-American,4.0,25.0,7
0,Low,1.0,0,0.0,Male,Greater than 45,4754,F,0,0.0,564.0,African-American,1.0,47.0,1
0,Medium,8.0,1,1.0,Female,25 - 45,1529,m,1,0.0,456.0,African-American,8.0,38.0,7
0,Medium,5.0,0,0.0,Male,25 - 45,9096,F,0,0.0,300.0,African-American,5.0,25.0,5
0,Low,0.0,0,0.0,Male,25 - 45,4401,F,0,0.0,528.0,African-American,0.0,44.0,2
0,Low,0.0,0,0.0,Male,Less than 25,6796,f,1,0.0,276.0,African-American,0.0,23.0,2
0,Low,18.0,0,0.0,Male,25 - 45,3288,F,1,0.0,516.0,African-American,18.0,43.0,4
1,High,7.0,1,2.0,Male,Less than 25,1298,M,0,0.0,288.0,African-American,7.0,24.0,9
0,Low,7.0,0,0.0,Male,25 - 45,6125,F,0,0.0,384.0,African-American,7.0,32.0,1
0,Low,0.0,0,0.0,female,Greater than 45,924,M,0,0.0,708.0,Caucasian,0.0,59.0,1
0,Low,0.0,0,0.0,Male,25 - 45,2911,M,1,0.0,408.0,African-American,0.0,34.0,2
0,LOW,1.0,0,0.0,Male,25 - 45,5776,F,0,0.0,312.0,Caucasian,1.0,26.0,3
0,High,4.0,0,0.0,Female,25 - 45,10267,F,0,0.0,372.0,African-American,4.0,31.0,8
0,Low,0.0,0,0.0,Male,Less than 25,6345,F,0,0.0,240.0,African-American,0.0,20.0,3
0,High,0.0,0,0.0,Male,25 - 45,2664,F,1,0.0,324.0,African-American,0.0,27.0,8
0,Medium,1.0,0,0.0,Female,25 - 45,6717,F,0,0.0,312.0,Caucasian,1.0,26.0,6
0,High,1.0,0,0.0,Male,Less than 25,10753,F,1,0.0,276.0,African-American,1.0,23.0,10
0,High,8.0,0,2.0,Male,25 - 45,7728,F,1,2.0,408.0,African-American,8.0,34.0,9
0,Low,0.0,0,0.0,Female,Less than 25,10799,F,1,0.0,264.0, African-American,0.0,22.0,4
0,Low,0.0,0,0.0,Male,Greater than 45,4629,M,1,0.0,660.0,Caucasian,0.0,55.0,1
0,Medium,0.0,0,0.0,Female,Less than 25,3437,F,0,0.0,252.0,Caucasian,0.0,21.0,6
0,Low,0.0,0,0.0,Male,Less than 25,2262,M,1,0.0,276.0,African-American,0.0,23.0,3
0,Low,0.0,0,0.0,MALE,Greater than 45,10669,M,1,0.0,672.0,Caucasian,0.0,56.0,1
0,Medium,0.0,0,0.0,Female,25 - 45,4195,M,1,0.0,372.0,African-American,0.0,31.0,6
0,Low,2.0,0,0.0,Female,Greater than 45,4298,M,0,0.0,648.0,Hispanic,2.0,54.0,1
0,Medium,0.0,0,0.0,Male,25 - 45,8117,F,1,0.0,336.0,Caucasian,0.0,28.0,6
0,Low,0.0,0,0.0,Male,25 - 45,4620,F,0,0.0,492.0,Caucasian,0.0,41.0,2
0,Low,2.0,0,0.0,Male,25 - 45,2052,F,0,0.0,516.0,Caucasian,2.0,43.0,1
0,Medium,0.0,0,0.0,Male,25 - 45,64,F,1,,348.0,African-American,0.0,29.0,7
0,Medium,N/A,0,0.0,Male,25 - 45,3568,F,0,0.0,432.0,?,N/A,36.0,7
0,Low,2.0,0,0.0,Male,25 - 45,2311,F,1,0.0,372.0,Other,2.0,31.0,2
0,Medium,3.0,0,0.0,Male,25 - 45,7514,F,0,0.0,528.0, Caucasian,3.0,44.0,5
0,High,3.0,0,0.0,Male,Less than 25,4007,M,1,0.0,288.0,African-American,3.0,24.0,10
0,Low,2.0,0,0.0,Male,25 - 45,1058,M,0,0.0,336.0,African-American,2.0,28.0,4
0,Low,2.0,0,0.0,Male,25 - 45,4553,M,0,0.0,408.0,hispanic,2.0,34.0,3
0,MEDIUM,1.0,0,0.0,Female,25 - 45,1348,F,0,0.0,348.0,African-American,1.0,29.0,5
0,Medium,4.0,0,0.0,Male,25 - 45,3662,F,0,0.0,336.0,African-American,4.0,28.0,7
0,Low,1.0,0,0.0,Male,Greater than 45,7686,F,0,0.0,576.0,Other,1.0,48.0,1
0,Low,,0,0.0,Female,Greater than 45,7080,M,0,0.0,624.0,Caucasian,,52.0,1
0,Low,7.0,0,0.0,Male,25 - 45,8437,F,0,,504.0,African-American,7.0,42.0,1
0,Low,2.0,0,0.0,Male,Less than 25,1165,M,0,0.0,276.0,Other,2.0,23.0,4
0,High,2.0,1,1.0,Male,Less than 25,7067,F,1,0.0,264.0,Caucasian,2.0,22.0,9
0,High,11.0,0,0.0,Female,25 - 45,1816,F,1,0.0,348.0,Caucasian,11.0,29.0,10
0,Low,3.0,0,0.0,Male,Greater than 45,3401,M,1,0.0,552.0,African-American,3.0,46.0,1
0,Low,1.0,0,0.0,Male,Greater than 45,8404,F,0,0.0,552.0,Caucasian,1.0,46.0,1
0,Low,1.0,0,0.0,Female,Less than 25,2248,Felony,0,0.0,276.0,?,1.0,23.0,9
0,Low,0.0,0,0.0,male,25 - 45,525,M,0,0.0,468.0,Other,0.0,39.0,1
0,Medium,0.0,0,0.0,Male,25 - 45,405,F,1,0.0,324.0,Caucasian,0.0,27.0,6
0,Medium,5.0,1,1.0,Male,25 - 45,7426,F,0,0.0,312.0,African-American,5.0,26.0,6
0,LOW,0.0,0,0.0,Female,25 - 45,7076,M,1,0.0,324.0,Caucasian,0.0,27.0,2
0,Low,3.0,0,0.0,Male,Greater than 45,2625,M,0,0.0,612.0,Hispanic,3.0,51.0,2
0,Medium,4.0,0,0.0,Male,25 - 45,8524,M,0,0.0,348.0,African-American,4.0,29.0,5
0,Low,1.0,0,0.0,Male,25 - 45,4757,F,1,0.0,468.0,african-american,1.0,39.0,2
0,Medium,5.0,0,0.0, Male,25 - 45,7457,F,1,0.0,312.0,African-American,5.0,26.0,7
0,Low,0.0,0,0.0,Female,25 - 45,6526,M,0,0.0,420.0,Hispanic,0.0,35.0,2
0,Medium,0.0,0,0.0,Female,Greater than 45,9584,F,1,0.0,624.0,African-American,0.0,52.0,7
0,Low,1.0,0,0.0,Male,25 - 45,7141,F,0,0.0,492.0,Caucasian,1.0,41.0,1
0,High,0.0,0,0.0,male,25 - 45,8707,M,0,0.0,372.0,African-American,0.0,31.0,10
0,Low,2.0,0,0.0,Male,Greater than 45,1622,F,0,0.0,636.0,African-American,2.0,53.0,3
0,Low,0.0,0,0.0,Male,25 - 45,8265,F,0,0.0,528.0,African-American,0.0,44.0,3
0,Medium,1.0,0,0.0,Male,25 - 45,1431,F,0,0.0,300.0,Caucasian,1.0,25.0,5
0,Low,3.0,0,0.0,Male,Greater than 45,3547,F,0,0.0,588.0,African-American,3.0,49.0,4
0,High,2.0,0,1.0,Male,Less than 25,5069,M,1,1.0,288.0,African-American,2.0,24.0,10
0,Low,9.0,0,0.0,Male,Greater than 45,6413,F,0,0.0,564.0,African-American,9.0,47.0,4
0,Low,3.0,0,0.0,Female,25 - 45,5431,m,1,0.0,516.0,Caucasian,3.0,43.0,2
0,Low,0.0,0,0.0,Male,25 - 45,8253,M,0,0.0,348.0,African-American,0.0,29.0,3
0,Medium,4.0,0,0.0,Male,Greater than 45,8642,F,0,0.0,732.0,Caucasian,4.0,61.0,6
1,Medium,3.0,0,1.0,Female,25 - 45,10838,F,1,0.0,324.0,African-American,3.0,27.0,6
0,High,N/A,0,0.0,Female,25 - 45,10499,F,1,0.0,336.0,Caucasian,N/A,28.0,9
0,Low,,0,0.0,Male,Greater than 45,2830,F,0,0.0,672.0,African-American,,56.0,1
0,High,0.0,0,0.0,Female,25 - 45,10831,M,1,0.0,324.0,Caucasian,0.0,27.0,8
0,low,-,0,0.0,Male,25 - 45,3286,M,1,0.0,480.0,Other,-,40.0,1
0,High,5.0,1,2.0,Male,25 - 45,3840,F,0,1.0,336.0,African-American,5.0,28.0,10
0,Medium,7.0,0,0.0,MALE,Greater than 45,10957,M,1,0.0,612.0,African-American,7.0,51.0,6
0,Low,7.0,0,0.0,Male,Greater than 45,6192,F,0,0.0,540.0,Caucasian,7.0,45.0,2
0,Medium,8.0,0,0.0,Male,Greater than 45,1844,F,1,,588.0,Caucasian,8.0,49.0,6
0,Low,,0,0.0,Male,Greater than 45,84,M,0,0.0,588.0,African-American,,49.0,1
0,Low,0.0,0,0.0,Male,25 - 45,6446,M,1,0.0,372.0, Caucasian,0.0,31.0,1
1,Medium,7.0,1,2.0,Male,25 - 45,1136,Misdemeanor,1,0.0,300.0,African-American,7.0,25.0,5
0,Medium,2.0,0,0.0,Male,Greater than 45,6047,F,0,0.0,696.0,Caucasian,2.0,58.0,5
0,Medium,4.0,0,0.0,Female,25 - 45,52,M,1,0.0,396.0,Caucasian,4.0,33.0,5
0,Low,1.0,0,0.0,Male,Greater than 45,7451,M,0,0.0,756.0,Caucasian,1.0,63.0,1
0,Medium,1.0,0,0.0,Male,25 - 45,6704,F,0,0.0,360.0,Caucasian,1.0,30.0,5
0,Low,0.0,0,0.0,Male,25 - 45,9249,M,0,0.0,396.0,Other,0.0,33.0,1
0,High,11.0,0,0.0,Male,25 - 45,2859,F,1,0.0,444.0,Caucasian,11.0,37.0,8
1,LOW,3.0,0,1.0,Male,25 - 45,2917,M,0,0.0,312.0,?,3.0,26.0,4
0,Low,0.0,0,0.0,Male,25 - 45,8298,F,0,0.0,360.0,Caucasian,0.0,30.0,2
0,High,0.0,0,0.0,Male,Less than 25,7488,F,1,0.0,,African-American,0.0,,8
0,Medium,1.0,0,0.0,Male,Greater than 45,2156,F,1,0.0,540.0,Caucasian,1.0,45.0,5
1,High,3.0,1,2.0,Male,Less than 25,407,M,1,0.0,264.0,African-American,3.0,22.0,10
0,Low,0.0,0,0.0,Male,Greater than 45,2332,F,0,0.0,672.0,Caucasian,0.0,56.0,1
0,High,2.0,1,1.0,Male,Less than 25,485,f,1,0.0,288.0,African-American,2.0,24.0,9
1,low,4.0,0,1.0,Male,25 - 45,3046,F,0,0.0,336.0,African-American,4.0,28.0,4
0,Low,1.0,0,0.0,Male,Less than 25,3544,F,1,0.0,288.0,African-American,1.0,24.0,2
0,Low,2.0,0,0.0, Male,25 - 45,8349,F,0,0.0,372.0,African-American,2.0,31.0,1
0,Medium,5.0,0,0.0,Male,25 - 45,1043,F,0,0.0,372.0,African-American,5.0,31.0,7
0,Medium,2.0,0,0.0,Male,25 - 45,8609,F,0,0.0,300.0,African-American,2.0,25.0,6
0,Low,1.0,0,0.0,Male,25 - 45,2681,F,0,0.0,516.0,African-American,1.0,43.0,3
1,High,13.0,0,1.0,Male,25 - 45,8046,F,1,0.0,324.0,African-American,13.0,27.0,10
0,High,6.0,0,0.0,Male,25 - 45,3143,F,1,0.0,300.0,Caucasian,6.0,25.0,8
0,LOW,1.0,0,0.0,Female,25 - 45,1873,F,0,0.0,360.0,Caucasian,1.0,30.0,3
0,Low,0.0,0,0.0,Male,25 - 45,6507,M,1,0.0,300.0,African-American,0.0,25.0,3
0,Low,0.0,0,0.0,Male,25 - 45,5344,F,0,0.0,384.0,-,0.0,32.0,1
0,Low,5.0,0,0.0,Male,25 - 45,1526,F,0,0.0,432.0,African-American,5.0,36.0,4
0,medium,5.0,0,0.0,Male,Less than 25,4796,,0,0.0,288.0,Other,5.0,24.0,6
0,Low,1.0,0,0.0,Male,Greater than 45,5832,F,0,0.0,552.0,Caucasian,1.0,46.0,1
0,Medium,0.0,0,0.0,Female,Less than 25,1755,F,0,0.0,,African-American,0.0,,7
0,LOW,0.0,0,0.0,Male,25 - 45,5517,F,0,0.0,432.0,Other,0.0,36.0,4
0,Low,0.0,0,0.0,Male,25 - 45,3556,F,0,0.0,396.0,Hispanic,0.0,33.0,1
0,Low,1.0,0,0.0,Female,25 - 45,5981,M,1,0.0,528.0,Caucasian,1.0,44.0,1
0,Medium,2.0,0,0.0,Male,Greater than 45,1111,Felony,0,0.0,576.0,African-American,2.0,48.0,6
0,Medium,6.0,0,0.0,Male,25 - 45,7403,F,1,0.0,348.0,African-American,6.0,29.0,6
1,Low,3.0,0,1.0,Male,25 - 45,2688,F,1,0.0,408.0, African-American,3.0,34.0,1
0,Medium,2.0,0,0.0,Male,25 - 45,1629,F,0,0.0,324.0,African-American,2.0,27.0,5
0,Low,3.0,0,0.0,Male,Greater than 45,7308,F,1,0.0,540.0,Caucasian,3.0,45.0,1
0,Low,0.0,0,0.0,Male,Greater than 45,4267,M,1,0.0,588.0,Other,0.0,49.0,1
0,Low,0.0,0,0.0,Male,25 - 45,8468,f,0,0.0,420.0,African-American,0.0,35.0,1
0,Low,0.0,0,0.0,Male,25 - 45,6152,M,0,0.0,312.0,African-American,0.0,26.0,2
0,Low,17.0,0,0.0,Male,Greater than 45,1515,M,0,0.0,612.0,African-American,17.0,51.0,4
0,Low,1.0,1,1.0,Male,25 - 45,8786,M,0,0.0,360.0,African-American,1.0,30.0,2
0,Low,,0,0.0,Male,Greater than 45,4319,F,0,0.0,672.0,Caucasian,,56.0,4
0,High,4.0,0,0.0,Female,Less than 25,9560,F,1,0.0,240.0,Caucasian,4.0,20.0,8
0,Medium,1.0,0,0.0,Male,25 - 45,4840,M,1,0.0,300.0,Hispanic,1.0,25.0,7
0,Medium,9.0,0,0.0,Male,25 - 45,3675,F,1,0.0,444.0,African-American,9.0,37.0,6
0,Low,,0,0.0,Male,Greater than 45,8479,F,1,0.0,564.0,African-American,,47.0,4
0,Low,2.0,0,0.0,Male,25 - 45,943,M,1,0.0,348.0,Caucasian,2.0,29.0,2
0,High,24.0,1,1.0,Male,25 - 45,7334,F,1,0.0,312.0,African-American,24.0,26.0,10
0,High,4.0,0,0.0,Female,Less than 25,7074,M,1,0.0,276.0,Caucasian,4.0,23.0,9
0,Low,0.0,0,0.0,Male,25 - 45,812,F,0,0.0,372.0,African-American,0.0,31.0,2
0,Low,1.0,0,0.0,Male,Greater than 45,10611,Felony,1,0.0,648.0,Caucasian,1.0,54.0,3
0,High,5.0,0,1.0,Male,Less than 25,10194,F,1,1.0,276.0,African-American,5.0,23.0,8
0,Low,5.0,0,0.0,Male,25 - 45,1259,F,1,0.0,312.0,Caucasian,5.0,26.0,4
0,Low,0.0,0,0.0,Female,25 - 45,7448,F,0,0.0,372.0,African-American,0.0,31.0,3
0,Medium,,0,0.0,Male,Greater than 45,3611,F,0,0.0,732.0,Caucasian,,61.0,6
0,High,3.0,0,0.0,Male,Less than 25,2844,F,1,0.0,240.0,Hispanic,3.0,20.0,10
0,Low,1.0,0,0.0,Male,25 - 45,4994,F,1,0.0,312.0,Caucasian,1.0,26.0,4
0,Low,3.0,0,0.0,Male,25 - 45,1517,f,1,0.0,324.0,African-American,3.0,27.0,3
0,High,25.0,0,0.0,Male,25 - 45,4108,F,1,0.0,492.0,African-American,25.0,41.0,9
0,Medium,3.0,0,0.0,Male,Less than 25,6932,F,1,0.0,264.0,Caucasian,3.0,22.0,7
0,Low,1.0,0,0.0,Male,25 - 45,8026,F,1,0.0,480.0,African-American,1.0,40.0,1
0,Low,0.0,0,0.0,Female,25 - 45,9338,M,1,0.0,408.0,African American,0.0,34.0,1
0,Low,0.0,0,0.0,Male,25 - 45,9167,F,0,0.0,348.0,African-American,0.0,29.0,3
0,Medium,7.0,0,0.0,Female,25 - 45,10314,F,1,0.0,312.0,Caucasian,7.0,26.0,6
0,low,1.0,0,0.0,Male,Less than 25,7840,F,0,0.0,264.0,Caucasian,1.0,22.0,2
1,Medium,3.0,3,4.0,Female,Less than 25,8287,M,1,0.0,252.0,Caucasian,3.0,21.0,7
0,High,15.0,0,0.0,Male,25 - 45,6159,F,0,0.0,372.0, African-American,15.0,31.0,10
0,Low,1.0,0,0.0,Male,Greater than 45,1955,F,0,0.0,720.0,Hispanic,1.0,60.0,1
0,Low,0.0,0,0.0,Male,25 - 45,10765,F,0,0.0,312.0,African-American,0.0,26.0,4
0,Low,2.0,0,0.0,Male,Greater than 45,3705,M,0,0.0,900.0,Caucasian,2.0,75.0,1
0,Medium,N/A,0,0.0,Male,25 - 45,4595,F,1,0.0,348.0,African-American,N/A,29.0,7
0,High,2.0,0,0.0,Male,Less than 25,1788,F,1,0.0,240.0,Hispanic,2.0,20.0,10
0,High,5.0,0,0.0,Female,25 - 45,5045,Felony,0,0.0,480.0,Caucasian,5.0,40.0,10
0,Low,0.0,0,0.0,Female,25 - 45,1734,M,0,0.0,492.0,Caucasian,0.0,41.0,1
0,Medium,7.0,0,0.0,Male,Greater than 45,5768,M,0,0.0,780.0,African-American,7.0,65.0,5
0,Medium,3.0,0,0.0,Male,25 - 45,210,F,1,0.0,384.0,African-American,3.0,32.0,7
0,Low,1.0,0,0.0,Male,Less than 25,4495,,0,0.0,264.0,African-American,1.0,22.0,3
0,High,12.0,0,1.0,Male,Less than 25,8290,,1,1.0,264.0,African-American,12.0,22.0,10
0,Low,0.0,0,0.0,Female,Less than 25,2998,M,0,0.0,288.0,Hispanic,0.0,24.0,4
0,Low,1.0,0,0.0,Male,25 - 45,7394,F,0,0.0,468.0,Caucasian,1.0,39.0,1
0,High,5.0,0,0.0,Male,Less than 25,4155,F,1,0.0,276.0,African-American,5.0,23.0,9
0,Low,0.0,0,0.0,Male,Greater than 45,8153,M,0,0.0,720.0,Caucasian,0.0,60.0,1
0,Medium,3.0,0,0.0,male,Less than 25,8022,F,1,0.0,288.0,AFRICAN-AMERICAN,3.0,24.0,5
0,Low,0.0,0,0.0,Male,25 - 45,2641,M,0,0.0,372.0,Other,0.0,31.0,3
0,High,4.0,0,0.0,Male,Less than 25,4436,F,1,0.0,276.0,African-American,4.0,23.0,10
0,High,13.0,0,0.0,Male,25 - 45,5907,F,0,0.0,480.0,African-American,13.0,40.0,9
0,Low,23.0,0,0.0,Male,Greater than 45,2578,Felony,1,0.0,756.0,Other,23.0,63.0,4
0,Medium,2.0,0,0.0,Male,Greater than 45,1056,F,1,0.0,564.0,Caucasian,2.0,47.0,5
0,Low,,0,0.0,Male,Greater than 45,68,M,0,0.0,588.0,Caucasian,,49.0,1
1,Medium,1.0,0,1.0,Male,Less than 25,517,F,0,0.0,276.0,African-American,1.0,23.0,6
0,Low,1.0,0,0.0,Male,Greater than 45,5276,F,0,0.0,576.0,Caucasian,1.0,48.0,1
0,Medium,0.0,0,0.0,Male,25 - 45,3994,m,0,0.0,372.0,Hispanic,0.0,31.0,5
0,Medium,33.0,0,0.0,male,Greater than 45,765,F,1,0.0,792.0,African-American,33.0,66.0,6
0,LOW,-,0,0.0,Male,25 - 45,9917,M,0,0.0,372.0,African-American,-,31.0,1
0,Medium,3.0,0,0.0,Male,Less than 25,9221,,1,0.0,264.0,Caucasian,3.0,22.0,7
0,Low,,0,0.0,Male,Greater than 45,6611,F,0,0.0,660.0,African-American,,55.0,1
0,Low,0.0,0,0.0,Male,Greater than 45,9309,F,0,0.0,564.0,Other,0.0,47.0,1
0,Medium,2.0,0,0.0,Male,25 - 45,4544,M,1,0.0,324.0,African-American,2.0,27.0,5
0,Medium,0.0,0,0.0,female,25 - 45,10599,m,1,0.0,360.0,African-American,0.0,30.0,5
0,Low,0.0,0,0.0,Female,25 - 45,2303,M,0,0.0,492.0,Caucasian,0.0,41.0,1
0,Low,1.0,0,0.0,Female,Greater than 45,8107,M,0,0.0,588.0,Caucasian,1.0,49.0,1
0,Low,0.0,0,0.0,Male,25 - 45,8884,M,0,0.0,468.0,Caucasian,0.0,39.0,1
0,High,2.0,0,2.0,Male,Less than 25,2336,F,1,2.0,240.0,African-American,2.0,20.0,9
0,Medium,1.0,0,0.0,Male,Less than 25,10649,M,0,0.0,252.0,African-American,1.0,21.0,5
0,Low,-,0,0.0,Male,Greater than 45,7680,F,0,0.0,804.0,Caucasian,-,67.0,1
0,Low,,0,0.0,Female,Greater than 45,5889,F,1,0.0,624.0,African-American,,52.0,1
0,High,7.0,0,0.0,Male,25 - 45,1792,F,0,0.0,300.0,-,7.0,25.0,9
2,High,3.0,0,2.0,Male,Less than 25,6462,F,1,0.0,276.0,African-American,3.0,23.0,8
0,High,5.0,0,0.0,Male,Greater than 45,3702,F,1,0.0,552.0,Caucasian,5.0,46.0,8
0,Low,0.0,0,0.0,Female ,25 - 45,9902,M,1,0.0,384.0, African-American,0.0,32.0,1
0,Low,0.0,0,0.0,Male,Greater than 45,8225,Misdemeanor,0,0.0,744.0,Caucasian,0.0,62.0,1
0,Low,0.0,0,0.0,Male,25 - 45,4679,M,0,0.0,480.0,Caucasian,0.0,40.0,2
0,Low,6.0,0,0.0,Male,25 - 45,2066,F,0,0.0,432.0,Caucasian,6.0,36.0,4
0,Low,0.0,0,0.0,MALE,25 - 45,1324,F,0,0.0,480.0,Caucasian,0.0,40.0,2
0,High,12.0,0,0.0,Male,Greater than 45,9739,F,1,0.0,,African-American,12.0,,8
0,Low,0.0,0,0.0,Female,25 - 45,5647,M,1,0.0,504.0,African American,0.0,42.0,1
0,Medium,0.0,0,0.0,Female,25 - 45,5732,M,1,0.0,396.0,Caucasian,0.0,33.0,6
0,Medium,8.0,0,0.0,Male,25 - 45,4341,f,1,0.0,480.0,Other,8.0,40.0,7
0,LOW,2.0,0,0.0,Male,25 - 45,2065,M,0,0.0,408.0,Caucasian,2.0,34.0,2
0,Low,0.0,0,0.0,Male,Greater than 45,5194,F,0,0.0,660.0,African-American,0.0,55.0,1
0,Low,,0,0.0,Female,Greater than 45,5695,M,0,0.0,780.0,Caucasian,,65.0,1
0,LOW,4.0,0,0.0,Male,25 - 45,3560,F,0,0.0,480.0,Caucasian,4.0,40.0,3
1,Medium,4.0,0,1.0,Male,Less than 25,2237,,0,0.0,288.0,African-American,4.0,24.0,7
0,Low,3.0,0,0.0,Female ,25 - 45,10567,F,0,0.0,348.0,Caucasian,3.0,29.0,3
0,Low,1.0,0,0.0,Female,Greater than 45,234,F,1,0.0,732.0,-,1.0,61.0,1
0,High,9.0,0,0.0,Male,25 - 45,4574,f,1,0.0,372.0,Caucasian,9.0,31.0,8
0,Low,0.0,0,0.0,Male,Less than 25,5553,,0,0.0,264.0,Caucasian,0.0,22.0,3
0,Medium,6.0,0,0.0,Female,25 - 45,6389,F,1,0.0,348.0, Caucasian,6.0,29.0,7
0,Low,2.0,0,0.0,Male,25 - 45,10261,F,0,0.0,360.0,-,2.0,30.0,2
0,Low,1.0,0,0.0,Female,25 - 45,1845,F,0,0.0,396.0,African-American,1.0,33.0,2
0,Low,2.0,0,0.0,Male,25 - 45,10719,M,0,0.0,396.0,African-American,2.0,33.0,4
1,High,5.0,0,1.0,Male,25 - 45,2277,M,1,0.0,300.0,Caucasian,5.0,25.0,9
0,Low,16.0,0,0.0,Male,Greater than 45,684,F,0,,,African-American,16.0,,2
0,High,2.0,0,0.0,Male,25 - 45,8007,F,0,0.0,300.0,African-American,2.0,25.0,9
0,High,0.0,0,0.0,Male,25 - 45,2680,F,0,,348.0,African-American,0.0,29.0,8
0,High,2.0,0,0.0,Male,Less than 25,8030,,1,0.0,252.0,African-American,2.0,21.0,8
0,High,2.0,0,0.0,Female,25 - 45,5161,F,0,0.0,312.0,-,2.0,26.0,9
0,Low,1.0,0,0.0,Male,25 - 45,9387,F,0,0.0,348.0,Caucasian,1.0,29.0,2
1,High,9.0,0,2.0,Male,Less than 25,4906,,1,1.0,288.0,African-American,9.0,24.0,9
0,Medium,8.0,0,0.0,Male,25 - 45,9109,F,0,0.0,468.0,Caucasian,8.0,39.0,6
0,Medium,6.0,0,0.0,Female,25 - 45,6297,F,0,0.0,300.0,Caucasian,6.0,25.0,7
0,Low,0.0,0,0.0,Female,25 - 45,9075,F,0,0.0,420.0,Hispanic,0.0,35.0,2
0,Medium,1.0,0,0.0,Female,25 - 45,10585,F,0,0.0,300.0,african-american,1.0,25.0,5
0,Medium,18.0,0,0.0,Male,Greater than 45,9619,F,1,0.0,576.0,Caucasian,18.0,48.0,6
0,Low,1.0,0,0.0,Male,25 - 45,8532,F,0,0.0,360.0,African-American,1.0,30.0,2
0,Low,1.0,0,0.0,Female,25 - 45,4641,M,0,0.0,420.0,Caucasian,1.0,35.0,4
0,Low,2.0,0,0.0,Female,25 - 45,6402,M,0,0.0,372.0,African-American,2.0,31.0,3
0,Low,0.0,0,0.0,Male,Greater than 45,5613,M,1,0.0,636.0,Caucasian,0.0,53.0,2
0,Low,4.0,0,0.0,Female,25 - 45,5548,F,1,0.0,528.0,Hispanic,4.0,44.0,3
0,High,13.0,0,0.0,Male,25 - 45,4086,M,1,0.0,312.0,African-American,13.0,26.0,10
0,Low,2.0,0,0.0,Male,25 - 45,6249,F,1,0.0,456.0,Caucasian,2.0,38.0,3
0,Low,5.0,0,0.0,Male,Greater than 45,3075,M,0,0.0,552.0,Caucasian,5.0,46.0,1
0,Low,0.0,0,0.0,Male,Less than 25,9991,Misdemeanor,0,0.0,240.0,Caucasian,0.0,20.0,4
0,Low,,0,0.0,Male,Greater than 45,5557,M,1,0.0,612.0,African-American,,51.0,4
0,medium,7.0,0,0.0,Male,25 - 45,8411,F,0,0.0,300.0,African-American,7.0,25.0,6
0,Medium,0.0,0,0.0,Male,Less than 25,8085,F,1,0.0,240.0,African-American,0.0,20.0,7
0,High,4.0,0,0.0,Male,Less than 25,7644,,0,0.0,252.0,African-American,4.0,21.0,8
1,High,6.0,0,1.0,Female,Less than 25,737,F,1,0.0,288.0,Caucasian,6.0,24.0,9
0,Medium,0.0,0,0.0,Female,Less than 25,6470,F,1,0.0,252.0,African-American,0.0,21.0,7
0,Low,1.0,0,0.0,Male,Greater than 45,5637,M,0,0.0,720.0,Other,1.0,60.0,1
0,HIGH,0.0,0,0.0,Male,25 - 45,10289,F,1,0.0,432.0,Caucasian,0.0,36.0,8
0,Medium,0.0,0,0.0,Male,25 - 45,4587,M,1,0.0,432.0,Caucasian,0.0,36.0,7
0,Medium,10.0,0,0.0,Male,25 - 45,9293,F,1,0.0,348.0,African-American,10.0,29.0,6
0,Low,0.0,0,0.0,Female,25 - 45,4163,M,1,0.0,360.0,Caucasian,0.0,30.0,4
0,Medium,3.0,0,0.0,Male,25 - 45,9738,M,0,0.0,360.0,African-American,3.0,30.0,7
0,Medium,1.0,0,0.0,Female,25 - 45,5088,M,1,0.0,456.0,Caucasian,1.0,38.0,6
0,Medium,5.0,0,0.0,Male,25 - 45,4232,M,1,0.0,432.0,African-American,5.0,36.0,5
0,low,0.0,0,0.0,Male,25 - 45,1295,F,0,0.0,312.0,Caucasian,0.0,26.0,4
0,Low,1.0,0,0.0,Male,25 - 45,7145,F,1,0.0,348.0,African-American,1.0,29.0,4
0,Medium,1.0,0,0.0,Male,Less than 25,3624,F,1,0.0,264.0,African-American,1.0,22.0,7
0,Medium,11.0,0,0.0,Male,25 - 45,3138,F,1,0.0,396.0,African-American,11.0,33.0,6
0,Low,,0,0.0,Male,Greater than 45,4705,M,1,0.0,624.0,African-American,,52.0,3
0,Low,1.0,0,0.0,female,25 - 45,6802,M,0,0.0,456.0,Caucasian,1.0,38.0,1
0,Low,1.0,0,0.0,Male,25 - 45,4941,Misdemeanor,0,0.0,312.0,hispanic,1.0,26.0,1
0,Low,1.0,0,0.0,Female,25 - 45,6712,M,0,0.0,492.0,Caucasian,1.0,41.0,2
0,High,6.0,0,0.0,Male,25 - 45,3476,M,1,0.0,336.0,African-American,6.0,28.0,8
0,Medium,N/A,0,0.0,Female,Less than 25,8110,M,0,0.0,288.0,Caucasian,N/A,24.0,5
2,Low,0.0,0,2.0,Male,25 - 45,4475,M,0,0.0,300.0,AFRICAN-AMERICAN,0.0,25.0,2
0,Low,9.0,0,0.0,Male,Greater than 45,5722,F,0,0.0,552.0,African-American,9.0,46.0,4
0,High,8.0,0,3.0,Male,25 - 45,4506,F,0,3.0,408.0,African-American,8.0,34.0,10
0,Low,1.0,0,0.0,Male,25 - 45,4560,M,0,0.0,444.0,Hispanic,1.0,37.0,1
0,Low,0.0,0,0.0,Female,25 - 45,2093,M,0,0.0,396.0,Caucasian,0.0,33.0,2
0,High,2.0,0,0.0,Male,Less than 25,4398,M,1,0.0,276.0,African-American,2.0,23.0,9
0,Medium,23.0,1,1.0,Male,25 - 45,10703,F,0,0.0,516.0,African-American,23.0,43.0,7
0,Low,0.0,0,0.0,Male,25 - 45,5854,M,0,0.0,312.0,African-American,0.0,26.0,3
0,High,14.0,1,1.0,Male,25 - 45,4139,M,1,0.0,420.0,African-American,14.0,35.0,8
0,Low,12.0,0,0.0,Male,Greater than 45,10487,F,1,0.0,696.0,Caucasian,12.0,58.0,2
0,Medium,0.0,0,0.0,Male,Greater than 45,1193,F,0,0.0,576.0,caucasian,0.0,48.0,7
0,Medium,3.0,0,0.0,Male,Less than 25,3117,F,1,0.0,276.0,African-American,3.0,23.0,6
0,Medium,2.0,0,0.0,Female,25 - 45,7830,F,1,0.0,372.0,African-American,2.0,31.0,5
0,high,1.0,1,1.0,Male,Less than 25,3456,M,0,0.0,252.0,African-American,1.0,21.0,8
0,Low,0.0,0,0.0,Male,Less than 25,6469,F,1,0.0,252.0,Other,0.0,21.0,4
0,Low,1.0,0,0.0,male,25 - 45,8224,F,0,0.0,384.0,Hispanic,1.0,32.0,1
0,Low,0.0,0,0.0,Male,25 - 45,5209,F,0,0.0,312.0,Caucasian,0.0,26.0,3
0,Low,0.0,0,0.0,Male,Less than 25,5684,F,0,0.0,276.0,African-American,0.0,23.0,3
0,Medium,8.0,5,6.0,Male,25 - 45,7740,M,0,1.0,,African-American,8.0,,6
0,High,1.0,0,0.0,MALE,Less than 25,7791,M,1,0.0,264.0,African-American,1.0,22.0,9
0,Low,0.0,0,0.0,Male,Greater than 45,9276,M,0,0.0,672.0,Caucasian,0.0,56.0,1
0,HIGH,6.0,0,1.0,FEMALE,Less than 25,711,,1,1.0,288.0,African-American,6.0,24.0,9
0,Medium,8.0,0,0.0,Male,25 - 45,484,F,0,0.0,324.0,Caucasian,8.0,27.0,5
0,Low,1.0,0,0.0,Female,Greater than 45,77,F,0,0.0,756.0,Hispanic,1.0,63.0,1
1,high,18.0,1,2.0,Male,25 - 45,10659,Felony,1,0.0,360.0,African-American,18.0,30.0,10
0,High,3.0,0,0.0,Male,Less than 25,4100,M,1,0.0,288.0,Caucasian,3.0,24.0,8
0,Low,2.0,0,0.0,Male,Greater than 45,3898,F,0,0.0,636.0,Caucasian,2.0,53.0,1
0,Medium,0.0,0,0.0,Male,25 - 45,10224,F,0,0.0,348.0,African-American,0.0,29.0,5
0,Medium,4.0,0,0.0,Male,25 - 45,934,F,1,0.0,300.0,African-American,4.0,25.0,5
0,Low,,0,0.0,Female,Greater than 45,9260,F,0,0.0,684.0,Caucasian,,57.0,2
0,Low,1.0,0,0.0, Male,25 - 45,951,M,0,,372.0,African American,1.0,31.0,1
0,Low,2.0,0,0.0,Male,25 - 45,4837,M,0,0.0,492.0,Caucasian,2.0,41.0,1
0,Low,3.0,0,0.0,Male,Greater than 45,7882,F,0,0.0,576.0,Caucasian,3.0,48.0,2
0,High,6.0,0,0.0,Male,25 - 45,5539,F,1,0.0,348.0,African-American,6.0,29.0,8
0,Medium,5.0,0,0.0,Female,25 - 45,258,F,0,0.0,384.0,African-American,5.0,32.0,7
0,Medium,0.0,0,0.0,Male,Less than 25,4082,F,1,0.0,288.0,Caucasian,0.0,24.0,5
0,Low,1.0,0,0.0,Male,Greater than 45,8347,F,0,0.0,600.0,Caucasian,1.0,50.0,2
0,Low,4.0,0,0.0,Male,25 - 45,8065,M,1,0.0,,African-American,4.0,,2
0,Low,0.0,0,0.0,Male,25 - 45,1931,M,0,0.0,528.0,Caucasian,0.0,44.0,1
0,Medium,10.0,0,0.0,Female,25 - 45,988,F,0,0.0,372.0,African-American,10.0,31.0,6
0,Low,6.0,0,0.0,Male,25 - 45,10575,F,0,0.0,372.0,Caucasian,6.0,31.0,4
0,Low,3.0,0,0.0,Male,Greater than 45,1678,F,0,0.0,792.0,African-American,3.0,66.0,1
0,Low,3.0,0,0.0,Male,Greater than 45,1393,F,1,0.0,588.0,African-American,3.0,49.0,1
0,Low,1.0,0,0.0,Male,25 - 45,3946,F,1,0.0,324.0,African-American,1.0,27.0,2
0,Low,1.0,0,0.0,Female,25 - 45,6213,F,0,0.0,480.0,Caucasian,1.0,40.0,2
1,Low,0.0,0,1.0,Male,Less than 25,10718,f,0,0.0,264.0,Other,0.0,22.0,3
0,Medium,0.0,0,0.0,Male,Less than 25,10936,F,1,0.0,276.0,African-American,0.0,23.0,6
0,Low,2.0,1,1.0,Male,25 - 45,9500,F,0,0.0,384.0,Caucasian,2.0,32.0,2
0,High,7.0,0,0.0,FEMALE,25 - 45,228,F,1,0.0,396.0,African-American,7.0,33.0,9
0,Low,0.0,0,0.0,Male,25 - 45,628,M,1,0.0,300.0,Caucasian,0.0,25.0,2
0,Medium,4.0,0,0.0,Male,25 - 45,8061,F,0,0.0,300.0,Caucasian,4.0,25.0,6
0,Low,0.0,0,0.0,Male,Less than 25,9809,F,1,0.0,252.0,Hispanic,0.0,21.0,3
0,Low,,0,0.0,Male,Greater than 45,10814,F,1,0.0,648.0,African-American,,54.0,4
1,Low,0.0,0,1.0,Female,25 - 45,10338,F,1,0.0,408.0,Caucasian,0.0,34.0,2
0,Low,0.0,0,0.0,Male,25 - 45,10185,M,0,0.0,336.0,African-American,0.0,28.0,2
0,Low,0.0,0,0.0,Male,Less than 25,10446,F,0,0.0,276.0,African-American,0.0,23.0,4
0,High,20.0,1,1.0,Male,25 - 45,9208,F,1,0.0,408.0,African-American,20.0,34.0,9
0,High,5.0,0,0.0,MALE,25 - 45,10129,f,1,0.0,300.0,African-American,5.0,25.0,8
0,Low,6.0,0,0.0,Male,Greater than 45,4315,M,1,0.0,588.0,African-American,6.0,49.0,4
0,Low,6.0,0,0.0,Male,25 - 45,8231,F,0,0.0,336.0,African-American,6.0,28.0,1
0,Low,1.0,0,0.0,Female,25 - 45,7186,F,0,0.0,468.0,Caucasian,1.0,39.0,4
0,High,17.0,0,0.0,Male,25 - 45,1759,M,1,0.0,492.0,Caucasian,17.0,41.0,9
0,Low,1.0,0,0.0,MALE,25 - 45,5133,M,1,0.0,408.0,African-American,1.0,34.0,1
0,Medium,0.0,0,0.0,Female,Less than 25,9787,,1,0.0,252.0,African-American,0.0,21.0,5
0,Medium,2.0,0,0.0,Male,25 - 45,7317,F,0,0.0,324.0,African-American,2.0,27.0,7
0,Low,7.0,0,0.0,Male,25 - 45,2864,F,1,0.0,,African-American,7.0,,4
0,Low,3.0,0,0.0,Male,Greater than 45,8183,f,1,0.0,636.0,Caucasian,3.0,53.0,1
0,High,7.0,1,1.0,Male,25 - 45,6690,F,1,0.0,300.0,African-American,7.0,25.0,10
0,High,1.0,0,0.0,Male,Less than 25,2246,,0,0.0,252.0,African-American,1.0,21.0,8
0,Low,0.0,0,0.0,FEMALE,25 - 45,2718,F,1,0.0,420.0,African-American,0.0,35.0,3
0,High,1.0,0,0.0,Male,Less than 25,5354,M,1,0.0,288.0,African-American,1.0,24.0,9
0,Low,1.0,0,0.0,Male,Less than 25,5895,F,0,0.0,288.0,Caucasian,1.0,24.0,4
0,Low,0.0,0,0.0,Male,Less than 25,502,F,0,0.0,288.0,african-american,0.0,24.0,3
0,High,12.0,0,0.0,Female,25 - 45,8438,F,1,0.0,408.0,Caucasian,12.0,34.0,10
0,Low,2.0,0,0.0,Female,Greater than 45,10786,M,0,0.0,588.0,Caucasian,2.0,49.0,3
0,Low,1.0,0,1.0,Male,Less than 25,3343,F,1,1.0,240.0,African-American,1.0,20.0,3
0,Medium,0.0,0,0.0,Male,25 - 45,4722,M,0,0.0,312.0,Caucasian,0.0,26.0,5
0,Low,0.0,0,0.0,Male,Less than 25,2842,F,1,0.0,264.0,African-American,0.0,22.0,3
0,Medium,0.0,0,0.0,Male,25 - 45,83,M,0,0.0,360.0,Hispanic,0.0,30.0,7
0,low,6.0,0,0.0,Female,25 - 45,7007,F,0,0.0,408.0,African-American,6.0,34.0,3
0,Low,1.0,0,0.0,Male,25 - 45,1483,M,0,0.0,420.0,African-American,1.0,35.0,1
0,Low,6.0,0,0.0,Male,25 - 45,4793,M,1,0.0,,Caucasian,6.0,,3
0,Medium,5.0,0,0.0,Male,25 - 45,2716,F,1,0.0,384.0,Caucasian,5.0,32.0,5
0,Medium,0.0,0,0.0,Male,25 - 45,890,M,1,0.0,360.0,Other,0.0,30.0,6
0,Low,3.0,0,0.0,Male,Greater than 45,10212,F,0,0.0,804.0,African-American,3.0,67.0,2
0,Low,1.0,0,0.0,Male,25 - 45,2720,M,0,0.0,492.0,Hispanic,1.0,41.0,1
0,high,2.0,0,0.0,Male,Greater than 45,3137,M,0,0.0,576.0,Caucasian,2.0,48.0,8
0,Low,4.0,0,0.0,Male,25 - 45,6703,F,0,0.0,360.0,African-American,4.0,30.0,2
0,Low,2.0,0,0.0,Female,25 - 45,5652,F,1,0.0,516.0,African-American,2.0,43.0,2
0,Low,5.0,0,0.0,Male,25 - 45,4135,F,1,0.0,324.0,African-American,5.0,27.0,3
0,High,-,0,0.0,Male,Less than 25,10235,F,0,0.0,264.0,African-American,-,22.0,9
0,Low,,0,0.0,?,Greater than 45,8078,M,0,0.0,696.0,Caucasian,,58.0,1
0,High,38.0,0,0.0,Male,Greater than 45,10407,F,1,0.0,540.0,African-American,38.0,45.0,8
0,High,2.0,0,1.0,Male,25 - 45,5443,F,0,1.0,300.0,African-American,2.0,25.0,9
0,Low,2.0,0,0.0,Female,25 - 45,5739,f,1,0.0,420.0,African-American,2.0,35.0,2
0,Low,0.0,0,0.0,Male,25 - 45,7669,M,0,0.0,516.0,african-american,0.0,43.0,1
0,Medium,0.0,0,0.0,Male,25 - 45,6646,M,1,0.0,336.0,African-American,0.0,28.0,7
0,Medium,0.0,0,0.0,Male,25 - 45,7704,F,0,,348.0,African-American,0.0,29.0,7
0,Low,0.0,0,0.0,Female,Greater than 45,6501,F,0,0.0,888.0,African-American,0.0,74.0,1
0,Low,0.0,0,0.0,Male,Greater than 45,8653,F,0,0.0,708.0,Hispanic,0.0,59.0,1
0,Low,3.0,0,0.0,Male,25 - 45,10883,F,1,,360.0,African-American,3.0,30.0,4
0,Medium,0.0,0,0.0,Male,25 - 45,5660,F,0,0.0,444.0,Caucasian,0.0,37.0,5
0,Low,2.0,0,0.0,Female,Greater than 45,7800,F,0,0.0,672.0,AFRICAN-AMERICAN,2.0,56.0,2
0,Low,1.0,0,0.0,FEMALE,25 - 45,10071,M,0,0.0,432.0,Hispanic,1.0,36.0,3
0,Low,3.0,0,0.0,Female,Greater than 45,2837,M,0,0.0,696.0,African-American,3.0,58.0,1
0,Low,-,0,0.0,Male,25 - 45,10315,F,1,,528.0,African-American,-,44.0,1
0,Low,0.0,0,0.0,Female,25 - 45,6458,M,0,0.0,432.0,Hispanic,0.0,36.0,2
0,Low,N/A,0,0.0,Male,Less than 25,6748,,0,0.0,276.0,Other,N/A,23.0,3
0,Low,0.0,0,0.0,Male,25 - 45,8040,F,0,0.0,300.0,African-American,0.0,25.0,3
0,High,2.0,0,0.0,Male,25 - 45,6027,F,1,0.0,396.0,African-American,2.0,33.0,9
0,Low,11.0,0,0.0,MALE,Greater than 45,6071,F,0,0.0,540.0,African-American,11.0,45.0,3
0,High,12.0,1,1.0,Male,25 - 45,2722,Felony,0,0.0,420.0,Hispanic,12.0,35.0,9
0,Low,0.0,0,0.0,Male,25 - 45,6436,M,0,0.0,372.0,Hispanic,0.0,31.0,1
0,Medium,1.0,0,0.0,Male,Less than 25,10720,M,1,0.0,264.0,African-American,1.0,22.0,6
0,low,2.0,0,0.0,Male,25 - 45,3113,F,1,0.0,408.0,Hispanic,2.0,34.0,3
0,low,0.0,0,0.0,Male,25 - 45,2281,M,1,0.0,312.0,hispanic,0.0,26.0,1
0,Medium,2.0,0,0.0,Male,Less than 25,5264,M,0,0.0,276.0,Other,2.0,23.0,7
0,Low,0.0,0,0.0,Male,Less than 25,6447,F,0,0.0,276.0,-,0.0,23.0,4
0,Low,5.0,0,0.0,Male,25 - 45,1079,F,1,0.0,444.0,-,5.0,37.0,1
0,Medium,38.0,0,0.0,Male,Greater than 45,3144,F,1,0.0,696.0,African-American,38.0,58.0,7
0,Medium,,0,0.0,Male,Greater than 45,4802,F,0,0.0,672.0,Caucasian,,56.0,5
0,Low,1.0,0,0.0,Male,Less than 25,4552,F,0,0.0,276.0,African-American,1.0,23.0,2
0,Low,0.0,0,0.0,Male,Less than 25,5333,F,0,0.0,288.0, African-American,0.0,24.0,3
0,Low,0.0,0,0.0,Male,25 - 45,654,F,0,0.0,396.0,Caucasian,0.0,33.0,1
1,High,4.0,1,3.0,Male,Less than 25,7338,Felony,1,1.0,240.0,African-American,4.0,20.0,10
0,Low,1.0,0,0.0,Male,25 - 45,7499,M,0,0.0,528.0,Caucasian,1.0,44.0,1
0,Medium,4.0,0,0.0,Male,25 - 45,7369,F,1,0.0,408.0,African-American,4.0,34.0,6
0,Low,1.0,0,1.0,Male,Less than 25,9111,F,1,1.0,240.0,African-American,1.0,20.0,4
0,Low,0.0,0,0.0,Female,25 - 45,8859,F,1,0.0,348.0,African-American,0.0,29.0,4
0,Low,8.0,0,0.0,Male,Less than 25,9058,,1,0.0,288.0,Caucasian,8.0,24.0,4
0,Low,,0,0.0,Male,Greater than 45,5290,M,0,0.0,804.0,Caucasian,,67.0,1
0,High,9.0,0,0.0,Male,25 - 45,4897,F,1,0.0,336.0,Caucasian,9.0,28.0,8
0,Low,1.0,0,0.0,Male,25 - 45,7953,Felony,0,0.0,444.0,Hispanic,1.0,37.0,3
0,Medium,3.0,0,0.0,Male,Less than 25,2907,F,1,0.0,264.0,African-American,3.0,22.0,6
0,Low,1.0,0,0.0,Female,Less than 25,297,M,0,0.0,276.0,African-American,1.0,23.0,4
0,Low,0.0,0,0.0,Female,Greater than 45,1591,M,0,0.0,636.0,Caucasian,0.0,53.0,1
0,Low,1.0,0,0.0,Male,Less than 25,5689,F,0,0.0,264.0,Caucasian,1.0,22.0,4
0,Low,0.0,0,0.0,Female,25 - 45,3293,F,0,0.0,324.0,Caucasian,0.0,27.0,3
0,Medium,11.0,0,0.0,Male,25 - 45,10558,F,1,0.0,432.0,African-American,11.0,36.0,6
0,High,13.0,0,0.0,Male,25 - 45,688,M,1,0.0,324.0,African-American,13.0,27.0,8
2,Low,3.0,0,2.0,Male,Less than 25,4069,F,1,0.0,288.0,Caucasian,3.0,24.0,4
0,Low,,0,0.0,Female,Greater than 45,7705,F,0,0.0,660.0,Caucasian,,55.0,1
0,High,5.0,0,0.0,Male,Greater than 45,6803,F,1,0.0,672.0,African-American,5.0,56.0,2
0,Low,1.0,0,0.0,Female,25 - 45,3370,F,1,0.0,348.0,Hispanic,1.0,29.0,2
0,Low,1.0,0,0.0, Male,25 - 45,4425,M,0,0.0,456.0,Other,1.0,38.0,1
0,Low,0.0,0,0.0,Male,25 - 45,3979,M,0,0.0,504.0,Caucasian,0.0,42.0,3
0,High,23.0,1,1.0,Male,25 - 45,2514,F,1,0.0,420.0,African-American,23.0,35.0,9
0,High,3.0,0,0.0,Male,Less than 25,7710,F,1,0.0,288.0,Caucasian,3.0,24.0,8
0,Medium,2.0,0,0.0,Male,25 - 45,9129,F,0,0.0,312.0,AFRICAN-AMERICAN,2.0,26.0,23
1,High,3.0,0,1.0,Male,Less than 25,5265,,1,0.0,,African-American,3.0,,8
0,High,2.0,0,0.0,Female,Less than 25,5402,F,1,0.0,276.0,african-american,2.0,23.0,10
0,Medium,2.0,0,0.0,Male,25 - 45,1018,M,0,0.0,372.0,African-American,2.0,31.0,7
0,Low,0.0,0,0.0,Male,25 - 45,5004,f,1,0.0,384.0,African-American,0.0,32.0,2
0,Low,,0,0.0,Female,Greater than 45,148,M,0,0.0,648.0, Caucasian,,54.0,1
0,High,,0,0.0,Male,Greater than 45,5711,F,1,0.0,624.0,Caucasian,,52.0,9
0,Low,6.0,0,0.0, Male,25 - 45,4671,F,1,0.0,348.0,Other,6.0,29.0,4
0,Low,0.0,0,0.0,Male,25 - 45,1968,F,0,0.0,360.0,Other,0.0,30.0,2
0,Medium,6.0,0,0.0,Male,25 - 45,10134,Misdemeanor,1,0.0,300.0,Hispanic,6.0,25.0,7
0,Low,0.0,0,0.0,Female,25 - 45,3376,F,0,0.0,480.0,Other,0.0,40.0,1
0,Low,0.0,0,0.0,Female,25 - 45,968,F,1,0.0,420.0,Caucasian,0.0,35.0,3
2,Medium,2.0,0,2.0,Female,25 - 45,5017,F,1,0.0,372.0,Caucasian,2.0,31.0,5
0,High,13.0,0,0.0,Male,25 - 45,7450,M,1,0.0,384.0,African-American,13.0,32.0,9
0,Medium,3.0,0,0.0,Male,Greater than 45,10878,M,1,0.0,564.0,Hispanic,3.0,47.0,6
0,Low,4.0,0,0.0,Male,25 - 45,6202,M,1,0.0,444.0,Hispanic,4.0,37.0,1
0,Low,9.0,0,0.0,male,Greater than 45,8263,F,0,0.0,,african-american,9.0,,2
0,Low,,0,0.0,Male,Greater than 45,8237,F,0,0.0,612.0,hispanic,,51.0,3
0,Low,10.0,0,0.0,male,25 - 45,2101,F,1,0.0,372.0,Caucasian,10.0,31.0,2
1,Low,3.0,1,2.0,Male,25 - 45,3820,M,0,0.0,360.0,Other,3.0,30.0,1
0,medium,19.0,0,0.0,Male,25 - 45,8126,F,1,0.0,408.0,African-American,19.0,34.0,7
0,High,28.0,0,0.0, Male,Greater than 45,10699,F,1,0.0,684.0,African-American,28.0,57.0,10
0,High,7.0,0,0.0,Male,25 - 45,5388,F,1,0.0,444.0,Caucasian,7.0,37.0,8
1,High,0.0,0,1.0,Male,Less than 25,4592,M,1,0.0,252.0,African-American,0.0,21.0,10
0,Low,,0,0.0,Male,Greater than 45,2222,M,0,0.0,828.0,African-American,,69.0,1
0,High,0.0,0,0.0,Male,Less than 25,969,F,0,0.0,264.0,Other,0.0,22.0,9
0,Low,2.0,0,0.0,Female,25 - 45,9557,M,0,0.0,300.0,African-American,2.0,25.0,4
0,Low,N/A,0,0.0,Male,Greater than 45,4418,Felony,0,0.0,576.0,Caucasian,N/A,48.0,4
0,High,3.0,0,0.0,Male,25 - 45,3468,F,1,0.0,,African-American,3.0,,10
0,Low,0.0,0,0.0,Male,25 - 45,2149,F,1,0.0,396.0,African-American,0.0,33.0,1
0,Low,0.0,0,0.0,Male,25 - 45,1657,F,0,0.0,384.0,African-American,0.0,32.0,1
0,Low,0.0,0,0.0,Male,Less than 25,815,,1,0.0,252.0,Caucasian,0.0,21.0,3
0,Low,3.0,0,0.0,Male,25 - 45,8456,M,0,0.0,444.0,African-American,3.0,37.0,3
1,Low,0.0,0,1.0,MALE,Less than 25,2504,M,1,0.0,264.0,CAUCASIAN,0.0,22.0,2
0,Medium,0.0,0,0.0,Male,Less than 25,3773,M,0,0.0,276.0,Hispanic,0.0,23.0,7
0,Low,4.0,0,0.0,Female,25 - 45,1335,M,0,0.0,,Caucasian,4.0,,4
0,Medium,3.0,0,0.0,Male,25 - 45,8266,F,0,0.0,312.0,African-American,3.0,26.0,7
0,Medium,4.0,0,0.0,Male,25 - 45,3176,F,0,0.0,492.0,African-American,4.0,41.0,5
0,Medium,250,0,0.0,Male,Less than 25,10690,,0,0.0,288.0,African American,250,24.0,6
1,Medium,1.0,0,1.0,Male,Less than 25,6011,,0,0.0,264.0,Caucasian,1.0,22.0,7
0,Medium,1.0,0,0.0,Male,Less than 25,2509,F,1,0.0,252.0,African-American,1.0,21.0,5
0,Low,0.0,0,0.0,Female,Greater than 45,3679,M,1,0.0,564.0,Caucasian,0.0,47.0,3
0,Medium,8.0,0,0.0,MALE,Greater than 45,7370,M,0,0.0,684.0,African-American,8.0,57.0,7
0,low,0.0,0,0.0,Female,Greater than 45,10281,M,0,0.0,756.0,Caucasian,0.0,63.0,1
0,Low,0.0,0,0.0,Male,Greater than 45,9501,M,0,,,Hispanic,0.0,,1
0,Low,5.0,0,0.0,Male,25 - 45,9380,F,0,0.0,456.0,Caucasian,5.0,38.0,4
0,Medium,13.0,0,0.0,Male,Greater than 45,25,F,1,0.0,,African-American,13.0,,6
0,Medium,3.0,0,0.0,Male,25 - 45,692,F,1,0.0,348.0,African-American,3.0,29.0,5
0,Medium,3.0,0,0.0,Male,25 - 45,5821,M,0,0.0,372.0,Caucasian,3.0,31.0,5
0,High,1.0,0,0.0,Male,Less than 25,4384,F,1,0.0,252.0,African-American,1.0,21.0,9
0,HIGH,5.0,0,0.0,MALE,Greater than 45,2982,F,1,0.0,,African-American,5.0,,9
0,Low,0.0,0,0.0, Male,25 - 45,5121,M,0,0.0,300.0,African-American,0.0,25.0,2
0,Low,0.0,0,0.0,Female,25 - 45,10513,F,0,0.0,504.0,Caucasian,0.0,42.0,1
0,Medium,7.0,0,0.0,Male,25 - 45,1445,F,1,0.0,396.0,African-American,7.0,33.0,7
0,Low,6.0,0,0.0,Male,25 - 45,10637,M,1,0.0,516.0,Caucasian,6.0,43.0,2
0,Medium,1.0,0,0.0,Female,Less than 25,5223,F,1,0.0,276.0,African-American,1.0,23.0,5
0,Medium,1.0,0,0.0,Female,Greater than 45,2977,M,0,0.0,612.0,African-American,1.0,51.0,7
0,Low,6.0,0,0.0,Male,Greater than 45,2724,F,1,0.0,828.0,Caucasian,6.0,69.0,2
0,low,0.0,0,0.0,male,Less than 25,7969,F,0,0.0,264.0,Hispanic,0.0,22.0,3
0,Low,3.0,0,0.0,Female,25 - 45,6645,F,0,0.0,444.0,African-American,3.0,37.0,1
1,Medium,5.0,0,1.0,Male,25 - 45,39,F,1,0.0,312.0,African-American,5.0,26.0,7
0,Low,0.0,0,0.0,Male,25 - 45,9376,F,0,0.0,348.0,Other,0.0,29.0,2
0,Low,0.0,0,0.0,Male,Less than 25,1939,F,1,0.0,252.0,Caucasian,0.0,21.0,2
0,High,28.0,0,0.0,Male,Greater than 45,708,F,1,0.0,648.0,African-American,28.0,54.0,9
0,Low,0.0,0,0.0,Female,25 - 45,9183,M,0,0.0,360.0,Caucasian,0.0,30.0,2
0,Low,6.0,0,0.0,FEMALE,Greater than 45,6087,F,0,0.0,660.0,Caucasian,6.0,55.0,4
0,Medium,26.0,0,0.0,Male,Greater than 45,7611,F,1,0.0,552.0,Caucasian,26.0,46.0,7
0,Low,1.0,0,0.0,Male,25 - 45,1462,m,0,0.0,360.0,Hispanic,1.0,30.0,1
0,Low,2.0,0,0.0,Male,25 - 45,9951,F,0,0.0,312.0,CAUCASIAN,2.0,26.0,2
1,Low,0.0,0,1.0,Male,Less than 25,10068,F,0,0.0,264.0,Caucasian,0.0,22.0,4
0,Low,3.0,0,0.0,Female,Greater than 45,8805,Felony,0,0.0,624.0,African-American,3.0,52.0,1
0,Low,0.0,0,0.0,Male,Greater than 45,1869,M,0,0.0,564.0,Caucasian,0.0,47.0,1
0,Medium,2.0,0,0.0,Female,Less than 25,7869,F,1,0.0,276.0,African-American,2.0,23.0,5
0,Low,0.0,0,0.0,Male,Greater than 45,1430,m,0,0.0,564.0,Hispanic,0.0,47.0,4
0,Low,0.0,0,0.0,Male,Greater than 45,3630,F,0,0.0,600.0,Caucasian,0.0,50.0,1
0,High,5.0,0,0.0,Female,25 - 45,6119,Misdemeanor,0,0.0,300.0,African-American,5.0,25.0,10
0,Low,3.0,0,0.0,Male,25 - 45,4408,F,0,0.0,504.0,African-American,3.0,42.0,1
0,medium,0.0,0,0.0,Male,25 - 45,8893,M,0,,,African-American,0.0,,6
0,Low,0.0,0,0.0,Male,25 - 45,202,M,1,0.0,336.0,Caucasian,0.0,28.0,2
0,HIGH,13.0,0,0.0,Male,25 - 45,2544,F,1,0.0,528.0,CAUCASIAN,13.0,44.0,9
0,Low,1.0,0,0.0,Male,Greater than 45,10426,F,0,0.0,564.0,Caucasian,1.0,47.0,1
0,Medium,3.0,0,0.0,Male,Greater than 45,416,F,1,0.0,624.0,African-American,3.0,52.0,6
0,Low,2.0,0,0.0,Female,25 - 45,5782,F,1,0.0,396.0,Hispanic,2.0,33.0,4
0,Low,2.0,0,0.0,Female,25 - 45,195,Felony,0,0.0,300.0,?,2.0,25.0,4
0,High,-,0,0.0,Female,Less than 25,1672,F,0,0.0,240.0,African-American,-,20.0,8
0,Low,0.0,0,0.0,Male,Greater than 45,4778,F,1,0.0,804.0,Caucasian,0.0,67.0,1
0,Low,2.0,0,0.0,Male,Greater than 45,1917,F,0,0.0,696.0,Caucasian,2.0,58.0,3
0,Medium,3.0,1,1.0,Male,Less than 25,494,F,0,0.0,252.0,Hispanic,3.0,21.0,5
0,Low,0.0,0,0.0,Male,25 - 45,1626,F,1,0.0,312.0,African-American,0.0,26.0,3
0,Low,0.0,0,0.0,Male,25 - 45,9257,F,0,0.0,336.0,African-American,0.0,28.0,2
0,Low,1.0,0,0.0,Female,Less than 25,1627,,0,0.0,288.0,African-American,1.0,24.0,3
0,Medium,3.0,0,0.0,Male,25 - 45,3154,F,0,0.0,396.0,Other,3.0,33.0,7
0,Low,3.0,0,0.0,Female,25 - 45,38,F,0,0.0,432.0,caucasian,3.0,36.0,3
0,High,15.0,0,0.0,Female,Greater than 45,3259,Felony,1,0.0,540.0,Native American,15.0,45.0,10
2,Low,10.0,0,2.0,Female,25 - 45,4639,Felony,1,0.0,468.0,Hispanic,10.0,39.0,4
0,MEDIUM,0.0,0,0.0,Male,Less than 25,10483,,0,0.0,252.0,African-American,0.0,21.0,5
0,Medium,0.0,0,0.0,Male,Less than 25,10757,,1,0.0,288.0,African-American,0.0,24.0,6
0,Medium,2.0,0,0.0,Female,25 - 45,8283,F,1,0.0,312.0,Caucasian,2.0,26.0,6
0,High,8.0,0,0.0,Female,25 - 45,2166,F,1,0.0,360.0,African-American,8.0,30.0,8
2,Low,N/A,0,2.0,Male,Less than 25,2129,F,0,0.0,240.0,African-American,N/A,20.0,4
0,Low,,0,0.0,Male,Greater than 45,10258,F,1,0.0,648.0,Caucasian,,54.0,3
0,High,2.0,0,0.0,Male,Less than 25,6391,,1,0.0,288.0,African-American,2.0,24.0,8
0,High,4.0,0,0.0,Male,25 - 45,96,F,1,0.0,348.0,African-American,4.0,29.0,9
0,Low,1.0,0,0.0,n/a,25 - 45,8050,F,0,,372.0,Caucasian,1.0,31.0,2
0,Low,0.0,0,0.0,Male,25 - 45,7963,M,0,0.0,396.0,Hispanic,0.0,33.0,1
0,Low,8.0,0,0.0,Male,Greater than 45,8021,F,0,0.0,588.0,Caucasian,8.0,49.0,2
0,Low,1.0,0,0.0,Male,25 - 45,7503,F,0,0.0,300.0,African-American,1.0,25.0,2
0,Low,6.0,0,0.0,Male,Greater than 45,2602,F,0,0.0,564.0,African American,6.0,47.0,2
0,Low,0.0,0,0.0,Female,25 - 45,7972,F,0,0.0,396.0,Caucasian,0.0,33.0,1
0,Low,1.0,0,0.0,Male,25 - 45,2846,F,1,0.0,456.0,Caucasian,1.0,38.0,1
0,High,,0,0.0, Male,Greater than 45,4808,F,1,0.0,684.0,African-American,,57.0,8
0,Medium,2.0,0,0.0,Male,Less than 25,5232,F,1,0.0,288.0,Caucasian,2.0,24.0,7
0,LOW,1.0,0,0.0,Male,Greater than 45,7164,F,0,0.0,696.0, Caucasian,1.0,58.0,1
0,High,1.0,0,0.0,Male,25 - 45,2817,F,0,0.0,324.0,Caucasian,1.0,27.0,9
0,Low,1.0,0,0.0,Male,Less than 25,8768,F,0,0.0,252.0,African-American,1.0,21.0,3
2,Medium,8.0,1,3.0,Male,Less than 25,156,,1,0.0,,Caucasian,8.0,,6
0,Low,1.0,0,0.0,Male,25 - 45,1268,F,1,0.0,336.0,African-American,1.0,28.0,4
0,Low,0.0,0,0.0,Male,Greater than 45,327,M,0,0.0,612.0,Caucasian,0.0,51.0,2
0,Low,1.0,0,0.0,Male,25 - 45,10078,F,1,0.0,324.0,Hispanic,1.0,27.0,4
0,High,8.0,2,2.0,Male,25 - 45,4101,M,1,0.0,372.0,African-American,8.0,31.0,10
0,Low,4.0,0,0.0,Male,25 - 45,10072,F,1,0.0,492.0,Caucasian,4.0,41.0,3
0,Low,7.0,0,0.0,Male,Greater than 45,50,F,1,0.0,588.0,Other,7.0,49.0,3
0,Low,1.0,0,0.0,Female,Greater than 45,6189,F,0,0.0,552.0,Caucasian,1.0,46.0,2
0,Low,0.0,0,0.0,Male,Greater than 45,8236,M,0,0.0,612.0,Hispanic,0.0,51.0,1
0,Low,7.0,0,0.0,Female,25 - 45,3347,F,1,0.0,432.0,AFRICAN-AMERICAN,7.0,36.0,3
0,Medium,0.0,0,0.0,Male,25 - 45,4001,F,1,0.0,504.0,African-American,0.0,42.0,5
0,Medium,5.0,0,0.0,Male,25 - 45,6344,M,0,0.0,336.0,Caucasian,5.0,28.0,7
0,Low,0.0,0,0.0,Male,Greater than 45,4371,M,0,0.0,684.0,Caucasian,0.0,57.0,1
0,Low,0.0,0,0.0,Male,25 - 45,5448,F,0,0.0,336.0,Caucasian,0.0,28.0,2
0,High,19.0,1,1.0,Male,25 - 45,10985,F,1,0.0,360.0,African-American,19.0,30.0,10
0,Medium,8.0,0,0.0,Male,25 - 45,363,Misdemeanor,1,0.0,528.0,Caucasian,8.0,44.0,5
0,medium,0.0,0,0.0,Male,Less than 25,2556,F,0,0.0,276.0,African-American,0.0,23.0,7
0,Medium,11.0,0,0.0,Male,25 - 45,2020,M,0,0.0,336.0,Hispanic,11.0,28.0,7
0,Low,0.0,0,0.0,Male,25 - 45,1999,M,0,0.0,528.0,African-American,0.0,44.0,1
0,Low,0.0,0,0.0,Male,Less than 25,1122,F,0,0.0,288.0,African-American,0.0,24.0,3
0,Low,0.0,0,0.0,Male,Greater than 45,3836,F,0,0.0,576.0,Caucasian,0.0,48.0,3
0,Low,-,0,0.0,Male,25 - 45,1974,F,0,0.0,360.0,African-American,-,30.0,1
0,High,6.0,0,0.0,Male,25 - 45,7700,f,1,0.0,336.0,African-American,6.0,28.0,10
0,High,5.0,0,0.0,Male,Less than 25,1403,F,1,0.0,276.0,African-American,5.0,23.0,10
0,Low,2.0,0,0.0,Male,25 - 45,4704,F,1,0.0,528.0,Caucasian,2.0,44.0,3
0,Low,0.0,0,0.0,Male,Less than 25,278,M,1,0.0,276.0,African-American,0.0,23.0,2
0,Medium,11.0,0,0.0,Male,Less than 25,10736,F,1,0.0,288.0,?,11.0,24.0,6
0,LOW,0.0,0,0.0,Male,25 - 45,3639,M,0,0.0,348.0,African-American,0.0,29.0,2
0,Low,1.0,0,0.0,Male,25 - 45,9414,m,1,0.0,492.0,Caucasian,1.0,41.0,2
0,High,0.0,0,0.0,Male,Less than 25,5278,F,1,0.0,252.0,Caucasian,0.0,21.0,8
0,Low,0.0,0,0.0,Male,25 - 45,1834,F,0,0.0,372.0,Caucasian,0.0,31.0,4
0,Low,1.0,0,0.0,Male,25 - 45,5128,M,0,0.0,468.0,Hispanic,1.0,39.0,2
0,Low,0.0,0,0.0,Male,Greater than 45,1768,F,0,0.0,672.0,African-American,0.0,56.0,1
0,Low,1.0,0,0.0,Male,Less than 25,10348,M,0,0.0,288.0,African-American,1.0,24.0,2
0,Low,0.0,0,0.0,Male,Greater than 45,4645,M,0,0.0,828.0,Other,0.0,69.0,1
0,medium,2.0,0,0.0,Male,25 - 45,7432,F,0,0.0,312.0,?,2.0,26.0,5
0,Low,1.0,0,0.0,Male,25 - 45,9010,F,0,0.0,468.0,African-American,1.0,39.0,1
0,Medium,4.0,0,0.0,Male,Greater than 45,3716,f,0,0.0,636.0,African-American,4.0,53.0,7
0,High,4.0,0,0.0,Male,25 - 45,9814,F,1,0.0,420.0,African-American,4.0,35.0,8
0,Low,4.0,0,0.0,Male,25 - 45,5585,F,0,0.0,516.0,African-American,4.0,43.0,1
0,Medium,0.0,0,0.0,Female,Greater than 45,7809,F,1,0.0,660.0,Caucasian,0.0,55.0,7
0,Low,0.0,0,0.0,Male,Greater than 45,7706,M,0,0.0,816.0,Hispanic,0.0,68.0,1
0,Low,0.0,0,0.0,Male,25 - 45,1171,F,0,0.0,336.0,Hispanic,0.0,28.0,2
0,Low,0.0,0,0.0,Male,25 - 45,1206,F,0,0.0,360.0,Other,0.0,30.0,1
0,Low,0.0,0,0.0,Male,Greater than 45,10486,M,0,0.0,648.0,Caucasian,0.0,54.0,1
0,Low,0.0,0,0.0,Male,25 - 45,2639,M,0,0.0,372.0,African-American,0.0,31.0,2
0,Low,3.0,0,0.0,Female,25 - 45,9178,M,1,0.0,396.0,African-American,3.0,33.0,4
0,Low,3.0,0,0.0,Male,Greater than 45,8348,M,0,0.0,684.0,caucasian,3.0,57.0,1
0,Low,3.0,0,0.0,Male,25 - 45,7482,m,1,0.0,312.0,AFRICAN-AMERICAN,3.0,26.0,4
0,low,0.0,0,0.0,Male,25 - 45,9127,M,0,,468.0,Other,0.0,39.0,1
0,Medium,5.0,0,0.0,Female,25 - 45,5193,F,1,0.0,432.0,African-American,5.0,36.0,6
0,Low,0.0,0,0.0,Male,25 - 45,2441,F,0,0.0,300.0,Other,0.0,25.0,2
0,Medium,21.0,0,0.0,Male,25 - 45,5727,F,0,0.0,480.0,African-American,21.0,40.0,5
0,Low,0.0,0,0.0,Male,Greater than 45,2615,F,0,0.0,684.0,African-American,0.0,57.0,1
0,Low,1.0,0,0.0,Female,25 - 45,2099,F,0,0.0,396.0,African-American,1.0,33.0,2
0,Medium,0.0,0,0.0,Male,Less than 25,8163,M,1,0.0,288.0,African-American,0.0,24.0,5
0,Low,1.0,0,0.0,Male,25 - 45,6203,M,0,0.0,312.0,African-American,1.0,26.0,3
0,Low,3.0,0,0.0,Male,25 - 45,10925,M,1,0.0,312.0,Caucasian,3.0,26.0,2
0,Medium,,0,0.0,Male,Greater than 45,1623,F,0,0.0,684.0,African-American,,57.0,7
0,Low,5.0,0,0.0,Male,25 - 45,5564,F,1,0.0,420.0,African-American,5.0,35.0,4
0,Medium,3.0,0,0.0,Female,25 - 45,2742,F,1,0.0,324.0,Caucasian,3.0,27.0,7
0,Medium,7.0,0,0.0,Male,25 - 45,3419,F,1,0.0,324.0,African-American,7.0,27.0,5
0,High,8.0,1,1.0,Male,25 - 45,10323,M,1,,372.0,Hispanic,8.0,31.0,9
1,high,3.0,1,4.0,Male,Less than 25,5263,Felony,1,2.0,228.0,African-American,3.0,19.0,10
0,High,2.0,0,0.0,Female,25 - 45,9378,F,1,0.0,300.0,Caucasian,2.0,25.0,9
0,Low,3.0,0,0.0,Male,25 - 45,2389,M,0,0.0,408.0,African-American,3.0,34.0,1
0,Medium,7.0,0,0.0,Female,25 - 45,2503,Felony,1,0.0,372.0,African-American,7.0,31.0,5
0,High,16.0,0,0.0,Male,25 - 45,9483,F,1,0.0,444.0,African-American,16.0,37.0,8
0,Low,1.0,0,0.0,Male,Greater than 45,6259,m,0,0.0,540.0,Caucasian,1.0,45.0,1
0,MEDIUM,26.0,0,0.0, Male,Greater than 45,6082,F,1,0.0,636.0,African-American,26.0,53.0,5
0,Low,-,0,0.0,Male,Greater than 45,3387,M,1,0.0,624.0,African-American,-,52.0,1
0,High,17.0,0,0.0,Male,Less than 25,3362,F,1,0.0,288.0,African American,17.0,24.0,9
0,Medium,3.0,0,0.0,Male,25 - 45,3043,F,0,0.0,408.0,African-American,3.0,34.0,7
0,High,,0,0.0,Male,Greater than 45,160,F,1,0.0,708.0,African-American,,59.0,9
0,Low,1.0,0,0.0,Male,25 - 45,4970,Felony,0,0.0,384.0,AFRICAN-AMERICAN,1.0,32.0,2
0,Medium,3.0,0,0.0,Female,25 - 45,3280,F,1,0.0,324.0,African-American,3.0,27.0,5
0,Low,1.0,0,0.0,Male,25 - 45,6551,M,0,0.0,480.0,Caucasian,1.0,40.0,4
0,Low,0.0,0,0.0,Female,25 - 45,6285,F,1,0.0,408.0,Caucasian,0.0,34.0,3
0,High,22.0,0,0.0,Female,25 - 45,6428,m,1,0.0,,Caucasian,22.0,,10
0,Low,0.0,0,0.0,male,25 - 45,9655,M,1,0.0,312.0,Caucasian,0.0,26.0,3
0,Medium,0.0,0,0.0,Male,Less than 25,8392,,1,0.0,240.0,Hispanic,0.0,20.0,6
0,Medium,3.0,0,0.0,Female,25 - 45,4367,M,1,0.0,420.0,African-American,3.0,35.0,6
0,Medium,15.0,0,0.0,Male,25 - 45,10794,F,1,0.0,348.0,African-American,15.0,29.0,6
2,Medium,0.0,0,2.0,Male,Less than 25,3181,,1,0.0,264.0,Caucasian,0.0,22.0,7
0,Low,5.0,0,0.0,Female,Greater than 45,1926,M,0,0.0,540.0,Caucasian,5.0,45.0,2
0,High,-,0,1.0,Male,Less than 25,8072,f,1,1.0,,African-American,-,,9
0,Low,1.0,0,0.0,male,25 - 45,5071,F,0,0.0,300.0,African-American,1.0,25.0,2
0,Low,0.0,0,0.0,Male,25 - 45,1735,M,0,0.0,444.0,Caucasian,0.0,37.0,1
0,Low,1.0,0,0.0,Male,25 - 45,6834,F,0,0.0,444.0,Hispanic,1.0,37.0,1
0,Low,7.0,0,0.0,Male,25 - 45,588,F,0,0.0,348.0,African-American,7.0,29.0,4
0,Medium,4.0,0,0.0,Female,25 - 45,6699,M,0,0.0,420.0,Caucasian,4.0,35.0,7
0,low,3.0,0,0.0,Female,25 - 45,11000,M,0,0.0,396.0,African-American,3.0,33.0,2
0,High,8.0,0,0.0,Male,25 - 45,1484,F,1,0.0,384.0,Caucasian,8.0,32.0,9
0,Medium,9.0,0,1.0,Male,25 - 45,5118,M,1,1.0,396.0,Native American,9.0,33.0,7
0,Low,1.0,0,0.0,Male,Less than 25,7093,F,0,0.0,264.0,African-American,1.0,22.0,3
0,Low,0.0,0,0.0,Female,25 - 45,7962,F,0,0.0,492.0,African-American,0.0,41.0,1
1,Medium,2.0,0,1.0,Male,Less than 25,132,M,1,0.0,276.0,African-American,2.0,23.0,7
0,Medium,1.0,0,0.0,Male,25 - 45,7487,F,0,0.0,432.0,Caucasian,1.0,36.0,5
0,Medium,12.0,0,0.0,Male,25 - 45,5651,F,0,0.0,456.0,Caucasian,12.0,38.0,5
0,Low,0.0,0,0.0,Male,25 - 45,2183,M,0,0.0,492.0,african-american,0.0,41.0,1
0,Low,0.0,0,0.0,Female,Greater than 45,1159,F,0,0.0,636.0,AFRICAN-AMERICAN,0.0,53.0,1
0,Low,0.0,0,0.0,Male,25 - 45,5052,F,0,0.0,528.0,Caucasian,0.0,44.0,4
0,Medium,,0,0.0,Male,Greater than 45,10666,F,1,0.0,552.0,African-American,,46.0,7
0,Medium,0.0,0,0.0,Male,25 - 45,2745,F,0,0.0,336.0,-,0.0,28.0,7
0,High,0.0,0,0.0,n/a,Less than 25,1830,M,1,0.0,240.0,African-American,0.0,20.0,10
0,Medium,,0,0.0,Male,Greater than 45,9818,F,1,0.0,588.0,Caucasian,,49.0,5
0,Medium,2.0,0,0.0,Male,Less than 25,4721,F,1,0.0,276.0,African-American,2.0,23.0,5
0,Low,17.0,0,0.0,Male,25 - 45,8964,M,1,0.0,456.0,African-American,17.0,38.0,4
1,Low,1.0,0,1.0,Male,25 - 45,6584,F,0,0.0,360.0,Caucasian,1.0,30.0,3
0,Low,4.0,0,0.0,Male,25 - 45,3485,F,1,0.0,336.0,African-American,4.0,28.0,2
0,Medium,4.0,0,0.0,male,25 - 45,10542,F,1,0.0,312.0,Caucasian,4.0,26.0,7
0,Low,0.0,0,0.0,Male,25 - 45,9767,M,0,,504.0,Caucasian,0.0,42.0,1
0,Low,,0,0.0,Male,Greater than 45,3055,F,0,0.0,732.0,African-American,,61.0,2
0,Low,3.0,0,0.0, Male,25 - 45,10319,F,1,0.0,516.0,African-American,3.0,43.0,1
1,High,1.0,0,1.0,Male,Less than 25,5389,F,0,0.0,252.0,African-American,1.0,21.0,8
0,High,4.0,0,0.0,Male,25 - 45,4274,F,1,0.0,300.0,African-American,4.0,25.0,8
0,Low,5.0,0,0.0,Male,Greater than 45,2984,M,0,0.0,612.0,African-American,5.0,51.0,3
0,High,29.0,0,0.0, Male,25 - 45,5996,F,1,0.0,348.0,African-American,29.0,29.0,8
0,Low,2.0,0,0.0,Male,25 - 45,10555,F,1,0.0,312.0,African-American,2.0,26.0,3
0,LOW,1.0,0,0.0,Male,Greater than 45,2541,F,0,0.0,540.0,Caucasian,1.0,45.0,2
0,Low,11.0,0,0.0,Male,Greater than 45,10448,M,1,0.0,576.0,African-American,11.0,48.0,4
0,Low,3.0,0,0.0,Male,25 - 45,9562,m,0,0.0,468.0,African-American,3.0,39.0,4
0,Low,1.0,0,0.0,Male,25 - 45,4262,F,1,0.0,300.0,African-American,1.0,25.0,4
0,Medium,16.0,0,0.0,FEMALE,25 - 45,8104,F,0,0.0,504.0,African-American,16.0,42.0,6
0,Medium,2.0,0,0.0,Male,25 - 45,5132,M,0,0.0,420.0,African-American,2.0,35.0,7
0,Medium,0.0,0,0.0,Female,Less than 25,7520,,0,0.0,276.0,Caucasian,0.0,23.0,6
0,Medium,0.0,0,0.0,Female,Less than 25,4292,,0,0.0,288.0,Other,0.0,24.0,5
0,High,2.0,0,0.0,female,Less than 25,4764,F,0,0.0,264.0,African-American,2.0,22.0,9
0,Medium,0.0,0,0.0,Female,Less than 25,2309,F,1,0.0,276.0,Hispanic,0.0,23.0,6
0,Low,1.0,0,0.0,Male,25 - 45,5742,F,0,0.0,,African-American,1.0,,2
0,High,2.0,2,2.0,?,Less than 25,9740,M,1,0.0,252.0,African-American,2.0,21.0,9
0,Low,,0,0.0,Female,Greater than 45,10750,M,0,0.0,624.0,Caucasian,,52.0,3
1,High,0.0,0,1.0,Male,Less than 25,1505,F,1,0.0,252.0,African-American,0.0,21.0,8
0,Medium,1.0,0,0.0,Male,25 - 45,4389,F,0,0.0,300.0,Caucasian,1.0,25.0,6
0,Medium,1.0,0,0.0,Male,Less than 25,1379,F,1,0.0,264.0,African-American,1.0,22.0,7
0,Low,1.0,0,0.0,Female,Greater than 45,10166,F,0,0.0,612.0,Caucasian,1.0,51.0,1
0,Low,5.0,0,0.0,Male,25 - 45,6399,F,0,0.0,420.0,Caucasian,5.0,35.0,3
0,Low,3.0,0,0.0,Male,25 - 45,10288,m,0,0.0,408.0,Other,3.0,34.0,2
0,Low,1.0,0,0.0,Male,25 - 45,8752,F,0,0.0,348.0,Caucasian,1.0,29.0,1
0,High,4.0,0,0.0,Male,25 - 45,8933,F,1,0.0,,Caucasian,4.0,,10
0,Low,0.0,0,0.0,Female,25 - 45,5009,M,0,0.0,348.0,Caucasian,0.0,29.0,2
0,Low,4.0,0,0.0,Male,25 - 45,6042,M,1,0.0,444.0,Caucasian,4.0,37.0,4
0,High,0.0,0,0.0,Female,25 - 45,7904,m,0,0.0,396.0,African-American,0.0,33.0,9
1,Medium,5.0,0,1.0, Male,25 - 45,10518,M,1,0.0,324.0,African-American,5.0,27.0,5
0,Low,4.0,0,0.0,n/a,25 - 45,9747,F,1,0.0,384.0,African-American,4.0,32.0,4
0,Medium,2.0,0,0.0,Male,Less than 25,530,F,0,0.0,252.0,Caucasian,2.0,21.0,6
0,Low,0.0,0,0.0,Male,Less than 25,1771,F,1,0.0,240.0,Hispanic,0.0,20.0,3
0,High,,0,4.0,Male,Greater than 45,9365,F,1,4.0,564.0,Native American,,47.0,10
0,Low,4.0,1,1.0,Male,Less than 25,9914,,1,0.0,276.0,Caucasian,4.0,23.0,4
0,Low,1.0,0,0.0,Female,25 - 45,1297,M,0,0.0,360.0,HISPANIC,1.0,30.0,2
0,Low,8.0,0,0.0,Male,25 - 45,2740,F,1,0.0,384.0,African-American,8.0,32.0,3
0,High,12.0,0,0.0,Male,25 - 45,8708,F,0,0.0,528.0,African-American,12.0,44.0,9
0,Medium,1.0,1,2.0,Female,Less than 25,1223,M,1,1.0,228.0,Caucasian,1.0,19.0,6
0,Low,0.0,0,0.0,Female,Greater than 45,6488,Misdemeanor,0,,600.0,Caucasian,0.0,50.0,1
0,Low,0.0,0,0.0,Male,Less than 25,461,F,0,0.0,276.0,Hispanic,0.0,23.0,3
0,Low,7.0,0,0.0,male,Greater than 45,10631,F,0,0.0,648.0,Caucasian,7.0,54.0,3
0,Low,2.0,0,0.0,Male,Greater than 45,9737,F,0,0.0,600.0,Caucasian,2.0,50.0,1
0,Medium,1.0,0,0.0,Male,25 - 45,9552,F,1,,,Hispanic,1.0,,7
0,LOW,0.0,0,0.0,Male,25 - 45,4121,F,0,0.0,372.0,Hispanic,0.0,31.0,2
0,Medium,1.0,0,0.0,Female,Less than 25,2224,F,0,0.0,252.0,Caucasian,1.0,21.0,6
0,Low,1.0,0,0.0,Male,Greater than 45,4749,F,0,0.0,564.0,Caucasian,1.0,47.0,1
0,High,1.0,0,1.0,Male,Less than 25,3969,,1,1.0,252.0,African-American,1.0,21.0,10
1,Medium,5.0,0,1.0,Male,Less than 25,8578,F,1,0.0,288.0,Caucasian,5.0,24.0,5
0,High,1.0,0,0.0,Male,25 - 45,3614,F,1,0.0,312.0,African-American,1.0,26.0,9
0,High,4.0,0,0.0,Female,25 - 45,238,F,1,0.0,384.0,African-American,4.0,32.0,10
0,Low,1.0,0,0.0,Male,25 - 45,9268,F,1,0.0,336.0,Caucasian,1.0,28.0,2
0,Low,0.0,0,0.0,Male,Greater than 45,127,F,1,0.0,600.0,Other,0.0,50.0,1
0,Low,0.0,0,0.0,Male,25 - 45,3783,F,0,0.0,456.0,Caucasian,0.0,38.0,1
0,Low,7.0,0,0.0,Male,25 - 45,635,m,1,0.0,372.0,African American,7.0,31.0,3
0,Low,1.0,0,0.0,Male,25 - 45,105,M,0,0.0,468.0,African-American,1.0,39.0,4
0,Low,2.0,0,0.0,Female,Greater than 45,5151,F,0,0.0,648.0,Caucasian,2.0,54.0,2
0,low,1.0,0,0.0,Female,25 - 45,1347,F,1,0.0,372.0,Caucasian,1.0,31.0,3
0,Low,0.0,0,0.0,Male,25 - 45,7485,M,1,0.0,468.0,Hispanic,0.0,39.0,1
0,Low,,0,0.0,Male,Greater than 45,3739,M,0,0.0,660.0,caucasian,,55.0,1
0,Medium,10.0,0,0.0,Male,25 - 45,1063,M,1,0.0,312.0,African-American,10.0,26.0,6
0,Low,3.0,0,0.0,Male,25 - 45,7733,M,1,,360.0,African-American,3.0,30.0,2
0,High,0.0,0,0.0,n/a,Less than 25,480,,1,0.0,240.0,African-American,0.0,20.0,9
3,Medium,10.0,1,4.0,Male,25 - 45,3881,F,1,0.0,372.0,African-American,10.0,31.0,5
0,High,1.0,0,0.0,Male,25 - 45,7210,F,0,0.0,324.0,African-American,1.0,27.0,8
0,Low,0.0,0,0.0,Female,Greater than 45,326,M,1,0.0,, Caucasian,0.0,,1
0,Low,1.0,0,0.0,Male,Greater than 45,646,M,1,0.0,576.0,Hispanic,1.0,48.0,1
0,Low,,0,0.0,Male,Greater than 45,3312,M,0,0.0,732.0,Caucasian,,61.0,1
0,Medium,5.0,0,0.0,Male,25 - 45,1827,F,0,0.0,300.0,African-American,5.0,25.0,7
0,Low,5.0,0,0.0,Male,25 - 45,5428,F,1,0.0,300.0,Caucasian,5.0,25.0,4
0,High,N/A,0,0.0,Male,25 - 45,10614,M,1,0.0,324.0,African-American,N/A,27.0,10
0,Low,2.0,0,0.0,Male,25 - 45,6238,F,0,0.0,528.0,Hispanic,2.0,44.0,2
0,Low,2.0,0,0.0,Male,25 - 45,7808,F,1,0.0,444.0,African-American,2.0,37.0,2
0,Medium,2.0,0,0.0,Male,25 - 45,8923,F,0,0.0,324.0,African-American,2.0,27.0,6
0,Low,0.0,0,0.0,Male,25 - 45,818,F,0,0.0,300.0,Caucasian,0.0,25.0,3
0,High,6.0,1,1.0,Male,25 - 45,7312,F,1,0.0,300.0,Caucasian,6.0,25.0,8
0,Low,3.0,0,0.0, Male,25 - 45,10097,F,1,0.0,300.0,AFRICAN-AMERICAN,3.0,25.0,3
0,Low,0.0,0,0.0,Male,Less than 25,10997,f,0,0.0,276.0,african-american,0.0,23.0,3
0,Medium,9.0,0,0.0,Male,25 - 45,3206,F,0,0.0,456.0,African-American,9.0,38.0,6
0,LOW,6.0,0,0.0,Male,Greater than 45,2356,F,1,0.0,612.0,Caucasian,6.0,51.0,1
0,Low,2.0,0,0.0,Male,25 - 45,5406,F,0,0.0,372.0,Hispanic,2.0,31.0,3
0,Medium,3.0,0,0.0, Male,25 - 45,5671,F,1,0.0,384.0,Caucasian,3.0,32.0,6
0,Low,0.0,0,0.0,Male,25 - 45,9730,Misdemeanor,0,0.0,360.0,Caucasian,0.0,30.0,2
1,High,4.0,1,2.0,Male,25 - 45,4228,F,1,0.0,372.0,Caucasian,4.0,31.0,8
0,Low,0.0,0,0.0,MALE,Less than 25,2996,f,0,0.0,252.0,Other,0.0,21.0,4
0,Low,2.0,0,0.0,Male,25 - 45,9625,F,1,0.0,444.0,Other,2.0,37.0,4
0,Low,0.0,0,0.0,Male,Less than 25,4356,F,0,0.0,276.0,Caucasian,0.0,23.0,2
0,Low,0.0,0,0.0,Male,Less than 25,7266,F,0,0.0,288.0,Caucasian,0.0,24.0,2
0,LOW,1.0,0,0.0,Male,25 - 45,1241,M,1,0.0,408.0,Caucasian,1.0,34.0,3
0,Medium,7.0,0,0.0,Male,25 - 45,2321,M,1,0.0,396.0,African-American,7.0,33.0,6
0,Low,0.0,0,0.0,Female,25 - 45,6078,F,0,,336.0,Caucasian,0.0,28.0,2
0,Low,1.0,0,0.0,Male,25 - 45,7811,Misdemeanor,0,0.0,516.0,Caucasian,1.0,43.0,1
0,Low,0.0,0,0.0,Male,25 - 45,8589,f,0,0.0,360.0,Caucasian,0.0,30.0,1
1,High,7.0,0,1.0,Male,25 - 45,3135,F,0,0.0,300.0,African-American,7.0,25.0,8
0,Medium,3.0,0,0.0,female,25 - 45,5371,F,1,0.0,432.0,Caucasian,3.0,36.0,6
0,High,22.0,0,0.0,Male,25 - 45,5916,M,1,0.0,444.0,African-American,22.0,37.0,9
0,Medium,7.0,0,0.0,Female,25 - 45,8428,F,1,0.0,432.0,Caucasian,7.0,36.0,6
0,Medium,4.0,0,4.0,Male,Less than 25,897,F,1,4.0,252.0,African-American,4.0,21.0,7
0,Low,2.0,0,0.0,Male,Greater than 45,1587,F,0,0.0,660.0,Caucasian,2.0,55.0,1
0,Medium,1.0,0,0.0,Male,25 - 45,4375,M,1,0.0,444.0,Caucasian,1.0,37.0,5
0,Medium,3.0,0,0.0,Male,Greater than 45,6950,F,0,0.0,612.0,Caucasian,3.0,51.0,6
0,Low,2.0,0,0.0,Female,25 - 45,3531,F,0,0.0,396.0,Caucasian,2.0,33.0,3
0,Medium,10.0,0,0.0,Male,25 - 45,3393,F,1,0.0,372.0,African-American,10.0,31.0,6
0,Medium,1.0,0,0.0,Female,Less than 25,4626,F,0,0.0,288.0,Caucasian,1.0,24.0,5
0,Low,2.0,0,0.0,Male,25 - 45,6828,F,0,0.0,324.0,Caucasian,2.0,27.0,2
1,Medium,1.0,0,1.0,Male,Less than 25,4773,F,0,0.0,276.0,African-American,1.0,23.0,7
0,Low,1.0,0,0.0,Male,25 - 45,1746,M,1,0.0,300.0,Caucasian,1.0,25.0,3
0,High,11.0,0,0.0,Female,25 - 45,2342,F,0,0.0,348.0,African-American,11.0,29.0,8
0,Low,2.0,0,0.0,Male,25 - 45,7316,M,0,0.0,468.0,Hispanic,2.0,39.0,3
0,High,3.0,0,0.0,Male,25 - 45,3622,M,0,0.0,312.0,African-American,3.0,26.0,10
0,Medium,1.0,0,0.0,Male,Greater than 45,8341,M,0,0.0,564.0,Caucasian,1.0,47.0,5
0,Low,0.0,0,0.0,Male,Greater than 45,2353,m,0,0.0,564.0,Caucasian,0.0,47.0,1
0,High,4.0,0,0.0,MALE,25 - 45,8389,F,0,0.0,324.0,Caucasian,4.0,27.0,9
0,Low,N/A,0,0.0,Female,25 - 45,4894,M,0,0.0,420.0,-,N/A,35.0,1
0,Low,3.0,0,0.0,Male,25 - 45,424,M,1,0.0,336.0,African-American,3.0,28.0,4
0,LOW,2.0,0,0.0,Male,25 - 45,457,F,1,0.0,516.0,Other,2.0,43.0,2
0,Low,0.0,0,0.0,Male,25 - 45,4219,F,0,0.0,420.0,African-American,0.0,35.0,1
0,LOW,0.0,0,0.0,Female,Less than 25,400,F,1,0.0,276.0,African-American,0.0,23.0,4
0,Low,0.0,0,0.0,Male,25 - 45,10502,F,0,0.0,372.0,Caucasian,0.0,31.0,1
0,Low,1.0,0,0.0,Male,Less than 25,30,F,1,0.0,288.0,Hispanic,1.0,24.0,4
0,Medium,,0,0.0,Male,Greater than 45,9070,F,0,0.0,600.0,Caucasian,,50.0,7
0,High,8.0,0,0.0, Male,Less than 25,9714,F,1,0.0,276.0,African-American,8.0,23.0,10
0,Low,0.0,0,0.0,Male,25 - 45,9944,F,1,0.0,516.0,Caucasian,0.0,43.0,1
0,Low,0.0,0,0.0,Male,25 - 45,2293,F,0,0.0,480.0,Caucasian,0.0,40.0,2
0,Low,1.0,0,0.0,Male,25 - 45,5792,M,1,0.0,,Caucasian,1.0,,4
0,Medium,1.0,0,1.0,Male,Less than 25,6778,M,0,1.0,264.0, African-American,1.0,22.0,7
0,Low,10.0,0,0.0,Male,Greater than 45,8059,M,0,0.0,696.0,Caucasian,10.0,58.0,3
0,Low,3.0,0,0.0,Male,25 - 45,8812,F,0,0.0,,Hispanic,3.0,,3
0,High,4.0,0,0.0,Male,25 - 45,10707,F,1,0.0,384.0,Caucasian,4.0,32.0,10
0,High,1.0,0,0.0,Male,25 - 45,3749,F,1,0.0,384.0,African-American,1.0,32.0,8
0,Low,2.0,0,0.0,Male,25 - 45,7068,F,0,0.0,516.0,Caucasian,2.0,43.0,1
0,Low,1.0,0,0.0,Male,Greater than 45,2062,Felony,0,0.0,708.0,African-American,1.0,59.0,4
0,Low,1.0,0,0.0,female,25 - 45,521,F,1,0.0,384.0,Hispanic,1.0,32.0,3
0,Low,5.0,0,0.0,Female,25 - 45,10032,F,1,0.0,444.0,Caucasian,5.0,37.0,2
0,Low,0.0,0,0.0,Male,25 - 45,9720,F,1,0.0,456.0,Caucasian,0.0,38.0,3
0,Low,,0,0.0,Male,Greater than 45,9942,f,0,0.0,552.0,Hispanic,,46.0,1
0,Low,0.0,0,0.0,Male,25 - 45,2432,F,0,0.0,348.0,African-American,0.0,29.0,1
0,Low,3.0,0,0.0,Male,25 - 45,1682,F,0,0.0,480.0,Caucasian,3.0,40.0,1
0,Low,0.0,0,0.0,Male,25 - 45,6112,M,1,0.0,408.0,african-american,0.0,34.0,1
0,Low,3.0,0,0.0,Male,25 - 45,9243,F,0,0.0,468.0,Caucasian,3.0,39.0,3
0,High,12.0,0,0.0,Male,25 - 45,6698,F,1,0.0,324.0,African-American,12.0,27.0,8
0,Low,1.0,0,0.0,Male,Less than 25,7422,F,0,0.0,264.0,African-American,1.0,22.0,4
0,Low,1.0,0,0.0,Male,25 - 45,10931,F,0,0.0,336.0,Hispanic,1.0,28.0,3
0,Low,5.0,0,0.0,Male,25 - 45,6862,F,0,0.0,372.0,African-American,5.0,31.0,4
0,high,1.0,0,0.0,Male,25 - 45,3158,F,0,0.0,312.0,African-American,1.0,26.0,9
0,High,10.0,0,5.0,Male,25 - 45,5119,Felony,1,5.0,372.0,African-American,10.0,31.0,9
0,Low,1.0,0,0.0,Female,Less than 25,7607,F,0,0.0,276.0,African-American,1.0,23.0,3
0,Medium,6.0,0,0.0,Male,25 - 45,6067,M,1,0.0,348.0,African-American,6.0,29.0,7
0,Low,0.0,0,0.0,Male,25 - 45,10550,M,0,0.0,336.0,CAUCASIAN,0.0,28.0,4
0,Low,-,0,0.0,Female,25 - 45,8742,M,1,0.0,516.0,Caucasian,-,43.0,2
0,Medium,1.0,0,0.0,Male,Less than 25,7009,F,1,0.0,264.0,African-American,1.0,22.0,5
0,Low,0.0,0,0.0,Male,Less than 25,1439,F,0,,240.0,Caucasian,0.0,20.0,4
0,Low,2.0,0,0.0,Female,Less than 25,3635,F,0,0.0,288.0,African-American,2.0,24.0,4
0,Low,0.0,0,0.0,Female,25 - 45,10655,F,0,0.0,504.0,-,0.0,42.0,1
0,High,10.0,0,1.0,Male,25 - 45,8284,F,1,1.0,312.0,African-American,10.0,26.0,9
1,High,2.0,0,1.0,Female,Less than 25,5037,,0,0.0,288.0,Caucasian,2.0,24.0,9
0,Low,,0,0.0,Female,Greater than 45,1388,F,1,0.0,684.0,Caucasian,,57.0,1
0,Low,4.0,0,0.0,Male,25 - 45,3736,F,0,0.0,528.0,Caucasian,4.0,44.0,2
0,Low,2.0,0,0.0,Male,25 - 45,8706,F,1,0.0,324.0,Caucasian,2.0,27.0,4
0,High,8.0,0,2.0,Male,25 - 45,8410,F,1,2.0,396.0,African-American,8.0,33.0,10
0,Low,1.0,0,0.0,Male,Less than 25,8777,F,0,0.0,252.0,Caucasian,1.0,21.0,4
0,Low,1.0,0,0.0,Female,25 - 45,2416,M,1,0.0,384.0,Caucasian,1.0,32.0,2
0,Medium,11.0,0,0.0,Male,25 - 45,224,F,1,0.0,384.0,African-American,11.0,32.0,6
0,High,7.0,0,0.0, Male,25 - 45,2076,F,1,0.0,360.0,African-American,7.0,30.0,10
0,Medium,0.0,0,0.0,Male,25 - 45,10645,F,0,0.0,372.0,African-American,0.0,31.0,7
0,Medium,15.0,0,0.0,Female,25 - 45,6657,F,1,0.0,480.0,African-American,15.0,40.0,7
0,Low,0.0,0,0.0,Male,25 - 45,6150,F,0,0.0,396.0,Caucasian,0.0,33.0,2
0,Low,0.0,0,0.0,Male,Greater than 45,2624,Felony,1,0.0,612.0,African-American,0.0,51.0,2
0,Low,0.0,0,0.0,Female,Greater than 45,3265,F,0,0.0,564.0,Caucasian,0.0,47.0,1
0,Low,0.0,0,0.0,male,Less than 25,7425,F,0,,288.0,African-American,0.0,24.0,2
0,Medium,1.0,0,0.0,Female,25 - 45,9005,M,0,0.0,336.0,Caucasian,1.0,28.0,5
0,Low,,0,0.0,Male,Greater than 45,2669,M,0,0.0,780.0,Caucasian,,65.0,3
0,Low,7.0,0,0.0,Male,25 - 45,4846,F,0,0.0,420.0,African-American,7.0,35.0,3
0,Medium,1.0,0,0.0,Male,25 - 45,921,M,0,0.0,360.0,African-American,1.0,30.0,7
0,Low,,0,0.0,Male,Greater than 45,4300,F,0,0.0,636.0,Caucasian,,53.0,1
0,Low,,0,0.0,Female,Greater than 45,9425,F,0,0.0,576.0,Caucasian,,48.0,1
0,Medium,0.0,0,0.0,Male,Less than 25,8350,F,1,0.0,252.0,African-American,0.0,21.0,7
0,Low,1.0,0,0.0,Male,25 - 45,3183,F,1,0.0,504.0,African-American,1.0,42.0,4
0,Low,0.0,0,0.0,Male,Less than 25,10676,F,0,0.0,276.0,?,0.0,23.0,4
0,Medium,11.0,0,0.0,Male,25 - 45,1227,F,0,0.0,432.0,Hispanic,11.0,36.0,7
0,Low,0.0,0,0.0,Female,Greater than 45,2396,M,0,0.0,684.0,Caucasian,0.0,57.0,4
0,Low,,0,0.0,Female,Greater than 45,10151,Felony,0,0.0,564.0,Hispanic,,47.0,1
0,Low,1.0,0,0.0,Female,Less than 25,5061,,1,0.0,252.0,African-American,1.0,21.0,4
0,Medium,2.0,1,1.0,Male,Less than 25,4971,Felony,1,0.0,228.0,African-American,2.0,19.0,7
2,High,15.0,1,4.0,Male,25 - 45,90,F,1,1.0,324.0,African-American,15.0,27.0,10
0,Low,0.0,0,0.0,Female,Less than 25,7986,,1,0.0,264.0,African-American,0.0,22.0,4
0,Low,0.0,0,0.0,Male,25 - 45,1367,F,1,0.0,396.0,African-American,0.0,33.0,2
0,Medium,1.0,0,0.0, Male,Less than 25,8969,F,1,0.0,264.0,African-American,1.0,22.0,5
0,Medium,0.0,1,1.0,Female,Less than 25,1452,,1,0.0,252.0,Caucasian,0.0,21.0,5
0,Low,0.0,0,0.0,Female,25 - 45,4670,M,0,0.0,324.0,Caucasian,0.0,27.0,3
0,Low,2.0,0,0.0,male,25 - 45,732,M,0,0.0,348.0,Hispanic,2.0,29.0,4
0,High,3.0,0,0.0,Female,25 - 45,1797,F,1,0.0,324.0,African-American,3.0,27.0,9
0,Low,1.0,0,0.0,Female,Less than 25,9752,F,1,0.0,228.0,African-American,1.0,19.0,4
0,Low,2.0,0,0.0,Male,25 - 45,2401,M,0,0.0,348.0,African American,2.0,29.0,1
0,High,13.0,0,0.0,Male,25 - 45,10326,F,1,0.0,492.0,African-American,13.0,41.0,10
0,Low,2.0,0,0.0,Male,Greater than 45,2159,M,0,0.0,624.0,Caucasian,2.0,52.0,1
0,Medium,7.0,0,0.0,Male,Greater than 45,4119,F,1,0.0,672.0,Caucasian,7.0,56.0,6
0,Low,,0,0.0,Male,Greater than 45,8909,M,0,,552.0,Caucasian,,46.0,1
0,MEDIUM,8.0,0,0.0,Female,25 - 45,7484,F,1,,360.0,African-American,8.0,30.0,7
0,Low,0.0,0,0.0,Female,25 - 45,3104,M,0,0.0,384.0,Other,0.0,32.0,1
2,Medium,1.0,0,2.0,Male,Less than 25,8941,F,1,0.0,276.0,Caucasian,1.0,23.0,5
0,Low,2.0,0,0.0,MALE,Less than 25,8066,,1,0.0,288.0,Caucasian,2.0,24.0,3
0,LOW,0.0,0,0.0,male,Less than 25,5054,M,0,0.0,276.0,African-American,0.0,23.0,4
0,Low,2.0,0,0.0,Male,Greater than 45,4510,M,0,0.0,648.0,Caucasian,2.0,54.0,1
2,High,5.0,0,2.0,Male,Less than 25,3178,F,1,0.0,264.0,-,5.0,22.0,8
0,Medium,6.0,0,0.0,Male,25 - 45,9519,F,1,0.0,396.0,Caucasian,6.0,33.0,6
1,high,2.0,0,1.0,Male,Less than 25,6641,,1,0.0,240.0,African-American,2.0,20.0,10
0,Low,3.0,0,0.0,Male,25 - 45,9915,M,0,0.0,468.0,Hispanic,3.0,39.0,1
0,Low,0.0,0,0.0,Male,Less than 25,8365,,0,0.0,288.0,African-American,0.0,24.0,3
0,High,0.0,0,0.0,Male,25 - 45,9303,M,0,0.0,360.0,African-American,0.0,30.0,9
0,Medium,2.0,0,0.0,Female,Less than 25,1464,F,1,0.0,288.0,Hispanic,2.0,24.0,6
1,High,8.0,1,2.0,Male,25 - 45,5236,F,0,0.0,300.0,African-American,8.0,25.0,10
0,Medium,19.0,0,0.0,Male,25 - 45,7280,m,1,0.0,468.0,African-American,19.0,39.0,6
0,Low,1.0,0,0.0,Male,25 - 45,6921,F,0,0.0,504.0,African-American,1.0,42.0,1
0,Low,2.0,0,0.0,Male,25 - 45,9820,M,0,0.0,348.0,African-American,2.0,29.0,4
0,Low,2.0,0,0.0,Female,Less than 25,3740,,0,0.0,264.0,African-American,2.0,22.0,4
0,Low,0.0,0,0.0,Male,25 - 45,2569,M,0,0.0,,Caucasian,0.0,,2
0,Low,2.0,0,0.0,Male,25 - 45,2764,M,0,0.0,468.0,Caucasian,2.0,39.0,4
0,Low,0.0,0,0.0,Female,25 - 45,6702,M,0,0.0,456.0,African American,0.0,38.0,1
0,high,0.0,0,0.0,Male,25 - 45,9147,F,1,0.0,300.0,Other,0.0,25.0,9
0,Low,0.0,0,0.0,Male,Less than 25,7660,Felony,0,0.0,276.0,African-American,0.0,23.0,2
0,High,0.0,0,0.0,Male,Less than 25,8187,M,1,0.0,276.0,African-American,0.0,23.0,10
0,Low,4.0,0,0.0,Male,Greater than 45,3576,f,0,0.0,552.0,Caucasian,4.0,46.0,2
0,low,0.0,0,0.0,Male,25 - 45,1231,M,0,0.0,312.0, Caucasian,0.0,26.0,2
0,MEDIUM,20.0,0,0.0,Male,Greater than 45,75,F,1,0.0,576.0,Caucasian,20.0,48.0,6
0,Medium,3.0,0,0.0,Male,Less than 25,3460,F,1,0.0,288.0,African-American,3.0,24.0,6
0,Low,2.0,0,0.0,Male,Greater than 45,9641,Felony,0,0.0,684.0,Caucasian,2.0,57.0,1
0,Low,0.0,0,0.0,Female,25 - 45,2143,Felony,1,0.0,336.0,Caucasian,0.0,28.0,4
0,Low,0.0,0,0.0,Male,Greater than 45,1982,M,0,,552.0,Asian,0.0,46.0,1
2,High,2.0,0,2.0,Male,Less than 25,8820,M,1,0.0,,African-American,2.0,,9
0,Medium,8.0,1,1.0,Male,25 - 45,10048,f,1,0.0,348.0,Caucasian,8.0,29.0,5
0,Medium,0.0,0,0.0,Male,25 - 45,5817,M,1,0.0,300.0,?,0.0,25.0,5
0,Low,0.0,0,0.0,Male,25 - 45,7466,m,0,0.0,324.0,Caucasian,0.0,27.0,2
2,Medium,7.0,0,2.0,Male,25 - 45,9504,M,0,0.0,432.0,African-American,7.0,36.0,5
0,Medium,4.0,0,0.0,Female,25 - 45,209,F,1,0.0,360.0,Hispanic,4.0,30.0,5
0,Low,3.0,0,0.0,Male,Greater than 45,6858,M,0,0.0,,Caucasian,3.0,,2
0,Low,0.0,0,0.0,Male,25 - 45,5853,F,1,0.0,324.0,African-American,0.0,27.0,4
0,High,10.0,0,0.0,Male,25 - 45,7561,f,0,0.0,396.0,Caucasian,10.0,33.0,9
0,Low,0.0,0,0.0,Male,Less than 25,6216,F,1,0.0,264.0,African-American,0.0,22.0,4
0,High,27.0,0,0.0,Male,25 - 45,2618,F,1,0.0,408.0,African-American,27.0,34.0,9
0,Low,0.0,0,0.0,Female,25 - 45,4196,F,0,0.0,384.0,African-American,0.0,32.0,3
0,Low,1.0,0,0.0,Male,Greater than 45,8771,M,0,0.0,552.0,Hispanic,1.0,46.0,1
0,Low,1.0,0,0.0,Female,25 - 45,7500,F,0,0.0,300.0,African-American,1.0,25.0,3
0,Medium,0.0,0,0.0,Female,25 - 45,7140,M,1,0.0,504.0,African-American,0.0,42.0,6
0,Low,0.0,0,0.0,Male,Greater than 45,330,F,0,0.0,576.0, African-American,0.0,48.0,1
0,low,3.0,0,0.0,Female,25 - 45,7330,F,1,0.0,384.0,African-American,3.0,32.0,2
0,Low,1.0,0,0.0,Male,Greater than 45,2746,M,1,0.0,576.0,Caucasian,1.0,48.0,1
0,High,8.0,0,0.0,Male,25 - 45,6014,F,1,0.0,420.0,Caucasian,8.0,35.0,8
0,Medium,4.0,0,0.0,Male,Greater than 45,5446,F,0,0.0,576.0,African-American,4.0,48.0,6
0,Low,0.0,0,0.0,Male,25 - 45,7324,Felony,0,0.0,360.0,Caucasian,0.0,30.0,1
0,Medium,2.0,0,0.0,Male,Less than 25,9348,F,0,0.0,252.0,Caucasian,2.0,21.0,6
0,Medium,1.0,0,0.0,Male,25 - 45,691,M,1,0.0,312.0,African-American,1.0,26.0,6
0,Low,0.0,0,0.0,Male,Less than 25,9997,M,0,,240.0,African-American,0.0,20.0,4
0,Medium,0.0,0,0.0,Male,Less than 25,8945,F,0,0.0,252.0,African-American,0.0,21.0,7
1,Low,3.0,0,1.0,Female,25 - 45,2821,F,0,0.0,432.0,Caucasian,3.0,36.0,4
0,High,2.0,0,0.0,Male,25 - 45,8201,M,1,0.0,348.0,Caucasian,2.0,29.0,9
0,Low,,0,0.0,Male,Greater than 45,1412,M,0,0.0,564.0,Hispanic,,47.0,1
0,Low,2.0,0,0.0,Male,25 - 45,836,Misdemeanor,1,0.0,516.0,Hispanic,2.0,43.0,1
0,Low,2.0,0,0.0,Male,25 - 45,10232,M,1,0.0,468.0,African-American,2.0,39.0,1
0,High,10.0,0,0.0,Male,25 - 45,2875,F,1,,396.0,African-American,10.0,33.0,9
0,Low,0.0,0,0.0,Male,25 - 45,901,M,0,0.0,324.0,African-American,0.0,27.0,2
0,Low,6.0,0,0.0,Female,25 - 45,4172,F,1,0.0,456.0,Other,6.0,38.0,4
0,Medium,4.0,0,0.0,Male,25 - 45,10920,F,0,0.0,408.0,Caucasian,4.0,34.0,5
0,Medium,0.0,0,0.0,Female,25 - 45,8688,F,0,0.0,348.0,Caucasian,0.0,29.0,7
0,low,0.0,0,0.0,Male,25 - 45,3862,M,0,0.0,384.0,Caucasian,0.0,32.0,1
0,Medium,2.0,0,0.0,Male,25 - 45,673,M,1,0.0,336.0,Hispanic,2.0,28.0,5
1,High,8.0,0,1.0,Male,25 - 45,9810,F,0,0.0,384.0,African-American,8.0,32.0,9
0,Low,3.0,0,0.0,Male,25 - 45,1634,Felony,0,0.0,528.0,Caucasian,3.0,44.0,1
0,Low,0.0,0,0.0,Male,Greater than 45,5743,M,0,0.0,588.0,Caucasian,0.0,49.0,1
0,Medium,1.0,0,0.0,n/a,Less than 25,7444,F,0,0.0,288.0,African-American,1.0,24.0,5
0,Low,1.0,0,0.0,Male,Less than 25,1303,Felony,1,,288.0,African-American,1.0,24.0,3
0,Low,0.0,0,0.0,Female,Greater than 45,5736,M,0,0.0,540.0,Caucasian,0.0,45.0,1
0,Low,1.0,0,0.0,Female,Greater than 45,1118,f,0,0.0,540.0,CAUCASIAN,1.0,45.0,1
0,Low,0.0,0,0.0,Male,Greater than 45,3051,M,0,0.0,612.0,African-American,0.0,51.0,1
0,Medium,0.0,0,0.0,Male,Less than 25,2053,M,0,0.0,276.0,African-American,0.0,23.0,7
0,Low,0.0,0,0.0,Male,25 - 45,9955,F,0,0.0,468.0,African-American,0.0,39.0,1
0,High,2.0,0,0.0,male,Greater than 45,9191,F,1,0.0,624.0,African-American,2.0,52.0,9
0,High,8.0,0,0.0,Male,25 - 45,122,M,1,,360.0,African-American,8.0,30.0,10
0,High,10.0,2,2.0,Female,25 - 45,5204,F,0,0.0,372.0,African-American,10.0,31.0,8
0,Low,0.0,0,0.0,Male,25 - 45,7889,F,1,0.0,432.0,Caucasian,0.0,36.0,3
0,Medium,1.0,0,0.0,?,Greater than 45,1724,Felony,1,0.0,636.0,Caucasian,1.0,53.0,6
0,Medium,7.0,0,0.0,Male,25 - 45,10055,F,0,0.0,312.0,African-American,7.0,26.0,7
0,Medium,8.0,0,0.0,Female,25 - 45,8737,F,0,0.0,324.0,African-American,8.0,27.0,6
0,Low,1.0,0,0.0,Female,Greater than 45,567,M,0,0.0,636.0,Caucasian,1.0,53.0,1
0,High,8.0,0,0.0,Male,25 - 45,3004,F,1,0.0,348.0,African-American,8.0,29.0,8
0,Medium,1.0,0,0.0,Male,Less than 25,8546,F,0,0.0,252.0,Caucasian,1.0,21.0,5
0,Medium,2.0,0,0.0,Male,25 - 45,769,F,0,0.0,324.0,Caucasian,2.0,27.0,5
0,Medium,3.0,0,0.0,Female,25 - 45,8949,M,0,0.0,468.0,African-American,3.0,39.0,6
0,Medium,9.0,0,0.0,Male,25 - 45,6317,F,1,0.0,432.0,Caucasian,9.0,36.0,6
0,MEDIUM,4.0,0,0.0,Male,25 - 45,1850,F,1,0.0,384.0,African-American,4.0,32.0,6
0,Low,1.0,0,0.0,Male,Less than 25,1135,F,0,0.0,288.0,Caucasian,1.0,24.0,3
0,Medium,0.0,0,0.0,Female,Less than 25,7493,,1,0.0,240.0,African-American,0.0,20.0,6
0,Medium,4.0,0,0.0,Female,25 - 45,5878,Felony,1,0.0,360.0,Other,4.0,30.0,7
0,Medium,3.0,0,0.0,Male,Greater than 45,6990,M,0,0.0,648.0,african-american,3.0,54.0,6
0,High,5.0,0,0.0,n/a,25 - 45,7245,M,1,0.0,300.0,African-American,5.0,25.0,8
0,Low,0.0,0,0.0,Male,25 - 45,27,M,1,0.0,324.0,Caucasian,0.0,27.0,2
0,Low,6.0,0,0.0,Female,Greater than 45,6977,F,1,0.0,540.0,Asian,6.0,45.0,3
0,Medium,3.0,0,0.0,Male,25 - 45,7971,f,1,,312.0,Caucasian,3.0,26.0,5
0,High,5.0,0,0.0,Female,25 - 45,1669,F,1,0.0,360.0,Caucasian,5.0,30.0,10
0,Medium,1.0,0,0.0,Male,Less than 25,4012,F,0,0.0,252.0,African-American,1.0,21.0,7
0,Low,,0,0.0,Male,Greater than 45,6228,M,0,0.0,768.0,Caucasian,,64.0,1
0,Low,1.0,0,0.0,Male,25 - 45,10445,M,1,0.0,516.0,?,1.0,43.0,1
0,Medium,17.0,0,0.0,Male,Greater than 45,915,F,1,0.0,708.0,African-American,17.0,59.0,5
0,Medium,-,0,0.0,Male,Greater than 45,2300,F,1,0.0,660.0,Caucasian,-,55.0,6
0,High,4.0,1,1.0,Male,25 - 45,5003,F,1,0.0,300.0,African-American,4.0,25.0,8
0,low,1.0,0,0.0,Male,25 - 45,4938,F,0,,300.0,AFRICAN-AMERICAN,1.0,25.0,4
0,Medium,3.0,0,0.0,Male,25 - 45,10836,F,1,0.0,300.0,African-American,3.0,25.0,6
0,Medium,5.0,0,0.0,Female,25 - 45,7222,F,1,0.0,408.0,caucasian,5.0,34.0,5
0,Low,1.0,0,0.0,Male,25 - 45,3354,F,1,0.0,336.0,African-American,1.0,28.0,2
0,High,1.0,0,0.0,Male,Less than 25,10131,F,0,0.0,252.0,African-American,1.0,21.0,9
4,High,14.0,4,8.0,Male,25 - 45,2329,F,1,0.0,300.0,African-American,14.0,25.0,10
0,Medium,3.0,0,0.0,Male,25 - 45,8413,F,1,0.0,300.0,African-American,3.0,25.0,5
0,Medium,2.0,1,2.0,Male,25 - 45,9805,F,1,1.0,300.0,African-American,2.0,25.0,7
0,High,3.0,0,0.0,Male,25 - 45,4964,F,1,0.0,480.0,African-American,3.0,40.0,8
0,Low,0.0,0,0.0,Male,Greater than 45,1909,m,0,0.0,684.0,Caucasian,0.0,57.0,2
0,Low,1.0,0,0.0,Male,25 - 45,8921,M,1,0.0,444.0,Caucasian,1.0,37.0,1
2,High,19.0,0,5.0,Male,25 - 45,5429,M,1,3.0,432.0,African-American,19.0,36.0,10
0,Low,3.0,0,0.0,male,Greater than 45,9855,F,0,0.0,648.0,Caucasian,3.0,54.0,2
0,Low,0.0,0,0.0,Female,Less than 25,10874,,0,0.0,288.0,African-American,0.0,24.0,4
0,Low,0.0,0,0.0,Male,25 - 45,4072,F,0,0.0,492.0,African-American,0.0,41.0,1
1,Medium,6.0,0,1.0,Male,25 - 45,9054,M,1,0.0,300.0,African-American,6.0,25.0,7
0,Low,0.0,0,0.0,male,Less than 25,9723,M,0,0.0,276.0,African-American,0.0,23.0,4
0,Low,2.0,0,0.0,Male,25 - 45,1435,M,1,0.0,300.0,African-American,2.0,25.0,2
0,Low,,0,0.0,Male,Greater than 45,3839,m,1,0.0,744.0,African-American,,62.0,3
0,High,,0,0.0,Male,Greater than 45,8995,F,0,0.0,660.0,?,,55.0,8
0,Low,0.0,0,0.0,Male,Greater than 45,4186,F,0,0.0,708.0,Caucasian,0.0,59.0,1
0,Medium,1.0,0,0.0,Male,25 - 45,10910,Misdemeanor,0,0.0,372.0,Hispanic,1.0,31.0,6
0,Low,2.0,0,0.0,Male,25 - 45,6642,F,0,0.0,420.0,Caucasian,2.0,35.0,3
3,High,1.0,0,3.0,Male,Less than 25,10773,F,1,0.0,240.0,Caucasian,1.0,20.0,8
0,Medium,14.0,0,0.0,Male,25 - 45,4866,F,1,0.0,360.0,AFRICAN-AMERICAN,14.0,30.0,6
0,Medium,12.0,0,0.0,Male,25 - 45,10454,F,1,0.0,408.0,African-American,12.0,34.0,6
0,High,-,0,3.0,Female,25 - 45,10393,f,1,3.0,,African-American,-,,10
0,Low,1.0,0,0.0,Female,25 - 45,5793,F,1,0.0,432.0,African-American,1.0,36.0,3
1,High,1.0,0,1.0,Male,25 - 45,1003,M,1,0.0,420.0,African-American,1.0,35.0,9
0,Medium,6.0,0,0.0,Male,Greater than 45,3360,F,1,0.0,648.0,African-American,6.0,54.0,7
0,High,11.0,0,0.0,Male,25 - 45,2071,M,1,0.0,384.0,African-American,11.0,32.0,9
0,Low,1.0,0,0.0,Female,25 - 45,5386,F,0,0.0,444.0,Caucasian,1.0,37.0,1
0,Low,0.0,0,0.0,Male,Less than 25,7322,F,1,0.0,240.0,Other,0.0,20.0,3
0,Low,1.0,0,0.0,Male,Greater than 45,8997,F,0,0.0,660.0,African-American,1.0,55.0,1
0,Medium,23.0,0,0.0,Female,Greater than 45,9881,F,1,0.0,624.0,Caucasian,23.0,52.0,7
0,Medium,3.0,0,0.0,Male,25 - 45,6244,F,1,0.0,336.0,HISPANIC,3.0,28.0,5
0,Low,6.0,0,0.0,Male,25 - 45,9656,F,1,0.0,372.0,African-American,6.0,31.0,2
0,High,0.0,0,0.0,Male,Less than 25,6032,M,0,0.0,276.0,African-American,0.0,23.0,8
0,Medium,8.0,0,0.0,Male,Greater than 45,2474,Felony,1,0.0,540.0,African-American,8.0,45.0,7
0,Medium,0.0,0,0.0,Male,Less than 25,1966,F,0,0.0,252.0,Hispanic,0.0,21.0,5
0,High,0.0,0,0.0,Male,25 - 45,4033,F,0,0.0,312.0,African-American,0.0,26.0,8
0,Medium,1.0,0,0.0,Male,25 - 45,180,M,0,0.0,372.0,African-American,1.0,31.0,7
0,Low,6.0,0,0.0,Female,25 - 45,8304,F,0,0.0,324.0,Caucasian,6.0,27.0,10
2,High,8.0,0,2.0,Male,25 - 45,7652,F,1,0.0,300.0,African-American,8.0,25.0,8
0,Medium,0.0,0,0.0,Male,25 - 45,1025,M,1,0.0,432.0,African-American,0.0,36.0,7
0,Medium,9.0,0,0.0,Female ,Greater than 45,10787,M,0,0.0,540.0,African-American,9.0,45.0,7
0,Low,3.0,0,0.0,Female,25 - 45,9476,F,0,0.0,360.0,African-American,3.0,30.0,2
0,Medium,1.0,0,0.0,Female,25 - 45,3807,M,1,0.0,372.0,Caucasian,1.0,31.0,5
0,Low,8.0,0,0.0,Male,Greater than 45,3519,F,1,0.0,552.0,African-American,8.0,46.0,3
0,Low,11.0,0,0.0,Male,25 - 45,7502,F,1,0.0,492.0,Caucasian,11.0,41.0,4
0,Low,0.0,0,0.0,male,25 - 45,1196,M,0,0.0,372.0,Caucasian,0.0,31.0,1
0,Low,0.0,0,0.0,male,Greater than 45,8189,F,0,0.0,576.0,Caucasian,0.0,48.0,1
0,Low,12.0,0,0.0,?,25 - 45,779,M,0,0.0,420.0,African-American,12.0,35.0,2
0,Low,,0,0.0,Male,Greater than 45,8485,M,1,0.0,636.0,Caucasian,,53.0,1
0,MEDIUM,4.0,0,0.0,Male,25 - 45,1798,F,1,0.0,384.0,African-American,4.0,32.0,7
0,Low,0.0,0,0.0,Male,Less than 25,2728,M,0,0.0,288.0,Asian,0.0,24.0,3
0,Low,0.0,0,0.0,Male,25 - 45,8419,F,0,0.0,528.0,African-American,0.0,44.0,1
0,Low,0.0,0,0.0,Male,Less than 25,9686,,0,0.0,288.0,African-American,0.0,24.0,4
0,Low,0.0,0,0.0,Male,Greater than 45,3802,M,1,0.0,564.0,African-American,0.0,47.0,1
0,Medium,1.0,0,0.0,Male,25 - 45,10590,F,1,0.0,348.0,African-American,1.0,29.0,5
0,Medium,5.0,0,0.0,Male,Less than 25,7930,,1,0.0,264.0,-,5.0,22.0,5
0,Medium,0.0,0,0.0,Female,Less than 25,624,F,0,0.0,264.0,African-American,0.0,22.0,7
0,Medium,0.0,0,0.0,Female ,Less than 25,231,f,0,0.0,240.0,African-American,0.0,20.0,6
0,Low,5.0,0,0.0,FEMALE,25 - 45,2589,F,0,0.0,408.0,Hispanic,5.0,34.0,4
1,Medium,0.0,0,1.0,Male,Less than 25,9306,M,1,0.0,240.0,African-American,0.0,20.0,5
0,Low,2.0,0,0.0,Male,Greater than 45,4252,M,0,0.0,564.0,Caucasian,2.0,47.0,1
0,Low,0.0,0,0.0,Female,25 - 45,1599,M,0,0.0,444.0,Caucasian,0.0,37.0,1
0,Medium,1.0,0,0.0,Male,25 - 45,10811,F,0,,408.0,Caucasian,1.0,34.0,5
3,Medium,3.0,0,3.0,Male,Less than 25,3597,M,1,0.0,288.0,Caucasian,3.0,24.0,5
0,Low,4.0,0,0.0,Male,25 - 45,1179,F,0,0.0,444.0,African-American,4.0,37.0,2
0,Low,1.0,0,0.0,Male,25 - 45,2462,M,0,0.0,384.0,African-American,1.0,32.0,2
0,Low,0.0,0,0.0, Male,25 - 45,2529,M,1,0.0,312.0,African-American,0.0,26.0,2
0,Medium,0.0,0,0.0, Male,25 - 45,3980,M,1,0.0,408.0, African-American,0.0,34.0,7
0,Low,1.0,0,0.0,Male,25 - 45,215,M,0,0.0,372.0,African-American,1.0,31.0,2
0,Medium,2.0,0,0.0,Male,Less than 25,2616,F,0,0.0,276.0,Hispanic,2.0,23.0,5
1,High,26.0,0,1.0,Male,25 - 45,3272,F,1,0.0,444.0,African-American,26.0,37.0,10
0,high,8.0,0,0.0,Female,25 - 45,10533,F,1,0.0,504.0,African-American,8.0,42.0,8
0,Low,2.0,0,0.0,Male,25 - 45,4530,F,0,0.0,300.0,Other,2.0,25.0,2
0,Medium,0.0,0,0.0,Male,25 - 45,10169,M,1,0.0,396.0,Caucasian,0.0,33.0,7
0,Medium,1.0,0,0.0,Male,25 - 45,3361,F,0,0.0,312.0,African-American,1.0,26.0,6
0,Low,4.0,0,0.0,Male,Greater than 45,8719,f,1,0.0,612.0,Caucasian,4.0,51.0,1
0,Low,5.0,0,0.0,Male,Less than 25,4518,F,1,0.0,288.0,African-American,5.0,24.0,3
1,Medium,5.0,0,1.0,Male,25 - 45,2708,M,0,,336.0,African-American,5.0,28.0,6
0,High,2.0,0,0.0,Male,Greater than 45,9297,M,0,0.0,732.0,African-American,2.0,61.0,8
0,low,0.0,0,0.0,Male,25 - 45,3,F,1,0.0,408.0,African-American,0.0,34.0,3
0,High,1.0,0,0.0,male,Less than 25,385,Felony,1,0.0,240.0,African-American,1.0,20.0,8
0,Low,0.0,0,0.0,Male,25 - 45,9171,M,1,0.0,444.0,hispanic,0.0,37.0,1
0,Low,2.0,0,0.0,Female,25 - 45,8618,Felony,0,0.0,468.0,Hispanic,2.0,39.0,2
0,HIGH,8.0,0,0.0,Male,25 - 45,6199,M,1,0.0,348.0,Caucasian,8.0,29.0,9
0,Low,5.0,0,0.0,Male,25 - 45,3902,M,0,0.0,312.0,Caucasian,5.0,26.0,4
0,High,20.0,0,2.0,Male,25 - 45,2181,F,1,2.0,360.0,African-American,20.0,30.0,9
0,High,2.0,0,0.0,Male,Less than 25,338,F,0,0.0,276.0,African-American,2.0,23.0,9
0,Low,7.0,3,3.0, Male,25 - 45,9516,F,0,0.0,384.0,African-American,7.0,32.0,2
4,Medium,4.0,0,4.0,Male,Less than 25,4049,F,1,0.0,276.0,?,4.0,23.0,6
0,High,0.0,0,0.0,Female ,Less than 25,8028,F,1,0.0,240.0,Caucasian,0.0,20.0,10
0,Low,13.0,0,0.0,Male,Greater than 45,4599,F,1,0.0,708.0,African-American,13.0,59.0,2
0,Low,2.0,0,0.0, Male,Less than 25,9634,F,0,0.0,288.0,Hispanic,2.0,24.0,3
0,Medium,1.0,0,0.0,Male,Less than 25,139,F,1,,252.0,Other,1.0,21.0,6
0,Low,7.0,0,0.0,Male,25 - 45,3348,F,1,0.0,420.0,CAUCASIAN,7.0,35.0,4
0,High,,0,0.0,Male,Greater than 45,10869,F,1,0.0,564.0,African-American,,47.0,10
0,Low,1.0,0,0.0,Female,25 - 45,4576,f,0,0.0,360.0,?,1.0,30.0,3
0,Low,1.0,0,0.0,Male,25 - 45,3999,F,0,0.0,492.0,African-American,1.0,41.0,1
0,Medium,3.0,0,0.0,Male,25 - 45,1157,M,0,0.0,324.0,Native American,3.0,27.0,7
0,Low,0.0,0,0.0,Male,Less than 25,6836,F,1,0.0,252.0,Caucasian,0.0,21.0,3
0,Low,2.0,0,0.0,Male,25 - 45,9295,f,0,0.0,360.0,Hispanic,2.0,30.0,2
0,Low,2.0,0,0.0,Male,25 - 45,2357,M,0,0.0,408.0,African-American,2.0,34.0,3
0,Low,8.0,0,0.0,Male,Greater than 45,8558,F,1,0.0,660.0,African-American,8.0,55.0,1
0,Medium,,0,0.0,Male,Greater than 45,10123,M,1,0.0,600.0,Caucasian,,50.0,6
0,High,3.0,0,1.0,Male,25 - 45,10336,M,1,1.0,348.0,African-American,3.0,29.0,8
0,Medium,2.0,0,0.0,Male,25 - 45,9085,F,0,0.0,,Caucasian,2.0,,5
0,Medium,14.0,0,0.0,Male,25 - 45,823,F,1,0.0,504.0,African-American,14.0,42.0,7
0,High,N/A,0,0.0,Male,25 - 45,10677,F,1,0.0,348.0,African-American,N/A,29.0,9
0,Low,5.0,0,0.0,Female,25 - 45,8647,F,0,0.0,408.0,African-American,5.0,34.0,3
0,Medium,33.0,0,0.0,Male,25 - 45,4755,F,1,0.0,504.0,African-American,33.0,42.0,7
0,Low,1.0,0,0.0,Male,Greater than 45,425,M,0,0.0,840.0,Caucasian,1.0,70.0,1
0,Low,0.0,0,0.0,Male,25 - 45,1382,M,0,0.0,300.0,African-American,0.0,25.0,2
0,High,,0,0.0,Male,Greater than 45,2697,M,0,0.0,600.0,Hispanic,,50.0,9
0,Low,0.0,0,0.0,Male,Greater than 45,10230,M,0,0.0,708.0,Caucasian,0.0,59.0,1
0,Low,0.0,0,0.0,Male,Less than 25,2324,,1,0.0,264.0,Hispanic,0.0,22.0,3
0,High,9.0,0,0.0,Male,25 - 45,142,F,1,0.0,300.0,Caucasian,9.0,25.0,8
0,Low,8.0,0,0.0,Male,Greater than 45,9335,F,1,0.0,732.0,African-American,8.0,61.0,2
0,Low,0.0,0,0.0,MALE,Greater than 45,9806,F,0,0.0,684.0,Other,0.0,57.0,1
0,Medium,3.0,0,0.0,Male,25 - 45,8617,F,0,0.0,360.0,African-American,3.0,30.0,5
0,MEDIUM,1.0,0,0.0,Male,Less than 25,7198,,1,0.0,252.0,African-American,1.0,21.0,6
0,Medium,3.0,0,0.0,Male,Less than 25,2730,F,1,0.0,252.0,African-American,3.0,21.0,6
0,Medium,1.0,0,0.0,Male,Less than 25,5053,Felony,1,0.0,252.0,African-American,1.0,21.0,7
0,Low,8.0,0,0.0,Male,25 - 45,4537,F,0,0.0,492.0,African-American,8.0,41.0,4
0,Low,1.0,0,0.0,Male,Greater than 45,4451,M,0,0.0,588.0,Caucasian,1.0,49.0,1
0,Low,2.0,0,0.0,Male,25 - 45,4761,Misdemeanor,1,0.0,360.0,Hispanic,2.0,30.0,2
0,Medium,10.0,0,0.0,Male,25 - 45,7107,F,1,0.0,336.0,African-American,10.0,28.0,5
0,Low,1.0,0,0.0,Male,25 - 45,4290,M,0,0.0,348.0,African-American,1.0,29.0,1
0,High,13.0,0,0.0,Male,25 - 45,8447,F,1,0.0,360.0,Other,13.0,30.0,9
0,Low,0.0,0,0.0,Male,25 - 45,3634,F,0,0.0,468.0,Caucasian,0.0,39.0,3
0,Medium,2.0,0,0.0,Male,25 - 45,10112,M,1,0.0,300.0,African-American,2.0,25.0,5
0,High,0.0,0,0.0,Male,Less than 25,4707,M,1,0.0,252.0,African-American,0.0,21.0,9
0,Low,1.0,0,0.0,Male,Greater than 45,6781,M,0,0.0,660.0,Caucasian,1.0,55.0,2
0,Low,4.0,0,0.0,Male,25 - 45,1490,M,1,0.0,360.0,African-American,4.0,30.0,4
0,Low,3.0,0,0.0,Male,25 - 45,10967,M,1,0.0,408.0,African-American,3.0,34.0,2
0,Low,1.0,0,0.0,Male,25 - 45,1106,F,0,,504.0,Caucasian,1.0,42.0,1
0,MEDIUM,5.0,0,0.0,Male,Less than 25,1819,F,0,0.0,288.0,Other,5.0,24.0,6
0,High,11.0,2,3.0,Male,25 - 45,10254,F,0,1.0,,African-American,11.0,,9
0,High,13.0,0,0.0,Male,25 - 45,10143,M,0,0.0,312.0,African-American,13.0,26.0,8
0,Low,,0,0.0,Male,Greater than 45,2549,M,0,0.0,732.0,African-American,,61.0,1
0,Medium,19.0,1,1.0,male,25 - 45,8844,F,1,0.0,372.0,Hispanic,19.0,31.0,7
0,Medium,0.0,0,0.0,Female,Less than 25,8358,,0,0.0,252.0,African-American,0.0,21.0,6
0,Low,2.0,0,0.0,Female,25 - 45,6965,Felony,0,0.0,492.0,Other,2.0,41.0,3
0,Low,N/A,0,0.0,Female,Less than 25,6754,M,0,0.0,276.0,Hispanic,N/A,23.0,4
0,Medium,1.0,0,0.0,Male,Less than 25,5225,F,1,0.0,288.0,African-American,1.0,24.0,7
0,High,7.0,0,1.0,Male,25 - 45,8724,F,1,1.0,504.0,African-American,7.0,42.0,9
0,Medium,23.0,0,2.0,Male,25 - 45,8773,M,1,2.0,480.0,African-American,23.0,40.0,6
0,Medium,-,0,0.0,Male,Greater than 45,8826,F,0,0.0,648.0,African-American,-,54.0,6
0,medium,7.0,0,0.0,Male,25 - 45,6106,F,0,0.0,324.0,African-American,7.0,27.0,6
0,Low,0.0,0,0.0,Female,Greater than 45,8019,F,0,0.0,588.0,Caucasian,0.0,49.0,2
0,High,1.0,0,1.0,Male,Less than 25,3557,F,1,1.0,240.0,Hispanic,1.0,20.0,8
1,Low,0.0,0,1.0,Male,Less than 25,3917,f,0,0.0,264.0,African-American,0.0,22.0,3
0,Low,4.0,0,0.0,Male,Greater than 45,6405,F,0,0.0,996.0,Caucasian,4.0,83.0,1
0,Low,,0,0.0,Male,Greater than 45,8748,F,1,0.0,780.0,Caucasian,,65.0,3
0,Low,0.0,0,0.0,Male,Greater than 45,1553,F,1,0.0,612.0,Hispanic,0.0,51.0,1
0,Low,0.0,0,0.0,Male,25 - 45,9643,F,0,0.0,516.0,Caucasian,0.0,43.0,1
3,High,2.0,0,4.0,MALE,Less than 25,7546,M,0,1.0,252.0,Caucasian,2.0,21.0,10
0,Medium,0.0,0,0.0,Male,Less than 25,2800,,0,0.0,288.0,African-American,0.0,24.0,7
0,High,19.0,0,0.0,Male,25 - 45,4184,F,1,0.0,360.0,Caucasian,19.0,30.0,10
0,Low,2.0,0,0.0,Male,Less than 25,10969,M,1,0.0,288.0,African-American,2.0,24.0,3
1,High,14.0,6,8.0,Male,25 - 45,128,F,1,1.0,300.0,African American,14.0,25.0,10
0,Low,0.0,0,0.0,Male,25 - 45,4680,F,0,0.0,408.0,Hispanic,0.0,34.0,2
0,Low,7.0,0,0.0,Male,Greater than 45,1681,F,0,0.0,600.0,African-American,7.0,50.0,2
0,Low,2.0,0,0.0,Male,25 - 45,9089,M,0,0.0,444.0,Caucasian,2.0,37.0,2
0,Low,0.0,0,0.0,Male,Less than 25,9972,M,0,0.0,288.0,African-American,0.0,24.0,2
0,Low,1.0,0,0.0,Female,Less than 25,6904,F,0,0.0,276.0,African-American,1.0,23.0,4
0,Low,0.0,0,0.0,Male,Less than 25,8625,F,0,0.0,276.0,African-American,0.0,23.0,2
0,Low,2.0,0,0.0,Male,Greater than 45,1640,M,0,0.0,600.0,Caucasian,2.0,50.0,1
1,High,18.0,0,1.0,Male,25 - 45,5134,Felony,1,0.0,324.0,CAUCASIAN,18.0,27.0,9
0,High,3.0,0,0.0,Male,Less than 25,6811,F,1,0.0,276.0,African-American,3.0,23.0,9
0,Medium,1.0,0,0.0,Male,25 - 45,10848,F,0,0.0,372.0,African-American,1.0,31.0,6
0,Low,0.0,0,0.0,?,25 - 45,8998,F,1,0.0,516.0,Caucasian,0.0,43.0,1
0,High,10.0,0,0.0,Male,25 - 45,3602,M,1,0.0,420.0,African-American,10.0,35.0,8
0,Medium,0.0,0,0.0,Male,Less than 25,9746,M,0,0.0,276.0,Hispanic,0.0,23.0,7
1,Medium,10.0,2,3.0,Male,25 - 45,4983,F,1,0.0,384.0,Caucasian,10.0,32.0,5
0,High,5.0,0,0.0,Male,25 - 45,8406,F,1,,360.0,Caucasian,5.0,30.0,8
0,Low,4.0,0,0.0,Male,25 - 45,3912,M,0,0.0,420.0,Caucasian,4.0,35.0,2
0,Low,0.0,0,0.0,Male,25 - 45,10020,F,0,0.0,324.0,Caucasian,0.0,27.0,4
1,Low,,0,1.0,Male,Greater than 45,3122,M,0,0.0,552.0,Caucasian,,46.0,4
0,Medium,2.0,0,0.0,Male,25 - 45,2394,F,1,0.0,504.0,Caucasian,2.0,42.0,5
0,Low,2.0,0,0.0,Male,Less than 25,5827,M,1,0.0,276.0,African-American,2.0,23.0,4
0,Low,4.0,0,0.0,Male,25 - 45,5593,M,1,0.0,444.0,Caucasian,4.0,37.0,4
0,LOW,2.0,0,0.0,Male,Less than 25,2360,F,0,0.0,264.0,Hispanic,2.0,22.0,3
0,Medium,,0,0.0,Male,Greater than 45,9759,F,0,0.0,588.0,Caucasian,,49.0,5
0,Medium,2.0,0,0.0,Male,Less than 25,1471,M,1,0.0,,Caucasian,2.0,,5
0,Low,1.0,0,0.0,Male,Less than 25,3700,F,1,0.0,252.0,African-American,1.0,21.0,4
0,Low,3.0,0,0.0,Male,25 - 45,2217,F,0,0.0,384.0,Caucasian,3.0,32.0,4
0,Low,2.0,0,0.0,Male,25 - 45,9126,M,0,0.0,360.0,African-American,2.0,30.0,2
0,Medium,1.0,0,0.0,Male,Less than 25,3037,F,0,0.0,252.0,Hispanic,1.0,21.0,5
0,Low,0.0,0,0.0,Female,25 - 45,9703,F,1,0.0,336.0,African-American,0.0,28.0,3
0,Low,0.0,0,0.0,Female,25 - 45,9433,M,0,0.0,516.0,African-American,0.0,43.0,1
0,High,13.0,1,1.0,Male,25 - 45,3067,M,1,0.0,312.0,African-American,13.0,26.0,10
0,High,1.0,0,0.0,Male,Less than 25,979,F,1,0.0,288.0,Caucasian,1.0,24.0,10
0,Low,2.0,0,0.0,Male,Greater than 45,3465,F,0,,588.0,Other,2.0,49.0,1
0,Low,1.0,0,0.0, Male,25 - 45,7667,M,0,0.0,432.0,Caucasian,1.0,36.0,2
0,Medium,0.0,0,0.0,Female,Less than 25,8421,M,0,0.0,276.0,African-American,0.0,23.0,7
0,Low,0.0,0,0.0,Female,25 - 45,7435,F,0,0.0,348.0,African-American,0.0,29.0,4
0,Low,7.0,0,0.0,Male,25 - 45,8876,F,0,0.0,348.0,African-American,7.0,29.0,3
0,Low,-,0,0.0,Male,Greater than 45,10623,F,1,0.0,708.0,Other,-,59.0,3
0,Medium,2.0,0,0.0,Female,Less than 25,1684,f,0,0.0,288.0,Caucasian,2.0,24.0,7
0,Medium,1.0,0,0.0,Male,25 - 45,9921,M,0,0.0,324.0,African-American,1.0,27.0,5
0,Low,5.0,0,0.0,Male,25 - 45,3132,F,1,0.0,360.0,Hispanic,5.0,30.0,3
0,Low,8.0,0,0.0,Male,Greater than 45,2880,F,0,0.0,600.0,Caucasian,8.0,50.0,3
0,High,8.0,0,0.0,Male,25 - 45,7077,F,1,0.0,372.0,African-American,8.0,31.0,9
0,Medium,,0,0.0,MALE,Greater than 45,5377,F,0,0.0,828.0,African-American,,69.0,6
0,Medium,5.0,0,0.0,Male,25 - 45,5772,F,1,0.0,456.0,Caucasian,5.0,38.0,7
0,Low,0.0,0,0.0,Female ,25 - 45,5348,M,1,0.0,420.0,African-American,0.0,35.0,1
0,Medium,1.0,0,0.0,Male,25 - 45,8946,M,0,0.0,384.0,African-American,1.0,32.0,7
1,Low,3.0,0,1.0,female,25 - 45,1369,M,0,0.0,336.0,Caucasian,3.0,28.0,4
0,High,1.0,0,0.0,Male,25 - 45,7821,F,0,0.0,360.0,Caucasian,1.0,30.0,8
0,MEDIUM,0.0,0,0.0,Male,Less than 25,2908,F,0,0.0,276.0,African-American,0.0,23.0,5
0,Low,1.0,0,0.0,MALE,25 - 45,5074,M,1,0.0,396.0,African-American,1.0,33.0,1
2,Low,0.0,0,2.0,Male,Less than 25,4524,F,0,0.0,240.0,Caucasian,0.0,20.0,4
0,LOW,0.0,0,0.0,Male,25 - 45,9224,F,0,0.0,468.0,Caucasian,0.0,39.0,1
0,Low,1.0,1,1.0,MALE,Less than 25,1774,M,0,,276.0,Caucasian,1.0,23.0,2
0,Low,4.0,0,0.0,Male,Greater than 45,8291,M,0,0.0,708.0,African-American,4.0,59.0,1
0,High,N/A,0,0.0,Male,25 - 45,10844,F,1,0.0,,Caucasian,N/A,,8
0,Low,0.0,0,0.0,Male,25 - 45,157,F,0,0.0,360.0,Caucasian,0.0,30.0,4
0,Medium,9.0,0,0.0,Male,Greater than 45,5259,M,1,0.0,600.0,Hispanic,9.0,50.0,5
0,Low,4.0,0,0.0,Male,25 - 45,7180,m,0,0.0,444.0,Hispanic,4.0,37.0,4
0,Low,2.0,0,0.0,Male,Less than 25,4877,F,1,0.0,264.0,Caucasian,2.0,22.0,3
0,Low,1.0,0,0.0,Male,Less than 25,5370,M,0,0.0,276.0,African American,1.0,23.0,2
0,LOW,2.0,0,0.0,Male,25 - 45,9712,Felony,1,0.0,312.0,African-American,2.0,26.0,4
0,Medium,4.0,0,0.0,Male,25 - 45,7670,f,1,0.0,312.0,African-American,4.0,26.0,7
0,LOW,6.0,0,0.0,Male,25 - 45,6019,F,1,0.0,384.0,Caucasian,6.0,32.0,2
0,Low,3.0,2,3.0,Male,Less than 25,1559,M,0,1.0,288.0,Caucasian,3.0,24.0,4
0,Medium,3.0,0,0.0,Male,Less than 25,6798,F,0,0.0,276.0,Caucasian,3.0,23.0,5
0,Low,0.0,0,0.0,Male,Greater than 45,10570,F,0,0.0,540.0,Caucasian,0.0,45.0,3
0,Medium,1.0,0,0.0,Male,Less than 25,9044,F,1,0.0,264.0,African-American,1.0,22.0,7
0,Medium,7.0,0,0.0,Male,Less than 25,7653,F,1,0.0,288.0,African-American,7.0,24.0,7
0,High,2.0,0,0.0, Male,Less than 25,6924,F,1,0.0,276.0,African-American,2.0,23.0,9
0,Low,0.0,0,0.0,Male,25 - 45,5890,M,1,0.0,324.0,African-American,0.0,27.0,2
0,High,4.0,0,0.0,Male,Less than 25,1928,F,0,0.0,276.0,Hispanic,4.0,23.0,9
0,Medium,12.0,0,0.0,Male,25 - 45,8702,M,1,0.0,348.0,Caucasian,12.0,29.0,6
0,Medium,19.0,0,0.0,Male,Greater than 45,4038,F,1,0.0,540.0,Caucasian,19.0,45.0,6
0,High,10.0,1,3.0,Male,Less than 25,8935,,0,2.0,288.0,African-American,10.0,24.0,9
0,Low,5.0,0,0.0,Male,25 - 45,7310,F,0,0.0,408.0,Caucasian,5.0,34.0,2
0,Medium,3.0,0,0.0,Male,Less than 25,10641,F,1,0.0,264.0,African-American,3.0,22.0,5
0,Medium,1.0,0,0.0,Male,Less than 25,3160,F,1,0.0,264.0,African-American,1.0,22.0,6
0,Low,1.0,0,0.0,Male,25 - 45,8320,F,1,0.0,300.0,Other,1.0,25.0,4
0,Medium,4.0,0,0.0,Male,25 - 45,1146,F,1,0.0,312.0,African-American,4.0,26.0,7
0,Low,2.0,0,0.0,Male,25 - 45,1399,F,0,0.0,348.0, Caucasian,2.0,29.0,3
0,MEDIUM,0.0,0,0.0,Female,Less than 25,2075,M,0,,288.0,Caucasian,0.0,24.0,6
0,Low,12.0,0,0.0,Male,Greater than 45,6788,F,0,0.0,732.0,African-American,12.0,61.0,3
1,High,4.0,0,1.0,Male,Less than 25,451,,1,0.0,276.0,African-American,4.0,23.0,8
0,Low,0.0,0,0.0,Male,Greater than 45,7725,m,0,0.0,924.0,African-American,0.0,77.0,1
0,Low,0.0,0,0.0,MALE,Less than 25,1448,M,0,0.0,276.0,Caucasian,0.0,23.0,3
1,Medium,8.0,1,2.0,male,25 - 45,3992,F,1,0.0,324.0,Hispanic,8.0,27.0,5
0,Low,0.0,0,0.0,Male,Greater than 45,9419,F,1,0.0,540.0,AFRICAN-AMERICAN,0.0,45.0,3
0,High,2.0,0,0.0,Male,25 - 45,10519,M,1,0.0,432.0,African-American,2.0,36.0,9
0,Medium,16.0,0,0.0,Male,25 - 45,2127,M,1,0.0,396.0,African-American,16.0,33.0,7
0,Low,1.0,0,0.0,Male,25 - 45,6492,M,0,0.0,360.0,?,1.0,30.0,2
0,Medium,8.0,0,0.0,Male,25 - 45,9710,F,1,0.0,324.0,African-American,8.0,27.0,5
0,High,2.0,0,0.0,Male,25 - 45,10280,F,1,0.0,324.0,African-American,2.0,27.0,10
1,Low,2.0,0,1.0,Male,25 - 45,538,M,0,0.0,348.0,AFRICAN-AMERICAN,2.0,29.0,4
0,Low,5.0,0,0.0,Male,25 - 45,6251,F,0,0.0,396.0,AFRICAN-AMERICAN,5.0,33.0,4
0,Low,1.0,0,0.0,Male,25 - 45,9197,F,1,0.0,300.0,Other,1.0,25.0,4
0,Medium,,0,0.0,Male,Greater than 45,7263,F,0,0.0,780.0,Caucasian,,65.0,6
0,Low,9.0,0,0.0,Male,25 - 45,3809,M,1,0.0,312.0,Caucasian,9.0,26.0,4
0,Low,0.0,0,0.0,Male,25 - 45,463,M,1,0.0,528.0,Caucasian,0.0,44.0,1
0,Low,4.0,0,0.0,Male,25 - 45,728,F,1,0.0,408.0,Hispanic,4.0,34.0,1
0,Low,0.0,0,0.0,Male,Greater than 45,4696,F,0,0.0,672.0,Hispanic,0.0,56.0,1
0,Medium,0.0,0,0.0,Male,Less than 25,2937,F,1,0.0,240.0,CAUCASIAN,0.0,20.0,5
0,Low,0.0,0,0.0,Male,25 - 45,2790,m,0,0.0,516.0,caucasian,0.0,43.0,4
0,Low,1.0,0,0.0,MALE,25 - 45,9645,M,0,0.0,312.0,Caucasian,1.0,26.0,4
0,Low,0.0,0,0.0,Male,Less than 25,4270,F,0,0.0,252.0,African-American,0.0,21.0,4
0,Low,3.0,0,0.0,Male,Less than 25,4923,F,1,0.0,288.0,Other,3.0,24.0,3
1,Medium,2.0,0,1.0, Male,Less than 25,7693,F,1,0.0,240.0,African-American,2.0,20.0,7
0,Medium,8.0,0,0.0,Male,25 - 45,2195,F,1,0.0,300.0,African-American,8.0,25.0,6
0,Low,0.0,0,0.0,Female,25 - 45,300,M,0,0.0,444.0,Caucasian,0.0,37.0,3
0,Medium,6.0,0,0.0,Male,25 - 45,4052,F,0,0.0,432.0,African-American,6.0,36.0,5
0,High,2.0,0,1.0,Male,Less than 25,10764,,1,1.0,240.0,African-American,2.0,20.0,10
0,Low,4.0,0,0.0,Male,Greater than 45,5921,M,1,0.0,624.0,Caucasian,4.0,52.0,3
0,Medium,2.0,0,0.0,male,Less than 25,8926,M,1,0.0,288.0,African-American,2.0,24.0,6
0,High,4.0,0,0.0,Male,25 - 45,2893,F,0,0.0,324.0,African-American,4.0,27.0,8
0,Low,0.0,0,-1.0,Male,25 - 45,7053,F,0,-1.0,432.0,African-American,0.0,36.0,4
0,Medium,3.0,0,0.0,Male,Less than 25,1343,f,1,0.0,288.0,Hispanic,3.0,24.0,6
0,High,13.0,0,0.0,Male,25 - 45,10553,F,1,0.0,336.0,African-American,13.0,28.0,8
0,Medium,0.0,0,0.0,Male,Less than 25,10651,M,0,0.0,276.0,Caucasian,0.0,23.0,6
0,Low,,0,0.0,Male,Greater than 45,6536,Misdemeanor,0,0.0,708.0,Caucasian,,59.0,1
0,High,3.0,1,1.0,Male,Less than 25,7622,F,1,0.0,288.0,African-American,3.0,24.0,10
0,Low,0.0,0,0.0,?,Less than 25,2069,F,0,0.0,276.0,African-American,0.0,23.0,3
0,Low,1.0,0,0.0,Male,25 - 45,3598,F,0,0.0,408.0,African-American,1.0,34.0,1
0,Low,1.0,0,0.0,Male,25 - 45,4503,M,1,0.0,348.0,African-American,1.0,29.0,2
0,Low,1.0,0,0.0,Male,25 - 45,153,F,0,0.0,360.0,African-American,1.0,30.0,2
0,Low,2.0,0,0.0,Female,25 - 45,5850,M,1,0.0,300.0,Caucasian,2.0,25.0,3
0,Low,-,0,0.0,Male,Less than 25,1796,F,1,0.0,252.0,African-American,-,21.0,3
0,Low,0.0,0,0.0,Male,25 - 45,3395,F,1,0.0,384.0,Other,0.0,32.0,1
0,Low,1.0,0,0.0,Male,25 - 45,2186,F,1,0.0,516.0, Caucasian,1.0,43.0,2
0,Low,2.0,0,0.0,Male,25 - 45,2932,F,0,0.0,432.0,African-American,2.0,36.0,2
0,High,3.0,0,0.0,Male,25 - 45,7136,F,1,0.0,312.0,African-American,3.0,26.0,10
0,Medium,0.0,0,0.0,Male,Less than 25,10334,F,1,0.0,240.0,African-American,0.0,20.0,6
0,Low,6.0,0,0.0,Male,Greater than 45,4678,F,0,0.0,756.0,African-American,6.0,63.0,3
0,Medium,6.0,0,0.0,n/a,25 - 45,8258,f,1,0.0,312.0,African-American,6.0,26.0,7
0,Low,2.0,0,0.0,Male,Greater than 45,5755,F,0,0.0,672.0,Caucasian,2.0,56.0,1
0,High,1.0,0,1.0,Female,Less than 25,4501,F,1,1.0,240.0,African-American,1.0,20.0,10
0,Medium,1.0,0,0.0,Male,25 - 45,3090,F,0,0.0,300.0,African-American,1.0,25.0,6
3,Low,2.0,0,3.0,Male,Less than 25,5201,Felony,1,0.0,276.0,African-American,2.0,23.0,4
1,low,1.0,0,1.0,Male,Less than 25,9244,F,1,0.0,288.0,African American,1.0,24.0,3
0,Medium,6.0,0,0.0,Male,25 - 45,937,F,1,0.0,360.0,Hispanic,6.0,30.0,5
0,Medium,1.0,0,0.0,Male,Less than 25,637,F,1,0.0,264.0,Caucasian,1.0,22.0,5
0,Medium,1.0,0,0.0,Male,25 - 45,2123,M,1,0.0,324.0,Caucasian,1.0,27.0,6
0,High,0.0,0,0.0,Male,Less than 25,3831,F,1,0.0,252.0,Caucasian,0.0,21.0,8
0,Medium,0.0,0,0.0,Female,Less than 25,1160,,0,0.0,276.0,African-American,0.0,23.0,7
0,Low,,0,0.0,Male,Greater than 45,8655,F,1,0.0,660.0,Caucasian,,55.0,1
0,High,0.0,0,0.0,Male,25 - 45,6040,M,1,0.0,348.0,African-American,0.0,29.0,9
0,Low,2.0,0,0.0,Male,25 - 45,213,M,1,0.0,372.0,Caucasian,2.0,31.0,3
1,Medium,2.0,0,1.0,Male,Less than 25,8799,F,1,0.0,252.0,African-American,2.0,21.0,6
1,High,14.0,0,3.0,Male,25 - 45,8344,M,1,2.0,492.0,African-American,14.0,41.0,8
0,Low,1.0,0,0.0,Female,Greater than 45,1727,F,0,0.0,624.0,African-American,1.0,52.0,1
0,High,0.0,0,0.0,Male,25 - 45,10274,M,1,0.0,420.0,African-American,0.0,35.0,8
0,High,0.0,0,0.0,Male,25 - 45,5282,F,1,0.0,324.0, Caucasian,0.0,27.0,9
0,Low,0.0,0,0.0,Male,25 - 45,7358,F,0,0.0,300.0,Other,0.0,25.0,4
0,Medium,8.0,0,1.0,Male,25 - 45,5334,M,0,1.0,456.0,African-American,8.0,38.0,7
2,High,16.0,2,4.0,Male,25 - 45,7573,F,1,0.0,396.0,African-American,16.0,33.0,9
0,Medium,10.0,0,0.0,Male,25 - 45,9067,M,1,0.0,432.0,Caucasian,10.0,36.0,5
0,Medium,0.0,0,0.0,Male,25 - 45,8418,F,0,0.0,528.0,Caucasian,0.0,44.0,7
0,Low,,0,0.0,Male,Greater than 45,5073,F,0,0.0,660.0,African-American,,55.0,2
0,Low,,0,0.0,Male,Greater than 45,1620,F,0,0.0,636.0,Caucasian,,53.0,1
0,Medium,1.0,0,0.0,Male,Less than 25,6393,M,1,0.0,288.0,African-American,1.0,24.0,6
0,High,16.0,0,0.0,Male,Greater than 45,9550,F,1,0.0,624.0,African-American,16.0,52.0,8
0,Low,0.0,0,0.0,Male,Greater than 45,6813,M,0,0.0,540.0,Other,0.0,45.0,1
0,High,6.0,0,0.0,Female,25 - 45,7774,M,1,0.0,336.0,Caucasian,6.0,28.0,10
0,Low,0.0,0,0.0,Female,25 - 45,5951,F,0,0.0,396.0,Hispanic,0.0,33.0,2
0,Low,6.0,1,1.0,Male,25 - 45,2412,F,0,0.0,300.0,Caucasian,6.0,25.0,4
0,Low,0.0,0,0.0,Male,Greater than 45,1215,M,0,0.0,996.0,Hispanic,0.0,83.0,1
0,Low,0.0,0,0.0,Female,25 - 45,5162,F,0,0.0,492.0,Caucasian,0.0,41.0,3
0,Medium,1.0,0,0.0,Male,Greater than 45,3604,F,0,0.0,636.0,Other,1.0,53.0,5
0,Low,0.0,0,0.0,Male,Greater than 45,7054,M,0,0.0,612.0,Caucasian,0.0,51.0,1
0,Low,,0,0.0,Male,Greater than 45,1530,M,0,0.0,828.0,Hispanic,,69.0,1
0,Low,2.0,0,0.0,Male,25 - 45,4479,M,0,0.0,396.0,African-American,2.0,33.0,1
0,Low,1.0,0,0.0,Female,25 - 45,10088,F,0,0.0,336.0,African-American,1.0,28.0,2
0,Low,4.0,0,0.0,Male,Greater than 45,6898,Felony,0,0.0,744.0,African-American,4.0,62.0,1
0,Medium,1.0,0,0.0,Female,25 - 45,6433,F,1,0.0,348.0,Caucasian,1.0,29.0,7
0,Low,,0,0.0,Male,Greater than 45,9621,F,0,0.0,636.0,Caucasian,,53.0,2
0,Low,0.0,0,0.0,Male,25 - 45,8770,M,0,0.0,408.0,Asian,0.0,34.0,2
1,High,1.0,0,1.0,Male,Less than 25,6672,F,1,0.0,264.0,African-American,1.0,22.0,10
0,Low,0.0,0,0.0,Male,Less than 25,3320,F,0,0.0,288.0, Caucasian,0.0,24.0,4
0,High,9.0,0,0.0,Male,Greater than 45,4235,F,1,0.0,612.0,African-American,9.0,51.0,9
0,Low,1.0,0,0.0,Male,25 - 45,10349,F,1,0.0,336.0,african-american,1.0,28.0,1
0,Medium,0.0,0,0.0,Male,Less than 25,10046,F,1,0.0,276.0,Caucasian,0.0,23.0,6
0,Low,1.0,0,0.0,Female,25 - 45,9988,F,0,0.0,480.0,African-American,1.0,40.0,1
0,Medium,1.0,0,0.0,Male,25 - 45,1342,F,0,0.0,384.0,African-American,1.0,32.0,7
0,Low,0.0,0,0.0,Male,25 - 45,8091,F,1,0.0,516.0,African-American,0.0,43.0,1
0,Low,3.0,0,0.0,Female,Greater than 45,3305,F,0,0.0,588.0,Caucasian,3.0,49.0,2
0,Low,0.0,0,0.0,Female,Greater than 45,1658,M,0,0.0,648.0,Hispanic,0.0,54.0,1
0,Medium,0.0,0,0.0,Male,Less than 25,3338,M,0,0.0,,African-American,0.0,,6
0,Low,0.0,0,0.0,Male,25 - 45,9802,F,0,0.0,408.0,African-American,0.0,34.0,1
0,Medium,0.0,0,0.0,Female,25 - 45,1829,F,0,0.0,360.0,Caucasian,0.0,30.0,5
0,Low,1.0,0,0.0,Female,25 - 45,9663,M,0,0.0,348.0,African-American,1.0,29.0,4
0,Low,1.0,0,0.0,Female,Greater than 45,9272,F,0,0.0,708.0,Caucasian,1.0,59.0,1
1,High,9.0,0,1.0,Female,25 - 45,7530,M,0,0.0,516.0,African-American,9.0,43.0,9
1,High,19.0,0,2.0,Male,Greater than 45,5765,F,0,1.0,612.0,African-American,19.0,51.0,9
0,High,11.0,1,1.0,Male,25 - 45,1718,F,1,0.0,300.0,African-American,11.0,25.0,9
0,Low,2.0,0,0.0,Female,25 - 45,4613,F,0,0.0,384.0,African-American,2.0,32.0,3
0,Medium,0.0,0,0.0,Male,25 - 45,8925,F,0,0.0,324.0,African-American,0.0,27.0,5
0,Medium,7.0,0,0.0,Male,25 - 45,7217,F,0,0.0,312.0,Caucasian,7.0,26.0,5
0,High,10.0,0,0.0,Male,25 - 45,7919,F,1,0.0,324.0,African-American,10.0,27.0,8
0,Low,,0,0.0,Male,Greater than 45,10428,M,0,0.0,636.0,Caucasian,,53.0,4
0,Medium,0.0,0,0.0,Female,Less than 25,7848,,0,0.0,252.0,Caucasian,0.0,21.0,5
0,Medium,1.0,0,0.0,Male,25 - 45,10299,M,0,0.0,492.0,African American,1.0,41.0,5
0,Medium,3.0,0,0.0,Male,Greater than 45,322,F,0,0.0,540.0,African-American,3.0,45.0,6
0,High,6.0,0,0.0,Male,25 - 45,8068,Felony,0,0.0,384.0,Caucasian,6.0,32.0,8
0,High,3.0,0,0.0,Male,25 - 45,10356,F,1,0.0,336.0,Hispanic,3.0,28.0,8
0,High,16.0,0,0.0,Male,Greater than 45,10411,M,0,0.0,756.0,African-American,16.0,63.0,9
0,Low,3.0,0,0.0,Male,25 - 45,722,F,0,0.0,444.0,?,3.0,37.0,2
0,Low,2.0,0,0.0,Male,25 - 45,861,F,1,0.0,300.0,Caucasian,2.0,25.0,4
0,Medium,0.0,0,0.0,Male,25 - 45,3212,F,1,0.0,300.0,African-American,0.0,25.0,7
0,Low,0.0,0,0.0,Female ,25 - 45,3988,M,1,0.0,384.0,African-American,0.0,32.0,3
1,High,16.0,0,1.0,Male,25 - 45,5842,F,1,0.0,348.0,African-American,16.0,29.0,10
0,Medium,5.0,0,0.0,Male,25 - 45,7752,Felony,1,0.0,300.0,Caucasian,5.0,25.0,7
0,Low,0.0,0,0.0,Male,25 - 45,5331,M,0,0.0,324.0,african-american,0.0,27.0,1
0,Low,10.0,0,0.0,Female,Greater than 45,4421,F,1,0.0,636.0,African-American,10.0,53.0,2
0,Low,1.0,0,0.0,Female,25 - 45,10540,M,1,0.0,372.0,Caucasian,1.0,31.0,1
1,Low,0.0,0,1.0,Female,Less than 25,2320,F,1,0.0,264.0,African-American,0.0,22.0,4
0,Medium,1.0,0,0.0,Male,Less than 25,5997,F,0,0.0,288.0,Caucasian,1.0,24.0,6
0,Low,0.0,0,0.0,Male,25 - 45,547,F,0,0.0,360.0,Caucasian,0.0,30.0,4
0,High,16.0,0,0.0,Male,25 - 45,1702,F,1,0.0,396.0,African-American,16.0,33.0,9
0,Low,0.0,0,0.0,Male,Less than 25,7551,M,1,0.0,252.0,African-American,0.0,21.0,2
0,Medium,3.0,1,1.0,Male,25 - 45,10388,M,1,0.0,312.0,?,3.0,26.0,6
0,High,0.0,0,0.0,Male,Less than 25,2848,M,1,0.0,276.0,Caucasian,0.0,23.0,8
0,Low,0.0,0,0.0,Male,Less than 25,7737,f,0,0.0,276.0,Caucasian,0.0,23.0,2
0,Low,,0,0.0,Male,Greater than 45,1730,F,0,0.0,564.0,African-American,,47.0,4
0,Low,7.0,0,0.0,Female,25 - 45,8920,F,1,0.0,420.0,African-American,7.0,35.0,2
0,Medium,8.0,0,0.0,Male,25 - 45,8285,M,1,0.0,336.0,African-American,8.0,28.0,6
0,Low,0.0,0,0.0,Female,25 - 45,5824,M,0,0.0,336.0,African-American,0.0,28.0,2
0,Low,0.0,0,0.0,Male,25 - 45,5211,F,0,0.0,348.0,Hispanic,0.0,29.0,3
0,Medium,0.0,0,0.0,female,25 - 45,9062,M,0,0.0,480.0,CAUCASIAN,0.0,40.0,5
0,Low,0.0,0,0.0,Male,Greater than 45,4609,M,0,0.0,600.0,Caucasian,0.0,50.0,1
0,Low,1.0,0,0.0,Male,25 - 45,9886,F,0,0.0,384.0,Hispanic,1.0,32.0,1
0,Low,0.0,0,0.0,Female,25 - 45,5472,F,1,0.0,324.0,Caucasian,0.0,27.0,2
0,Low,1.0,0,0.0,Male,25 - 45,7454,M,1,0.0,504.0,African-American,1.0,42.0,2
0,Low,0.0,0,0.0,Female,25 - 45,5454,F,1,0.0,300.0,Caucasian,0.0,25.0,4
0,Low,,0,0.0,Male,Greater than 45,2338,m,0,0.0,708.0,Hispanic,,59.0,1
0,Medium,4.0,0,0.0,Male,25 - 45,3668,M,0,0.0,420.0,African-American,4.0,35.0,5
0,Low,0.0,0,0.0,Male,25 - 45,7974,M,1,0.0,444.0,African-American,0.0,37.0,1
1,High,2.0,0,1.0,Female,25 - 45,8422,F,1,0.0,372.0,Caucasian,2.0,31.0,8
0,Low,0.0,0,0.0,Male,Less than 25,3511,F,0,0.0,276.0,Caucasian,0.0,23.0,3
0,Low,9.0,0,0.0,Male,25 - 45,10036,m,1,0.0,312.0,African-American,9.0,26.0,4
0,Medium,0.0,0,0.0,Female,25 - 45,2787,F,1,0.0,468.0,African-American,0.0,39.0,5
1,High,27.0,5,6.0,Male,25 - 45,7812,M,1,0.0,324.0,African-American,27.0,27.0,10
0,Medium,3.0,0,0.0,Male,25 - 45,9326,M,1,0.0,420.0,Caucasian,3.0,35.0,5
0,Low,,0,0.0,Male,Greater than 45,7732,m,1,0.0,636.0,African-American,,53.0,2
1,High,1.0,0,1.0, Male,Less than 25,659,,1,0.0,228.0,Caucasian,1.0,19.0,10
0,LOW,2.0,0,0.0,Male,25 - 45,7754,M,1,,300.0,Caucasian,2.0,25.0,4
0,LOW,N/A,0,0.0,Male,25 - 45,5650,F,0,0.0,336.0,African-American,N/A,28.0,4
3,High,21.0,1,6.0,Male,25 - 45,54,F,1,2.0,408.0,?,21.0,34.0,9
0,Low,5.0,0,0.0,Male,Greater than 45,2582,M,0,0.0,552.0,Caucasian,5.0,46.0,3
0,Low,0.0,0,0.0,Male,25 - 45,704,F,0,0.0,504.0,African-American,0.0,42.0,1
0,Low,0.0,0,0.0,Female,Greater than 45,4358,F,0,0.0,768.0,Other,0.0,64.0,1
0,Low,1.0,0,0.0,Male,Greater than 45,10168,M,0,0.0,588.0,Caucasian,1.0,49.0,1
0,Low,1.0,0,0.0,Male,25 - 45,5912,F,0,0.0,504.0,Hispanic,1.0,42.0,1
0,Medium,0.0,0,0.0,Male,25 - 45,3139,F,0,0.0,300.0,Hispanic,0.0,25.0,7
0,Low,3.0,0,0.0,Male,Greater than 45,4737,F,0,0.0,552.0,African-American,3.0,46.0,4
0,Low,0.0,0,0.0, Male,25 - 45,2869,M,0,0.0,432.0,Hispanic,0.0,36.0,1
0,High,4.0,0,0.0,Male,25 - 45,6652,F,1,0.0,300.0,African-American,4.0,25.0,8
0,Low,1.0,0,0.0,Male,25 - 45,3008,M,1,0.0,372.0,caucasian,1.0,31.0,2
0,Medium,0.0,0,0.0,Female,25 - 45,7381,F,0,0.0,516.0,African-American,0.0,43.0,6
0,Low,0.0,0,0.0,Male,Less than 25,9704,F,0,0.0,240.0,African-American,0.0,20.0,3
0,Low,0.0,0,0.0,Male,25 - 45,2085,F,1,0.0,396.0,Caucasian,0.0,33.0,2
0,Medium,1.0,0,0.0,Male,Less than 25,5247,F,1,0.0,288.0,African-American,1.0,24.0,6
0,Low,0.0,0,0.0,Male,Less than 25,2540,F,0,0.0,252.0,Caucasian,0.0,21.0,3
1,High,7.0,0,1.0,Male,25 - 45,2620,M,1,0.0,300.0,African-American,7.0,25.0,9
0,Low,1.0,0,0.0,Male,25 - 45,2955,M,0,0.0,360.0,AFRICAN-AMERICAN,1.0,30.0,2
0,Low,,0,0.0,Male,Greater than 45,299,F,0,0.0,600.0,Caucasian,,50.0,1
0,High,9.0,0,0.0,Male,25 - 45,8209,F,0,0.0,336.0,Asian,9.0,28.0,8
1,High,6.0,3,4.0,Male,Less than 25,2018,,1,0.0,264.0,African-American,6.0,22.0,10
0,Medium,0.0,0,0.0,Male,Less than 25,3198,F,0,,252.0,Other,0.0,21.0,6
0,Medium,-,0,0.0,Male,Less than 25,3754,F,1,0.0,264.0,African-American,-,22.0,6
0,Medium,1.0,0,0.0,female,Greater than 45,2439,M,0,0.0,552.0,African-American,1.0,46.0,5
0,MEDIUM,10.0,0,0.0,Male,25 - 45,1456,f,1,0.0,324.0,African-American,10.0,27.0,6
0,High,2.0,0,0.0,Male,25 - 45,7202,F,0,0.0,384.0,African-American,2.0,32.0,10
0,Medium,1.0,0,0.0,Male,Less than 25,7419,F,0,0.0,252.0,African-American,1.0,21.0,7
0,Medium,0.0,0,0.0,Female,Less than 25,8728,Misdemeanor,0,0.0,288.0,Caucasian,0.0,24.0,6
0,Low,0.0,0,0.0,Female,Less than 25,6481,M,0,0.0,276.0,-,0.0,23.0,4
0,Low,1.0,0,0.0,Male,25 - 45,71,F,1,0.0,348.0,caucasian,1.0,29.0,2
0,High,17.0,1,1.0,Male,25 - 45,8552,F,1,0.0,348.0,African-American,17.0,29.0,10
0,Low,8.0,0,0.0,Male,25 - 45,9985,F,0,0.0,504.0,Caucasian,8.0,42.0,4
0,Low,0.0,0,0.0,Male,25 - 45,6564,F,0,0.0,408.0,Caucasian,0.0,34.0,3
0,High,10.0,0,0.0,Male,25 - 45,8559,F,1,0.0,300.0,African-American,10.0,25.0,9
0,Low,3.0,0,0.0,Male,25 - 45,4226,F,1,0.0,,Caucasian,3.0,,4
0,LOW,0.0,0,0.0, Male,Greater than 45,7694,M,0,,624.0,African-American,0.0,52.0,1
0,Medium,0.0,0,0.0,Female,Less than 25,7897,M,1,0.0,288.0,Caucasian,0.0,24.0,5
0,High,0.0,0,0.0,Male,25 - 45,7205,F,1,0.0,324.0,Caucasian,0.0,27.0,8
0,LOW,2.0,0,0.0,Male,25 - 45,3118,M,0,0.0,336.0,African-American,2.0,28.0,4
0,Low,0.0,0,0.0,Male,25 - 45,10595,m,0,0.0,468.0,Caucasian,0.0,39.0,1
0,high,0.0,0,0.0,Male,Less than 25,7894,F,0,0.0,240.0,African-American,0.0,20.0,8
0,high,11.0,0,0.0,Male,Less than 25,2807,F,1,0.0,288.0,Hispanic,11.0,24.0,10
0,Low,1.0,0,0.0,Male,Less than 25,9795,F,0,0.0,288.0,Hispanic,1.0,24.0,2
0,Low,1.0,0,0.0,Male,25 - 45,10065,M,0,0.0,312.0,Caucasian,1.0,26.0,4
0,Medium,8.0,0,0.0,Male,25 - 45,3663,F,0,0.0,396.0,African-American,8.0,33.0,6
0,Medium,1.0,0,0.0,MALE,25 - 45,1046,M,0,0.0,432.0,African-American,1.0,36.0,5
0,Low,2.0,0,0.0,Male,Greater than 45,2130,M,1,0.0,660.0,Caucasian,2.0,55.0,1
0,Low,3.0,0,0.0,Male,25 - 45,10894,F,0,0.0,396.0,African-American,3.0,33.0,4
0,Low,7.0,0,0.0,Male,25 - 45,5924,M,1,0.0,336.0,African-American,7.0,28.0,3
0,Low,3.0,0,0.0,Male,25 - 45,10431,M,0,0.0,492.0,Caucasian,3.0,41.0,1
0,Low,8.0,0,0.0,Female,Greater than 45,2554,F,0,0.0,588.0,CAUCASIAN,8.0,49.0,2
0,Medium,2.0,0,0.0,Male,25 - 45,3344,F,1,0.0,456.0,African-American,2.0,38.0,7
0,Low,0.0,0,0.0,Male,Less than 25,5170,F,1,0.0,264.0,Other,0.0,22.0,2
1,High,0.0,0,1.0,Male,Less than 25,7481,F,1,0.0,252.0,Caucasian,0.0,21.0,8
0,High,4.0,0,0.0,Male,25 - 45,3278,f,1,0.0,300.0,African-American,4.0,25.0,10
0,Low,,0,0.0,Male,Greater than 45,7744,M,1,0.0,636.0,Caucasian,,53.0,2
0,Low,1.0,0,0.0,Male,25 - 45,10507,F,0,0.0,396.0,Caucasian,1.0,33.0,2
0,Low,0.0,0,0.0,Male,25 - 45,6101,M,0,0.0,324.0,Caucasian,0.0,27.0,2
1,High,11.0,0,1.0,Female,Less than 25,7362,,1,0.0,288.0,African-American,11.0,24.0,9
0,High,5.0,0,0.0,Male,25 - 45,5275,F,0,0.0,348.0,African-American,5.0,29.0,10
0,Medium,1.0,0,0.0,Male,Less than 25,8989,M,1,0.0,264.0,African-American,1.0,22.0,7
0,Medium,3.0,0,0.0,Male,25 - 45,5501,F,1,0.0,396.0,African-American,3.0,33.0,5
0,Medium,,0,0.0, Male,Greater than 45,3375,F,1,0.0,624.0,Hispanic,,52.0,7
1,Low,1.0,0,1.0,Female,25 - 45,8794,F,0,0.0,360.0,Caucasian,1.0,30.0,2
0,Low,0.0,0,0.0,Male,Less than 25,10021,F,0,0.0,288.0,Caucasian,0.0,24.0,4
0,Low,0.0,0,0.0,Male,25 - 45,5217,F,1,0.0,444.0,African-American,0.0,37.0,1
0,high,3.0,0,0.0,Female,Less than 25,657,F,1,0.0,288.0,African-American,3.0,24.0,10
0,Medium,3.0,0,0.0,Male,Greater than 45,7162,F,1,0.0,564.0,African-American,3.0,47.0,5
0,HIGH,5.0,0,0.0,Female,Less than 25,7278,F,1,0.0,264.0,African-American,5.0,22.0,9
0,Low,5.0,0,0.0,Male,25 - 45,4296,F,0,0.0,444.0,Hispanic,5.0,37.0,2
0,Low,4.0,0,0.0,Male,25 - 45,2009,M,1,0.0,384.0,African-American,4.0,32.0,4
0,Low,1.0,0,0.0,Male,25 - 45,10333,F,0,0.0,480.0,Other,1.0,40.0,1
0,Medium,0.0,0,0.0,Male,25 - 45,6809,F,0,0.0,348.0,African-American,0.0,29.0,6
0,Medium,10.0,0,0.0,n/a,25 - 45,1705,F,0,0.0,360.0,African-American,10.0,30.0,5
0,Low,,0,0.0,Male,Greater than 45,4415,M,1,0.0,564.0,African-American,,47.0,1
0,Low,0.0,0,0.0,Male,Less than 25,4157,F,1,0.0,264.0,African-American,0.0,22.0,4
0,Low,3.0,0,0.0,Male,25 - 45,849,F,1,0.0,468.0,African-American,3.0,39.0,3
0,Low,0.0,0,0.0,Male,25 - 45,664,M,0,0.0,408.0,Caucasian,0.0,34.0,1
0,Low,1.0,0,0.0,Male,25 - 45,4039,M,0,0.0,396.0,Hispanic,1.0,33.0,4
2,High,14.0,0,2.0,Female,25 - 45,8223,Felony,0,0.0,372.0,Caucasian,14.0,31.0,10
0,Low,0.0,0,0.0,Female,25 - 45,3726,F,0,0.0,492.0,Hispanic,0.0,41.0,1
0,Low,2.0,0,0.0,Male,25 - 45,59,M,1,0.0,348.0,caucasian,2.0,29.0,2
0,Medium,1.0,0,0.0,Male,25 - 45,8608,M,0,0.0,420.0,African-American,1.0,35.0,6
3,Medium,4.0,0,3.0,Male,Less than 25,8568,F,1,0.0,288.0,African-American,4.0,24.0,5
0,High,9.0,0,0.0,Male,25 - 45,2979,f,0,0.0,528.0,African-American,9.0,44.0,8
0,Low,0.0,0,0.0,Male,Greater than 45,10317,M,0,,744.0,African-American,0.0,62.0,1
0,LOW,4.0,0,0.0,Male,25 - 45,5323,F,0,0.0,444.0,African-American,4.0,37.0,1
0,Medium,2.0,0,0.0,FEMALE,25 - 45,6838,F,1,0.0,468.0,Caucasian,2.0,39.0,5
0,Low,1.0,0,0.0,Female,Less than 25,8523,f,0,0.0,264.0,Hispanic,1.0,22.0,4
0,Low,0.0,0,0.0,Female,Greater than 45,594,M,0,0.0,624.0,Caucasian,0.0,52.0,1
0,Low,2.0,0,0.0,Female,25 - 45,2689,M,0,0.0,336.0,African-American,2.0,28.0,2
0,Low,2.0,0,0.0,Male,25 - 45,8596,M,1,0.0,456.0,African-American,2.0,38.0,4
0,Low,0.0,0,0.0,Male,25 - 45,8716,M,0,0.0,360.0,African-American,0.0,30.0,1
0,Low,2.0,0,0.0,Male,25 - 45,8048,F,0,0.0,396.0,Caucasian,2.0,33.0,3
0,High,0.0,0,0.0,MALE,Less than 25,1924,,1,0.0,240.0,African-American,0.0,20.0,10
0,Low,1.0,0,0.0,Female,Greater than 45,4724,M,1,0.0,768.0,-,1.0,64.0,1
0,Low,2.0,0,0.0,Male,25 - 45,6604,F,1,0.0,456.0,African-American,2.0,38.0,3
1,Medium,3.0,0,1.0,Male,Less than 25,10712,Felony,1,0.0,288.0,African-American,3.0,24.0,6
0,Low,9.0,0,0.0, Male,Greater than 45,5432,Misdemeanor,1,0.0,672.0,Caucasian,9.0,56.0,1
0,Low,1.0,0,0.0,Female,25 - 45,8356,M,1,0.0,300.0,Caucasian,1.0,25.0,4
0,Low,2.0,0,0.0, Male,25 - 45,7730,M,1,0.0,360.0,Caucasian,2.0,30.0,2
0,Low,0.0,0,0.0,Female,25 - 45,3335,M,1,0.0,360.0,Hispanic,0.0,30.0,3
0,High,8.0,0,0.0,MALE,25 - 45,5019,F,1,0.0,360.0,african-american,8.0,30.0,9
0,Low,1.0,0,0.0,Female,25 - 45,136,M,0,0.0,,African-American,1.0,,2
0,Medium,4.0,0,0.0,Female,25 - 45,1607,F,1,0.0,312.0,African-American,4.0,26.0,7
0,Low,4.0,0,0.0,Male,25 - 45,2968,M,1,0.0,372.0,African-American,4.0,31.0,3
0,Medium,14.0,0,0.0,Female,Greater than 45,2773,M,1,0.0,588.0,African-American,14.0,49.0,7
0,Medium,0.0,0,0.0,Female,Less than 25,1271,Misdemeanor,1,0.0,288.0,African-American,0.0,24.0,5
1,Low,0.0,0,1.0,Male,25 - 45,4239,F,0,0.0,420.0,Hispanic,0.0,35.0,3
0,Low,2.0,0,0.0, Male,25 - 45,5830,F,0,0.0,300.0,Caucasian,2.0,25.0,4
0,high,5.0,0,0.0,Male,25 - 45,962,M,0,0.0,324.0,-,5.0,27.0,9
0,Low,3.0,2,2.0,Male,Less than 25,2228,F,1,0.0,228.0,African-American,3.0,19.0,4
0,High,7.0,0,1.0,Male,25 - 45,4631,F,1,1.0,336.0,African-American,7.0,28.0,10
0,Low,3.0,0,0.0,Female,25 - 45,10086,F,1,0.0,528.0, Caucasian,3.0,44.0,2
0,low,1.0,0,0.0,Male,Greater than 45,7396,M,0,0.0,696.0,Hispanic,1.0,58.0,1
0,Low,3.0,0,0.0,Male,25 - 45,3281,F,1,0.0,360.0,Caucasian,3.0,30.0,4
1,Low,1.0,1,2.0,Male,Less than 25,1107,F,1,0.0,264.0,-,1.0,22.0,4
0,Medium,7.0,0,0.0,Female,Greater than 45,9132,F,0,0.0,612.0,Caucasian,7.0,51.0,5
0,Low,,0,0.0,Male,Greater than 45,5787,M,0,0.0,564.0,Caucasian,,47.0,1
0,Medium,2.0,0,0.0,Male,25 - 45,9618,F,0,0.0,300.0,Caucasian,2.0,25.0,6
0,Medium,6.0,0,0.0,Male,25 - 45,8016,F,1,0.0,348.0,African-American,6.0,29.0,6
0,Medium,3.0,0,0.0,Male,25 - 45,6079,F,0,0.0,492.0,African-American,3.0,41.0,7
0,High,1.0,1,1.0,Male,Less than 25,6587,F,1,0.0,252.0,African-American,1.0,21.0,9
0,Low,0.0,0,0.0,MALE,Greater than 45,753,m,0,0.0,648.0,African-American,0.0,54.0,1
0,Low,0.0,0,0.0,Female,25 - 45,1615,F,0,0.0,456.0,Caucasian,0.0,38.0,1
0,Medium,4.0,0,0.0,Male,Greater than 45,7104,M,1,0.0,588.0,Caucasian,4.0,49.0,6
0,Medium,12.0,0,0.0,Male,Greater than 45,7865,F,1,0.0,564.0, African-American,12.0,47.0,6
0,High,7.0,0,0.0,Female,Greater than 45,4582,M,0,0.0,552.0,African-American,7.0,46.0,8
0,Low,2.0,0,0.0,Female,25 - 45,2410,M,0,0.0,396.0,Hispanic,2.0,33.0,4
0,Low,0.0,0,0.0,Male,Greater than 45,10817,F,1,0.0,612.0,Other,0.0,51.0,1
0,High,4.0,4,4.0,Male,Less than 25,9352,F,0,0.0,240.0,?,4.0,20.0,10
0,Low,3.0,0,0.0,Male,Less than 25,4485,F,1,0.0,288.0,African-American,3.0,24.0,3
0,High,0.0,0,0.0,Male,Less than 25,383,M,0,0.0,288.0,Hispanic,0.0,24.0,8
2,Medium,3.0,0,2.0,Male,Less than 25,7545,,0,0.0,288.0,Caucasian,3.0,24.0,5
0,Low,0.0,0,0.0,Male,25 - 45,1945,F,0,0.0,,African-American,0.0,,2
0,Low,0.0,0,0.0,Male,Less than 25,1073,M,0,0.0,276.0,Hispanic,0.0,23.0,4
0,Low,0.0,0,0.0,Male,Less than 25,1458,,0,0.0,264.0,Caucasian,0.0,22.0,3
0,Medium,0.0,0,0.0,Female,25 - 45,9346,M,0,0.0,372.0,African-American,0.0,31.0,6
1,High,0.0,0,1.0,Male,Less than 25,2871,F,1,0.0,252.0,African-American,0.0,21.0,9
0,Low,N/A,0,0.0,Male,Greater than 45,1418,f,0,0.0,540.0,Hispanic,N/A,45.0,3
0,Low,10.0,0,0.0,Male,25 - 45,3990,M,1,0.0,420.0,African-American,10.0,35.0,4
2,Medium,1.0,1,3.0,Male,Less than 25,5719,,0,0.0,252.0,African-American,1.0,21.0,7
0,Low,0.0,0,0.0,Male,25 - 45,1925,M,0,0.0,480.0,Other,0.0,40.0,1
0,Low,0.0,0,0.0,Male,25 - 45,5313,M,1,0.0,360.0,Caucasian,0.0,30.0,1
0,High,0.0,0,0.0,Male,25 - 45,10181,F,0,0.0,384.0,African-American,0.0,32.0,9
0,High,,0,0.0,Male,Greater than 45,8482,F,0,0.0,600.0,African-American,,50.0,9
0,Low,0.0,0,0.0,Male,25 - 45,8813,F,1,0.0,300.0,African-American,0.0,25.0,2
0,High,-,0,0.0,Male,Less than 25,3691,M,1,0.0,228.0,-,-,19.0,9
0,Medium,3.0,0,0.0,Male,Less than 25,7098,,1,0.0,240.0,African-American,3.0,20.0,7
0,Medium,2.0,0,0.0,Female,25 - 45,6330,M,0,0.0,312.0,Caucasian,2.0,26.0,5
1,Low,2.0,0,1.0,Male,Less than 25,4588,,1,0.0,288.0,African-American,2.0,24.0,3
0,Medium,13.0,0,0.0, Male,25 - 45,10805,F,0,0.0,408.0,Caucasian,13.0,34.0,5
0,Low,,0,0.0,Male,Greater than 45,9479,F,0,0.0,624.0,Caucasian,,52.0,1
0,Medium,1.0,0,0.0,Male,Less than 25,9837,f,0,0.0,276.0,Caucasian,1.0,23.0,5
0,Low,0.0,0,0.0,Male,25 - 45,9205,M,0,0.0,312.0,Hispanic,0.0,26.0,2
0,Low,11.0,0,2.0,Male,25 - 45,3890,F,0,2.0,444.0,Other,11.0,37.0,3
0,High,11.0,0,0.0,male,25 - 45,9926,M,1,0.0,360.0,Caucasian,11.0,30.0,10
0,Low,0.0,0,0.0,Female,25 - 45,1764,M,0,0.0,336.0,Caucasian,0.0,28.0,4
0,Low,2.0,0,0.0,Male,25 - 45,1602,M,0,0.0,384.0, African-American,2.0,32.0,2
0,Low,2.0,0,0.0,Male,Greater than 45,10434,M,0,0.0,564.0,Caucasian,2.0,47.0,2
3,High,0.0,0,3.0,Male,Less than 25,8999,,1,0.0,252.0,African-American,0.0,21.0,10
0,MEDIUM,0.0,0,0.0,Female,25 - 45,5528,F,0,0.0,336.0,Caucasian,0.0,28.0,6
0,Low,0.0,0,0.0,Male,25 - 45,7571,F,0,0.0,372.0,African-American,0.0,31.0,2
0,Medium,3.0,0,0.0,Male,25 - 45,914,M,1,0.0,324.0,African-American,3.0,27.0,7
0,Low,N/A,0,0.0,Male,25 - 45,2623,F,0,0.0,444.0,African-American,N/A,37.0,2
0,Low,,0,0.0,Male,Greater than 45,10125,Felony,1,0.0,600.0,Hispanic,,50.0,1
0,Low,5.0,1,1.0,Male,25 - 45,1488,M,1,0.0,384.0,African-American,5.0,32.0,2
0,Low,-,0,0.0,Male,25 - 45,21,M,0,0.0,444.0,Hispanic,-,37.0,1
0,High,15.0,0,0.0,Male,Greater than 45,2633,F,1,0.0,540.0,African-American,15.0,45.0,9
0,Medium,6.0,0,0.0,Male,25 - 45,8467,M,1,0.0,336.0,African-American,6.0,28.0,5
0,Low,1.0,0,0.0,MALE,25 - 45,6616,M,1,0.0,336.0,Caucasian,1.0,28.0,2
0,Low,0.0,0,0.0,Female,25 - 45,5049,M,0,0.0,312.0,Caucasian,0.0,26.0,2
0,HIGH,4.0,0,0.0,Male,Less than 25,956,,1,0.0,288.0,African-American,4.0,24.0,10
0,Low,0.0,0,0.0,Male,Less than 25,10252,M,0,0.0,288.0,African-American,0.0,24.0,4
0,Low,0.0,0,0.0,Male,25 - 45,1899,M,0,0.0,384.0,Hispanic,0.0,32.0,1
0,Low,0.0,0,0.0,Male,25 - 45,10549,F,0,0.0,372.0,Other,0.0,31.0,3
0,Low,1.0,0,0.0,Male,25 - 45,10138,M,0,0.0,396.0,HISPANIC,1.0,33.0,2
0,Low,1.0,0,0.0,Male,25 - 45,3462,M,1,0.0,444.0,Caucasian,1.0,37.0,1
0,Low,8.0,0,0.0,Male,25 - 45,7559,F,0,0.0,,Caucasian,8.0,,3
0,High,15.0,0,0.0,Male,Greater than 45,9364,M,0,0.0,600.0,African-American,15.0,50.0,8
0,Low,2.0,0,0.0,Male,25 - 45,789,M,0,0.0,396.0,African-American,2.0,33.0,3
0,High,0.0,0,0.0,Male,Less than 25,1103,F,0,0.0,264.0,African-American,0.0,22.0,8
0,Low,5.0,0,0.0,Male,25 - 45,169,M,1,0.0,456.0,CAUCASIAN,5.0,38.0,4
0,Low,8.0,0,0.0,Male,Greater than 45,282,M,1,0.0,540.0,Caucasian,8.0,45.0,4
0,High,1.0,0,0.0,Female,Greater than 45,2245,F,0,0.0,,Caucasian,1.0,,8
0,High,24.0,1,2.0,MALE,25 - 45,7302,F,1,1.0,492.0,African-American,24.0,41.0,10
0,Low,0.0,0,0.0,Female,25 - 45,10749,Felony,0,0.0,348.0,African-American,0.0,29.0,2
0,Medium,N/A,0,0.0,Male,Greater than 45,6459,M,1,0.0,708.0,African-American,N/A,59.0,6
0,Medium,0.0,0,0.0,Female,Less than 25,7101,F,0,0.0,288.0,Caucasian,0.0,24.0,5
0,Medium,0.0,0,0.0,Male,Less than 25,7170,F,0,,,Caucasian,0.0,,5
0,Low,1.0,0,0.0,Male,25 - 45,239,F,0,0.0,348.0,Hispanic,1.0,29.0,4
0,Low,1.0,0,0.0,Male,Less than 25,889,,0,0.0,276.0,Caucasian,1.0,23.0,4
0,Low,2.0,0,0.0,Female,25 - 45,6793,M,0,0.0,456.0,Caucasian,2.0,38.0,3
0,Medium,1.0,0,0.0,Male,25 - 45,4357,M,1,0.0,444.0,African-American,1.0,37.0,7
0,Low,3.0,0,0.0,Female,25 - 45,8281,F,0,0.0,468.0,Caucasian,3.0,39.0,3
0,Medium,0.0,0,0.0,Male,Greater than 45,8262,M,1,0.0,576.0,Caucasian,0.0,48.0,6
0,MEDIUM,,0,0.0,Male,Greater than 45,2064,F,1,0.0,636.0,African-American,,53.0,6
1,High,3.0,2,3.0,Male,Less than 25,8105,,1,0.0,252.0, African-American,3.0,21.0,9
0,Medium,0.0,0,0.0,Male,25 - 45,158,M,0,0.0,372.0,Caucasian,0.0,31.0,5
0,Medium,12.0,0,0.0,Female,25 - 45,3669,F,1,0.0,492.0,Caucasian,12.0,41.0,7
0,Low,0.0,0,0.0,Male,Greater than 45,3325,M,0,0.0,552.0,Hispanic,0.0,46.0,1
0,Low,3.0,0,0.0,Male,Greater than 45,9285,F,0,0.0,564.0,African-American,3.0,47.0,2
0,Low,,0,0.0,Male,Greater than 45,3811,F,1,0.0,636.0,African-American,,53.0,2
0,Low,1.0,0,0.0,Male,25 - 45,4116,F,1,0.0,432.0,African-American,1.0,36.0,2
0,High,5.0,0,0.0,Male,Less than 25,2297,Felony,1,0.0,252.0,Caucasian,5.0,21.0,8
0,Low,1.0,0,0.0,Male,Less than 25,4099,M,0,0.0,240.0,African-American,1.0,20.0,4
0,Low,1.0,0,0.0,Male,Greater than 45,10447,F,0,0.0,624.0,Caucasian,1.0,52.0,1
0,Low,1.0,0,0.0,Male,Greater than 45,7475,M,0,0.0,696.0,Caucasian,1.0,58.0,1
0,High,1.0,0,0.0,Male,Less than 25,8261,F,0,0.0,276.0,African-American,1.0,23.0,8
0,Low,0.0,0,0.0,Male,25 - 45,6852,F,1,0.0,324.0,Other,0.0,27.0,2
0,Low,,0,0.0,Female,Greater than 45,2098,M,0,0.0,576.0,Caucasian,,48.0,1
0,Low,1.0,0,0.0,Male,Less than 25,7434,f,0,0.0,288.0,African-American,1.0,24.0,4
0,Low,1.0,0,0.0,Female,25 - 45,1663,M,0,0.0,480.0,Hispanic,1.0,40.0,1
1,Medium,1.0,0,1.0,Male,Less than 25,10864,F,1,0.0,264.0,African-American,1.0,22.0,7
0,Low,0.0,0,0.0,Female,25 - 45,1901,F,1,0.0,504.0,Caucasian,0.0,42.0,1
0,Low,3.0,0,0.0,Female,25 - 45,3214,M,1,0.0,360.0,Hispanic,3.0,30.0,3
0,Low,1.0,0,0.0,Male,Greater than 45,6689,M,0,0.0,540.0,Caucasian,1.0,45.0,1
0,Medium,1.0,0,0.0,male,Less than 25,5958,F,1,0.0,252.0,African-American,1.0,21.0,7
0,Low,0.0,0,0.0,Male,25 - 45,9275,F,0,0.0,348.0,African-American,0.0,29.0,2
0,Low,1.0,0,0.0,Male,25 - 45,8652,F,0,0.0,360.0,African-American,1.0,30.0,1
0,Low,0.0,0,0.0,Male,25 - 45,10858,F,0,0.0,312.0,African-American,0.0,26.0,2
0,High,15.0,0,0.0,male,25 - 45,7105,F,1,0.0,324.0,African-American,15.0,27.0,10
0,Medium,1.0,0,0.0,n/a,Greater than 45,6113,Misdemeanor,1,0.0,552.0,African-American,1.0,46.0,6
0,Low,3.0,0,0.0,Male,25 - 45,423,F,0,0.0,444.0,Caucasian,3.0,37.0,1
0,Medium,1.0,1,1.0,Male,Less than 25,2576,F,1,0.0,240.0,Caucasian,1.0,20.0,5
2,High,0.0,0,2.0,Male,Less than 25,7793,,1,0.0,252.0,Hispanic,0.0,21.0,9
0,Medium,,0,0.0,Male,Greater than 45,4929,M,0,0.0,588.0,African-American,,49.0,7
0,LOW,3.0,0,0.0,male,25 - 45,4244,Misdemeanor,1,0.0,516.0,CAUCASIAN,3.0,43.0,1
0,Medium,4.0,0,0.0,Male,25 - 45,2723,F,1,0.0,300.0,African-American,4.0,25.0,6
0,Low,1.0,0,0.0,Male,25 - 45,8115,M,0,0.0,,Other,1.0,,1
1,Medium,10.0,0,1.0,Male,25 - 45,1467,F,1,0.0,348.0,African-American,10.0,29.0,7
0,Low,0.0,0,0.0,Male,25 - 45,10784,F,0,0.0,468.0,Caucasian,0.0,39.0,2
0,Medium,7.0,0,0.0,Male,25 - 45,1229,F,0,0.0,420.0,African-American,7.0,35.0,6
0,High,0.0,0,0.0,Male,Less than 25,9666,,0,0.0,252.0,-,0.0,21.0,8
0,High,13.0,0,0.0,?,25 - 45,6980,F,1,0.0,336.0,African-American,13.0,28.0,9
0,Medium,1.0,0,0.0,Male,Less than 25,450,,0,0.0,252.0,African-American,1.0,21.0,5
0,Low,1.0,0,0.0,Male,25 - 45,7523,F,1,0.0,312.0,African-American,1.0,26.0,1
0,Medium,31.0,0,0.0,Male,Greater than 45,10855,F,1,0.0,672.0,African-American,31.0,56.0,6
0,High,0.0,0,0.0,Male,Less than 25,10945,F,1,0.0,,African-American,0.0,,8
0,Low,,0,0.0,Male,Greater than 45,8855,F,1,0.0,588.0,Caucasian,,49.0,2
0,Low,30.0,0,0.0,Male,Greater than 45,3701,F,0,0.0,732.0,African-American,30.0,61.0,4
0,Low,9.0,0,0.0,Female ,25 - 45,997,f,1,0.0,324.0,African American,9.0,27.0,2
0,Medium,7.0,0,0.0,Male,25 - 45,7788,F,1,0.0,396.0,African-American,7.0,33.0,6
0,High,0.0,0,0.0,Male,25 - 45,7688,F,0,0.0,444.0,African-American,0.0,37.0,8
0,High,8.0,0,0.0,Male,25 - 45,643,F,0,0.0,348.0,African-American,8.0,29.0,10
0,Low,1.0,0,0.0,Female,25 - 45,9379,F,0,0.0,312.0,Other,1.0,26.0,2
0,High,6.0,0,0.0,Male,25 - 45,1499,F,1,0.0,348.0,African-American,6.0,29.0,10
0,Low,N/A,0,0.0,Male,25 - 45,7050,M,0,0.0,480.0,HISPANIC,N/A,40.0,2
0,Medium,6.0,0,0.0,Male,25 - 45,6179,F,1,0.0,528.0,Caucasian,6.0,44.0,6
1,LOW,3.0,0,1.0,Male,25 - 45,4067,M,1,0.0,372.0,Caucasian,3.0,31.0,4
1,Low,7.0,0,1.0,Male,25 - 45,2562,M,0,0.0,312.0,HISPANIC,7.0,26.0,4
0,Medium,21.0,0,0.0,Male,25 - 45,6908,F,1,0.0,360.0,African-American,21.0,30.0,7
0,Low,0.0,0,0.0,Female,Greater than 45,9246,M,0,0.0,660.0,Caucasian,0.0,55.0,1
0,Low,,0,0.0,MALE,Greater than 45,6030,F,0,0.0,576.0,African-American,,48.0,4
0,High,11.0,1,1.0,Female ,25 - 45,3021,F,1,0.0,528.0,African-American,11.0,44.0,8
0,Low,0.0,0,0.0,Male,25 - 45,5417,M,0,0.0,444.0,Caucasian,0.0,37.0,1
0,Low,3.0,0,0.0,Male,25 - 45,1330,F,0,0.0,504.0,Caucasian,3.0,42.0,4
3,High,1.0,0,3.0,Male,Less than 25,8807,F,0,0.0,252.0,Hispanic,1.0,21.0,8
0,Low,0.0,0,0.0,Female,25 - 45,5009,M,0,0.0,348.0,Caucasian,0.0,29.0,2
4,High,9.0,0,4.0,Male,25 - 45,4493,F,0,0.0,384.0,African-American,9.0,32.0,9
0,Medium,5.0,0,0.0,Male,25 - 45,8863,F,1,0.0,372.0,Hispanic,5.0,31.0,6
1,Medium,10.0,0,1.0,Male,25 - 45,10241,F,1,0.0,360.0,African-American,10.0,30.0,6
0,Low,0.0,0,0.0,Female,25 - 45,600,F,0,0.0,336.0,Hispanic,0.0,28.0,2
0,Low,2.0,0,0.0,Male,25 - 45,5416,M,0,0.0,372.0,African-American,2.0,31.0,4
0,Medium,1.0,0,0.0,Male,Less than 25,10927,F,0,,252.0,African-American,1.0,21.0,6
0,Low,2.0,0,0.0,Male,25 - 45,3488,F,0,0.0,432.0,Caucasian,2.0,36.0,1
0,High,2.0,0,0.0,Female,25 - 45,5207,F,1,0.0,444.0,Caucasian,2.0,37.0,8
0,High,7.0,0,0.0,Female,25 - 45,3152,F,0,0.0,516.0,Caucasian,7.0,43.0,8
0,High,0.0,0,0.0,Female,Less than 25,1984,F,1,0.0,240.0,African-American,0.0,20.0,8
0,High,3.0,2,3.0,Male,Less than 25,8113,F,1,1.0,228.0,African-American,3.0,19.0,10
0,Low,0.0,0,0.0,Male,Less than 25,257,F,0,0.0,276.0,HISPANIC,0.0,23.0,3
1,Low,1.0,0,1.0,MALE,25 - 45,3069,F,0,0.0,420.0,Caucasian,1.0,35.0,2
0,Low,2.0,0,0.0,Male,Greater than 45,10424,F,0,0.0,588.0,African-American,2.0,49.0,1
0,Low,1.0,0,0.0,Male,Greater than 45,3594,M,1,0.0,612.0,African-American,1.0,51.0,4
0,LOW,0.0,0,0.0,Female,Less than 25,10211,M,0,0.0,276.0,African-American,0.0,23.0,4
1,low,0.0,0,1.0,Male,Less than 25,8394,F,1,0.0,252.0,African-American,0.0,21.0,3
0,High,0.0,0,0.0,Male,Less than 25,1868,M,0,0.0,276.0,African-American,0.0,23.0,9
0,Low,0.0,0,0.0,Male,25 - 45,2111,M,0,0.0,348.0,african-american,0.0,29.0,2
0,Low,0.0,0,0.0,Female,25 - 45,7340,F,1,0.0,372.0,Caucasian,0.0,31.0,4
0,Low,1.0,0,0.0,Male,Greater than 45,3744,M,0,0.0,672.0,African-American,1.0,56.0,1
0,Low,3.0,0,0.0,Male,25 - 45,6024,F,0,0.0,360.0,African-American,3.0,30.0,2
0,Low,2.0,0,0.0, Male,25 - 45,5914,F,0,0.0,324.0, African-American,2.0,27.0,3
0,Medium,5.0,0,0.0,Female,Greater than 45,2453,M,1,0.0,612.0,Caucasian,5.0,51.0,7
0,High,15.0,0,0.0,Male,25 - 45,8306,M,1,0.0,516.0,African-American,15.0,43.0,9
0,Low,2.0,0,0.0,Male,25 - 45,10863,F,1,0.0,348.0,African-American,2.0,29.0,2
0,Low,3.0,0,0.0,Male,Greater than 45,9648,F,0,0.0,612.0,Caucasian,3.0,51.0,4
0,LOW,1.0,0,0.0,Male,25 - 45,3358,F,0,0.0,480.0,African-American,1.0,40.0,1
0,High,2.0,1,1.0,Male,Less than 25,3719,F,0,0.0,276.0,African-American,2.0,23.0,9
0,Medium,1.0,0,0.0,Female,25 - 45,7166,F,0,0.0,396.0,African-American,1.0,33.0,5
0,High,6.0,0,0.0,Male,Less than 25,8045,F,1,0.0,276.0,Caucasian,6.0,23.0,9
0,Low,7.0,0,0.0, Male,25 - 45,3498,F,1,0.0,372.0,African-American,7.0,31.0,4
0,Medium,3.0,0,0.0,Female,25 - 45,8847,F,1,0.0,468.0,African-American,3.0,39.0,5
2,High,4.0,1,3.0,Male,Less than 25,9674,M,1,0.0,264.0,Caucasian,4.0,22.0,8
0,Medium,5.0,1,3.0,Male,25 - 45,1556,F,1,2.0,324.0,African-American,5.0,27.0,7
0,Medium,0.0,0,0.0,Male,Less than 25,6952,F,0,,252.0,African-American,0.0,21.0,5
1,Low,0.0,0,1.0,Male,25 - 45,8423,F,0,0.0,324.0,African-American,0.0,27.0,2
0,Medium,1.0,0,0.0,Male,25 - 45,3812,F,1,0.0,312.0,African-American,1.0,26.0,5
0,Low,0.0,0,0.0,Male,25 - 45,8897,F,0,0.0,384.0,African-American,0.0,32.0,1
1,Medium,3.0,0,1.0,Male,25 - 45,1863,F,1,0.0,408.0,African-American,3.0,34.0,6
0,Low,7.0,0,0.0,Female ,25 - 45,4026,F,1,0.0,480.0,Hispanic,7.0,40.0,2
0,High,,0,0.0,Male,Greater than 45,4478,F,0,0.0,672.0,African-American,,56.0,8
0,High,2.0,0,0.0,Male,25 - 45,10142,F,0,0.0,300.0,African American,2.0,25.0,8
0,Medium,4.0,0,0.0,Female,25 - 45,7815,M,1,0.0,504.0,Caucasian,4.0,42.0,6
0,Low,1.0,0,0.0,Male,25 - 45,2808,F,0,0.0,372.0,African-American,1.0,31.0,3
0,High,2.0,1,1.0,Female,Less than 25,6422,Felony,0,0.0,264.0,African-American,2.0,22.0,9
0,Medium,4.0,1,1.0,Female,25 - 45,4864,F,0,0.0,360.0,African-American,4.0,30.0,6
0,High,12.0,1,1.0,Male,25 - 45,516,Felony,1,0.0,384.0,African-American,12.0,32.0,9
0,Low,0.0,0,0.0,Female,Greater than 45,1325,F,0,0.0,624.0,-,0.0,52.0,1
0,Low,1.0,0,0.0,Male,Greater than 45,1631,F,1,0.0,564.0,Caucasian,1.0,47.0,3
0,Low,8.0,0,1.0,Male,Greater than 45,5192,M,1,1.0,552.0,African-American,8.0,46.0,4
0,Low,2.0,0,0.0,Male,25 - 45,5713,Misdemeanor,1,0.0,300.0,Other,2.0,25.0,2
0,Low,2.0,0,0.0,Male,Greater than 45,6872,F,0,0.0,684.0,African-American,2.0,57.0,2
0,Medium,2.0,0,0.0,male,25 - 45,6894,M,0,0.0,348.0,African-American,2.0,29.0,5
0,LOW,5.0,1,1.0,Male,25 - 45,4801,F,0,0.0,372.0,Other,5.0,31.0,1
0,Medium,13.0,0,0.0,Male,25 - 45,6381,F,1,0.0,396.0,African-American,13.0,33.0,6
0,Low,5.0,0,0.0,Male,25 - 45,9336,F,0,0.0,312.0,African-American,5.0,26.0,4
0,Low,3.0,0,0.0,Male,25 - 45,9040,F,0,0.0,408.0,African-American,3.0,34.0,1
0,Medium,5.0,0,0.0,Male,25 - 45,1017,F,0,0.0,396.0,Caucasian,5.0,33.0,5
0,Low,-,0,0.0,Female,Greater than 45,2408,M,0,0.0,540.0,Caucasian,-,45.0,1
0,Low,0.0,0,0.0,Male,25 - 45,5270,M,0,0.0,372.0,African-American,0.0,31.0,4
0,Medium,4.0,0,0.0,MALE,25 - 45,5474,F,0,0.0,336.0,African-American,4.0,28.0,5
0,Low,3.0,0,0.0,Male,25 - 45,2128,F,1,0.0,312.0,African-American,3.0,26.0,3
0,Low,0.0,0,0.0,MALE,25 - 45,1243,M,0,0.0,516.0,Caucasian,0.0,43.0,1
0,High,8.0,0,0.0,Male,25 - 45,9903,M,1,0.0,336.0,Hispanic,8.0,28.0,8
0,Low,0.0,0,0.0,Male,Greater than 45,1084,M,0,0.0,540.0,African-American,0.0,45.0,1
0,Low,0.0,0,0.0,Male,25 - 45,10966,M,0,,432.0,Caucasian,0.0,36.0,1
0,Low,5.0,0,0.0,Male,Greater than 45,7063,M,1,0.0,792.0,African-American,5.0,66.0,2
0,Low,3.0,0,0.0,Male,25 - 45,9034,M,1,0.0,516.0,African-American,3.0,43.0,1
0,Low,9.0,0,0.0,Male,25 - 45,3454,F,1,0.0,336.0,African-American,9.0,28.0,3
0,High,3.0,0,0.0,Male,Greater than 45,10697,F,1,0.0,588.0,Caucasian,3.0,49.0,8
0,Medium,6.0,0,0.0,Male,25 - 45,3298,M,0,0.0,372.0,Caucasian,6.0,31.0,5
0,Medium,1.0,0,0.0,Female,25 - 45,5603,M,1,0.0,348.0,Caucasian,1.0,29.0,5
0,Low,1.0,0,0.0,?,Greater than 45,6035,M,0,0.0,564.0,Asian,1.0,47.0,1
0,Medium,0.0,0,0.0,Female,25 - 45,9133,F,0,0.0,312.0,Caucasian,0.0,26.0,5
0,Low,0.0,0,0.0,Male,25 - 45,2843,M,0,0.0,468.0,Caucasian,0.0,39.0,1
0,Medium,4.0,0,0.0,Male,25 - 45,7478,F,1,0.0,432.0,African-American,4.0,36.0,6
0,high,1.0,1,1.0,Male,Less than 25,8543,F,1,0.0,240.0,African-American,1.0,20.0,10
0,Low,0.0,0,0.0,Male,25 - 45,5806,f,1,0.0,384.0,Caucasian,0.0,32.0,2
2,Low,1.0,0,2.0,Female,Less than 25,7794,Misdemeanor,0,0.0,276.0,Caucasian,1.0,23.0,2
0,Low,2.0,0,0.0,Male,Greater than 45,6223,M,0,0.0,648.0,Other,2.0,54.0,1
0,Low,,0,0.0,Male,Greater than 45,3525,F,0,0.0,672.0,Caucasian,,56.0,2
0,Low,1.0,0,0.0,Male,Greater than 45,5601,Felony,0,0.0,696.0,Caucasian,1.0,58.0,1
0,Low,2.0,0,0.0,Male,25 - 45,8971,f,0,0.0,312.0,African-American,2.0,26.0,4
0,Low,0.0,0,0.0,Female,Less than 25,6387,M,0,0.0,264.0,Hispanic,0.0,22.0,2
0,Low,5.0,0,0.0, Male,25 - 45,3403,F,1,0.0,408.0,African-American,5.0,34.0,4
0,High,2.0,0,0.0,n/a,25 - 45,5614,F,1,0.0,396.0,African-American,2.0,33.0,8
0,Low,2.0,0,0.0,Male,25 - 45,10136,F,1,0.0,408.0,African-American,2.0,34.0,3
0,High,1.0,0,0.0,Female,25 - 45,7682,F,0,0.0,312.0,African-American,1.0,26.0,8
0,Low,2.0,0,0.0,Male,Greater than 45,1512,M,0,0.0,648.0,African-American,2.0,54.0,2
1,medium,0.0,0,1.0,Female,Less than 25,906,,0,,288.0,Caucasian,0.0,24.0,5
0,Low,0.0,0,0.0,MALE,25 - 45,10756,F,0,0.0,312.0,Caucasian,0.0,26.0,4
0,Low,0.0,0,0.0,Male,25 - 45,2902,M,0,0.0,516.0,Caucasian,0.0,43.0,1
0,Low,,0,0.0,Male,Greater than 45,10563,F,0,0.0,732.0,African-American,,61.0,3
0,High,25.0,0,0.0,Male,25 - 45,3434,F,1,0.0,324.0,African-American,25.0,27.0,10
0,High,27.0,0,0.0,male,25 - 45,5226,F,0,0.0,420.0,African-American,27.0,35.0,10
0,High,0.0,0,0.0,Female,Less than 25,4127,M,1,0.0,228.0,African American,0.0,19.0,8
0,Low,2.0,0,0.0,Male,25 - 45,1167,M,0,0.0,312.0,African American,2.0,26.0,3
0,High,6.0,0,0.0,Male,Less than 25,9781,F,1,0.0,264.0,Caucasian,6.0,22.0,9
0,Medium,3.0,0,0.0,female,25 - 45,1144,F,0,0.0,348.0,African-American,3.0,29.0,5
0,Low,3.0,0,0.0,Male,Greater than 45,3607,M,1,0.0,684.0,Caucasian,3.0,57.0,3
0,Medium,17.0,0,0.0,MALE,Greater than 45,3563,F,1,0.0,540.0,African-American,17.0,45.0,7
0,High,6.0,0,2.0,Male,25 - 45,4311,M,1,2.0,324.0,African-American,6.0,27.0,8
0,Low,3.0,0,0.0,Male,25 - 45,5123,F,1,0.0,372.0,African-American,3.0,31.0,3
0,low,2.0,0,0.0,Male,Greater than 45,3250,Felony,0,0.0,624.0,Caucasian,2.0,52.0,1
0,High,0.0,0,0.0,Male,25 - 45,1352,F,1,0.0,324.0,Caucasian,0.0,27.0,10
0,Low,0.0,0,0.0,Female,25 - 45,8785,Misdemeanor,0,0.0,324.0,Hispanic,0.0,27.0,3
0,Low,1.0,0,0.0,Female,Less than 25,6667,F,0,0.0,288.0,African-American,1.0,24.0,4
0,High,23.0,1,1.0,FEMALE,25 - 45,302,F,1,0.0,420.0,African-American,23.0,35.0,9
0,Low,1.0,0,0.0,Male,Greater than 45,5512,M,0,0.0,576.0,Hispanic,1.0,48.0,1
0,Low,1.0,0,0.0,Male,25 - 45,6663,F,0,0.0,468.0,African-American,1.0,39.0,4
0,medium,4.0,0,0.0,Male,25 - 45,9801,M,0,0.0,300.0,African-American,4.0,25.0,5
2,Medium,3.0,1,3.0,Male,Less than 25,2841,M,0,0.0,288.0,Caucasian,3.0,24.0,5
1,High,3.0,2,3.0,Male,Less than 25,8105,,1,0.0,252.0, African-American,3.0,21.0,9
0,Low,12.0,0,0.0,Male,Greater than 45,1886,F,0,0.0,720.0,African-American,12.0,60.0,3
0,High,16.0,0,0.0,Male,25 - 45,7029,M,1,0.0,396.0,African-American,16.0,33.0,9
0,Medium,1.0,0,0.0,Male,Less than 25,1670,F,1,0.0,276.0,African-American,1.0,23.0,6
0,Medium,6.0,0,0.0,Male,25 - 45,4106,F,1,0.0,528.0,Caucasian,6.0,44.0,6
0,Medium,,0,0.0,Male,Greater than 45,9869,M,0,0.0,576.0,African-American,,48.0,6
0,Low,,0,0.0,Male,Greater than 45,5812,F,0,0.0,588.0,African-American,,49.0,4
0,LOW,0.0,0,0.0,Female,25 - 45,2370,M,0,0.0,336.0,African-American,0.0,28.0,3
0,High,0.0,0,0.0,Male,Less than 25,7393,,1,0.0,240.0,African-American,0.0,20.0,10
0,Medium,1.0,0,0.0,Male,Less than 25,9981,,1,0.0,252.0,African-American,1.0,21.0,6
0,Low,0.0,0,0.0,Male,25 - 45,10195,M,0,0.0,324.0,Other,0.0,27.0,1
0,LOW,,0,0.0,Male,Greater than 45,4400,M,0,0.0,876.0,Caucasian,,73.0,1
0,Medium,0.0,0,0.0,Male,25 - 45,730,F,0,0.0,420.0,Asian,0.0,35.0,6
0,High,2.0,0,0.0,Male,Less than 25,9542,F,1,0.0,240.0,African-American,2.0,20.0,8
0,Low,0.0,0,0.0,Male,25 - 45,6688,Felony,0,,504.0,Caucasian,0.0,42.0,4
0,Medium,0.0,0,0.0,Male,Less than 25,7061,M,1,0.0,288.0,Caucasian,0.0,24.0,5
0,Low,1.0,0,0.0,Male,25 - 45,817,F,0,0.0,444.0,Other,1.0,37.0,1
0,Medium,1.0,0,0.0,Male,Less than 25,8182,F,0,0.0,288.0,African-American,1.0,24.0,7
0,Low,1.0,0,0.0,Male,Greater than 45,5484,F,0,0.0,684.0,Caucasian,1.0,57.0,2
3,Low,0.0,0,3.0,Male,Less than 25,2638,M,0,0.0,276.0,Caucasian,0.0,23.0,4
0,Low,3.0,0,0.0,Male,Greater than 45,2234,F,0,0.0,684.0,Hispanic,3.0,57.0,1
0,Low,,0,0.0,Female,Greater than 45,5665,F,0,0.0,612.0,Caucasian,,51.0,3
0,low,0.0,0,0.0,?,Greater than 45,2698,F,1,0.0,720.0,Caucasian,0.0,60.0,1
0,Low,7.0,0,0.0,male,25 - 45,6726,F,1,0.0,528.0,Hispanic,7.0,44.0,3
0,High,9.0,0,0.0,Female,Less than 25,7405,M,1,0.0,288.0,Caucasian,9.0,24.0,10
0,Low,4.0,0,0.0,Male,25 - 45,91,M,1,0.0,456.0,Caucasian,4.0,38.0,2
0,Medium,1.0,0,0.0,Female,25 - 45,2706,F,0,0.0,336.0,African-American,1.0,28.0,5
0,Low,1.0,0,0.0,Male,Greater than 45,7361,F,0,0.0,540.0,Hispanic,1.0,45.0,3
0,Medium,3.0,0,0.0,Male,Less than 25,2591,M,1,0.0,276.0,AFRICAN-AMERICAN,3.0,23.0,6
0,Medium,3.0,0,0.0,male,25 - 45,2190,M,0,0.0,,Hispanic,3.0,,5
0,High,3.0,3,3.0,Male,25 - 45,6681,M,1,0.0,312.0,African-American,3.0,26.0,9
0,Medium,3.0,0,0.0,Male,Greater than 45,537,F,0,0.0,588.0,African-American,3.0,49.0,5
0,Low,1.0,0,0.0,Male,Greater than 45,5560,F,0,0.0,636.0,Hispanic,1.0,53.0,1
0,Low,0.0,0,0.0,MALE,Greater than 45,8364,M,0,0.0,672.0,Other,0.0,56.0,1
0,High,1.0,0,0.0,Male,25 - 45,6260,F,1,0.0,360.0,Caucasian,1.0,30.0,8
0,HIGH,0.0,0,0.0,Male,Less than 25,10982,F,0,0.0,276.0,Caucasian,0.0,23.0,8
0,High,3.0,0,0.0,male,Greater than 45,9325,F,1,0.0,600.0,Hispanic,3.0,50.0,9
0,Low,0.0,0,0.0,Female,25 - 45,6885,M,1,0.0,336.0,Other,0.0,28.0,4
0,High,3.0,0,0.0,Male,25 - 45,6185,F,1,0.0,324.0,African-American,3.0,27.0,9
0,Low,2.0,0,0.0,Male,25 - 45,7480,F,0,0.0,492.0,Caucasian,2.0,41.0,1
0,low,6.0,1,1.0,Male,25 - 45,813,F,1,0.0,300.0,African-American,6.0,25.0,4
0,Low,0.0,0,0.0,Male,Greater than 45,9931,M,0,0.0,696.0,African-American,0.0,58.0,1
0,Low,2.0,0,0.0,Male,25 - 45,7775,F,0,0.0,492.0,African-American,2.0,41.0,1
0,low,3.0,0,0.0,Male,Greater than 45,853,M,0,0.0,600.0,?,3.0,50.0,3
0,Low,8.0,0,0.0,Male,25 - 45,10209,F,0,0.0,456.0,Caucasian,8.0,38.0,1
0,Low,0.0,0,0.0,Male,25 - 45,893,M,0,0.0,372.0,Hispanic,0.0,31.0,1
0,Medium,0.0,0,0.0,Female,Less than 25,2205,M,0,0.0,276.0,African-American,0.0,23.0,6
0,Medium,0.0,0,0.0,Female,Less than 25,10018,F,0,0.0,288.0,African-American,0.0,24.0,5
0,High,2.0,0,0.0, Male,25 - 45,306,F,1,0.0,312.0,African-American,2.0,26.0,10
0,Low,0.0,0,0.0,Male,25 - 45,8731,F,1,0.0,468.0,Caucasian,0.0,39.0,1
0,Low,0.0,0,0.0,Male,Less than 25,7648,M,0,0.0,288.0,African-American,0.0,24.0,3
0,Medium,13.0,1,4.0,Male,25 - 45,9970,F,1,3.0,408.0,African-American,13.0,34.0,7
0,Medium,0.0,0,0.0,Female,25 - 45,9279,M,0,0.0,348.0,Caucasian,0.0,29.0,7
1,Low,0.0,0,1.0,Male,Less than 25,1230,,0,0.0,288.0,African-American,0.0,24.0,3
0,low,0.0,0,0.0,Male,25 - 45,6595,F,0,0.0,480.0,African-American,0.0,40.0,1
0,MEDIUM,7.0,0,0.0,Female,25 - 45,2486,M,0,0.0,396.0,Caucasian,7.0,33.0,6
0,Low,7.0,0,0.0,Male,Greater than 45,7763,F,0,0.0,540.0,African-American,7.0,45.0,1
0,High,1.0,0,0.0,Male,25 - 45,9262,F,0,0.0,420.0, African-American,1.0,35.0,8
0,Medium,0.0,0,0.0,Female,Less than 25,5892,F,1,0.0,252.0,African-American,0.0,21.0,5
0,Low,0.0,0,0.0,Male,Greater than 45,2820,M,0,0.0,792.0,Caucasian,0.0,66.0,1
0,Low,0.0,0,0.0,Male,25 - 45,3788,F,0,0.0,468.0,Caucasian,0.0,39.0,4
0,Low,2.0,0,0.0,Male,25 - 45,199,F,0,0.0,336.0,Caucasian,2.0,28.0,1
0,Medium,0.0,0,0.0,Male,25 - 45,3984,M,0,0.0,300.0,Caucasian,0.0,25.0,7
0,Medium,0.0,0,0.0,Female,Less than 25,900,F,0,0.0,252.0,Caucasian,0.0,21.0,7
0,Medium,1.0,0,0.0,FEMALE,25 - 45,7249,F,0,0.0,312.0,African-American,1.0,26.0,7
0,Low,1.0,0,0.0,Male,Greater than 45,510,M,0,0.0,612.0,Hispanic,1.0,51.0,1
2,Medium,5.0,1,3.0,Male,25 - 45,3684,F,1,0.0,312.0, African-American,5.0,26.0,7
0,Medium,6.0,0,0.0,Male,25 - 45,8260,F,1,0.0,444.0,Hispanic,6.0,37.0,5
0,High,6.0,2,2.0,Male,Less than 25,4442,F,0,0.0,288.0,Caucasian,6.0,24.0,9
0,Low,0.0,0,0.0,Male,Less than 25,9039,,0,0.0,264.0,African-American,0.0,22.0,3
0,Low,1.0,0,0.0,Male,25 - 45,4021,Felony,0,0.0,468.0,African-American,1.0,39.0,1
0,Medium,8.0,0,0.0,Female,25 - 45,4809,F,1,0.0,468.0,CAUCASIAN,8.0,39.0,7
0,Low,2.0,0,0.0,Female,25 - 45,3186,F,0,0.0,324.0,Caucasian,2.0,27.0,3
0,Medium,2.0,0,0.0,Female,Less than 25,4615,M,0,0.0,288.0,African-American,2.0,24.0,6
0,Low,0.0,0,0.0,Male,25 - 45,5475,Misdemeanor,0,0.0,312.0,African-American,0.0,26.0,2
1,High,24.0,1,2.0,Male,25 - 45,4550,M,1,0.0,480.0,African-American,24.0,40.0,8
0,Low,1.0,0,0.0,Male,Greater than 45,7051,F,0,0.0,672.0,African-American,1.0,56.0,1
0,Low,0.0,0,0.0,Male,Less than 25,6999,F,0,0.0,264.0,African-American,0.0,22.0,4
0,Medium,12.0,0,0.0,Male,Greater than 45,5750,F,1,0.0,660.0,African-American,12.0,55.0,6
0,Low,6.0,0,0.0,Male,25 - 45,8190,F,1,0.0,324.0,Other,6.0,27.0,4
0,Low,18.0,0,0.0,Male,Greater than 45,1158,F,1,0.0,660.0, Caucasian,18.0,55.0,2
0,medium,4.0,0,0.0,Female,Greater than 45,10027,F,0,0.0,552.0,African-American,4.0,46.0,6
1,HIGH,15.0,0,1.0,Female,25 - 45,1031,F,1,0.0,408.0,Caucasian,15.0,34.0,9
0,Medium,2.0,0,0.0,Male,25 - 45,7301,F,1,0.0,432.0,African-American,2.0,36.0,6
0,LOW,0.0,0,0.0,Male,25 - 45,10061,F,0,0.0,408.0, African-American,0.0,34.0,1
0,Low,0.0,0,0.0,Female,25 - 45,9328,F,0,0.0,492.0,Hispanic,0.0,41.0,1
0,MEDIUM,0.0,0,0.0,Female,Less than 25,1300,M,0,0.0,252.0,Caucasian,0.0,21.0,5
0,Low,1.0,0,0.0,female,25 - 45,5769,M,0,0.0,384.0,African-American,1.0,32.0,1
0,high,9.0,0,0.0,Male,25 - 45,612,F,1,0.0,324.0,African-American,9.0,27.0,8
0,Low,5.0,0,0.0,Male,25 - 45,8908,M,0,0.0,456.0,African-American,5.0,38.0,4
0,Low,4.0,0,0.0,Male,25 - 45,4708,F,0,0.0,372.0,African-American,4.0,31.0,2
0,Medium,9.0,0,0.0,Male,25 - 45,10457,F,1,0.0,336.0,African-American,9.0,28.0,7
0,High,13.0,0,1.0,Male,Greater than 45,7086,M,1,1.0,600.0,African-American,13.0,50.0,10
0,Low,1.0,0,0.0,Female,25 - 45,8240,M,0,0.0,432.0,African-American,1.0,36.0,2
0,Low,3.0,0,0.0,Male,25 - 45,8774,M,0,0.0,456.0,Caucasian,3.0,38.0,3
0,Low,1.0,0,0.0,Male,25 - 45,6686,F,1,0.0,432.0,?,1.0,36.0,2
0,High,2.0,0,0.0,Male,25 - 45,6546,F,0,0.0,336.0,?,2.0,28.0,8
0,Low,1.0,0,0.0,Male,Greater than 45,268,M,1,0.0,936.0,Caucasian,1.0,78.0,1
0,Low,1.0,0,0.0,Male,Less than 25,7257,F,1,0.0,288.0,Caucasian,1.0,24.0,3
0,Low,2.0,0,0.0,Male,Less than 25,6180,M,1,0.0,276.0,African-American,2.0,23.0,3
0,Low,0.0,0,0.0,Female,Greater than 45,7903,M,0,0.0,624.0,African-American,0.0,52.0,1
0,Medium,-,0,0.0,Male,25 - 45,2051,F,1,0.0,372.0, Caucasian,-,31.0,7
0,Medium,7.0,0,0.0,Male,25 - 45,9633,F,0,0.0,384.0,Hispanic,7.0,32.0,7
0,Low,1.0,0,0.0,Male,25 - 45,4622,F,0,0.0,456.0,Other,1.0,38.0,3
0,Low,,0,0.0,Male,Greater than 45,2291,M,0,,864.0,Caucasian,,72.0,1
0,Low,0.0,0,0.0,Male,Greater than 45,10653,M,0,0.0,768.0,African-American,0.0,64.0,2
3,Low,4.0,1,4.0,Male,25 - 45,2794,M,1,0.0,324.0,Caucasian,4.0,27.0,4
2,High,27.0,2,4.0,Male,25 - 45,9640,M,1,0.0,312.0,African-American,27.0,26.0,9
2,Medium,-,2,5.0,Male,Less than 25,707,F,0,1.0,276.0,African-American,-,23.0,6
0,Medium,N/A,0,0.0,Female,Greater than 45,9847,F,1,0.0,576.0,African-American,N/A,48.0,6
0,Low,0.0,0,0.0,Female,25 - 45,5795,M,0,0.0,300.0,Caucasian,0.0,25.0,3
0,Medium,0.0,0,0.0,Female,25 - 45,5599,M,0,0.0,336.0,Caucasian,0.0,28.0,6
0,Medium,15.0,0,0.0,Male,25 - 45,3741,F,0,0.0,432.0,African American,15.0,36.0,5
0,Low,2.0,0,0.0,Female,25 - 45,10682,F,0,0.0,396.0,Hispanic,2.0,33.0,3
0,Low,8.0,0,0.0,Male,Greater than 45,1680,F,0,0.0,600.0,Caucasian,8.0,50.0,2
0,Medium,2.0,0,0.0,Male,25 - 45,668,F,1,0.0,300.0,Hispanic,2.0,25.0,5
0,LOW,3.0,0,0.0,male,25 - 45,2564,M,1,0.0,420.0,Other,3.0,35.0,1
0,medium,13.0,0,0.0,Male,Greater than 45,5042,M,1,0.0,540.0,African-American,13.0,45.0,7
0,High,4.0,0,0.0,Male,25 - 45,898,F,0,0.0,336.0,African-American,4.0,28.0,8
0,Low,7.0,0,0.0,n/a,25 - 45,8023,M,0,0.0,492.0,African-American,7.0,41.0,3
0,Medium,4.0,0,0.0,male,25 - 45,7469,F,1,0.0,372.0,African-American,4.0,31.0,5
0,Low,1.0,0,0.0,Male,Greater than 45,3534,M,0,0.0,672.0,Caucasian,1.0,56.0,1
0,Low,4.0,0,0.0,Female,Greater than 45,8943,F,0,0.0,612.0,African-American,4.0,51.0,1
0,Low,-,0,0.0,Female,25 - 45,7139,F,0,0.0,444.0,African-American,-,37.0,1
0,High,28.0,0,0.0,Male,25 - 45,5442,M,1,0.0,300.0,African-American,28.0,25.0,9
0,Low,0.0,0,0.0,Female,25 - 45,8864,F,0,,348.0,Hispanic,0.0,29.0,3
0,Medium,1.0,0,0.0,Male,25 - 45,2077,M,0,0.0,336.0,African-American,1.0,28.0,7
0,Medium,1.0,0,0.0,Male,Less than 25,8849,F,0,0.0,276.0,African-American,1.0,23.0,5
0,Medium,0.0,0,0.0,Male,Less than 25,1014,F,0,0.0,252.0,African-American,0.0,21.0,5
0,Low,0.0,0,0.0,Male,25 - 45,2887,M,0,0.0,324.0,African-American,0.0,27.0,1
0,High,7.0,1,1.0,MALE,25 - 45,4453,F,1,0.0,,African-American,7.0,,9
0,Medium,8.0,1,1.0,Male,25 - 45,2630,F,0,0.0,336.0,African-American,8.0,28.0,6
0,High,8.0,0,0.0,Male,Greater than 45,8082,f,1,0.0,708.0,African-American,8.0,59.0,8
0,Low,2.0,0,0.0,Male,Less than 25,7983,M,0,0.0,288.0,African-American,2.0,24.0,4
1,Low,1.0,0,1.0,Male,Less than 25,6812,F,0,0.0,288.0,Caucasian,1.0,24.0,4
0,Medium,0.0,0,0.0,Female,Less than 25,8161,F,0,0.0,240.0,African-American,0.0,20.0,5
0,Medium,1.0,0,0.0,Female ,25 - 45,4466,F,1,0.0,408.0,African-American,1.0,34.0,7
0,Medium,,0,0.0,Male,Greater than 45,7011,M,0,0.0,612.0,African-American,,51.0,5
0,Medium,4.0,0,0.0,Female,Greater than 45,10672,M,0,0.0,564.0,African-American,4.0,47.0,6
0,High,0.0,0,0.0,Female,25 - 45,541,M,0,0.0,312.0,African-American,0.0,26.0,10
0,High,3.0,0,2.0,Male,Less than 25,542,F,1,2.0,276.0,African-American,3.0,23.0,10
0,Low,2.0,0,0.0,Male,25 - 45,2282,F,0,0.0,384.0,African-American,2.0,32.0,3
0,High,19.0,3,3.0,Male,25 - 45,7785,F,1,0.0,384.0,-,19.0,32.0,9
0,Low,7.0,0,0.0,Female,Greater than 45,3084,M,0,0.0,600.0,African-American,7.0,50.0,4
0,Medium,10.0,0,0.0,MALE,Greater than 45,5797,F,0,0.0,624.0,hispanic,10.0,52.0,6
0,Low,3.0,0,0.0,Male,25 - 45,8219,M,1,0.0,348.0,African-American,3.0,29.0,3
0,Low,,0,0.0,Male,Greater than 45,9577,M,0,0.0,564.0,Other,,47.0,2
0,Low,0.0,0,0.0,Female,Greater than 45,9880,M,0,0.0,552.0,Caucasian,0.0,46.0,1
0,Low,,0,0.0,Male,Greater than 45,6558,F,1,0.0,792.0,Caucasian,,66.0,1
0,MEDIUM,1.0,0,0.0,Male,Less than 25,8996,F,0,0.0,264.0,African-American,1.0,22.0,6
0,Medium,3.0,0,0.0,male,25 - 45,3539,F,0,0.0,456.0,African-American,3.0,38.0,5
0,Low,1.0,0,0.0,male,Greater than 45,1560,F,1,0.0,660.0,Hispanic,1.0,55.0,2
0,Low,1.0,0,0.0,Male,Greater than 45,7673,F,0,0.0,720.0,African-American,1.0,60.0,1
0,High,1.0,1,1.0,Male,Less than 25,8961,,1,,240.0,Native American,1.0,20.0,9
0,Low,4.0,0,0.0,Male,25 - 45,2713,M,0,0.0,516.0,Caucasian,4.0,43.0,2
0,Low,0.0,0,0.0,Female,Less than 25,1156,F,0,0.0,276.0,African-American,0.0,23.0,2
0,Medium,3.0,0,0.0,Female,25 - 45,8024,M,1,,324.0,African-American,3.0,27.0,5
0,High,0.0,0,0.0,Male,Less than 25,2387,F,1,0.0,252.0, Caucasian,0.0,21.0,8
0,Medium,8.0,1,1.0,Male,25 - 45,1070,F,0,0.0,312.0,African-American,8.0,26.0,6
0,Low,2.0,0,0.0,Male,Greater than 45,9844,F,1,0.0,612.0,Caucasian,2.0,51.0,1
0,Medium,0.0,0,0.0,Female,25 - 45,232,M,0,0.0,312.0,Caucasian,0.0,26.0,6
0,Low,3.0,0,0.0,MALE,25 - 45,10188,M,1,0.0,372.0,Caucasian,3.0,31.0,4
0,High,-,0,0.0,Male,25 - 45,4610,F,1,0.0,324.0,African-American,-,27.0,9
0,High,N/A,3,3.0,Male,25 - 45,1314,M,1,0.0,372.0,African-American,N/A,31.0,8
0,Low,N/A,0,0.0,Male,Greater than 45,5707,F,0,0.0,672.0,African-American,N/A,56.0,4
0,High,23.0,0,0.0,Female,25 - 45,9536,M,1,0.0,60.0,African-American,23.0,5.0,8
0,Low,5.0,0,0.0,Male,Greater than 45,6390,F,0,0.0,540.0,African-American,5.0,45.0,1
0,Medium,1.0,0,0.0,Male,Less than 25,10541,F,1,0.0,240.0,Caucasian,1.0,20.0,5
0,Low,18.0,0,0.0,Male,Greater than 45,4396,M,1,0.0,720.0,Caucasian,18.0,60.0,2
0,Medium,2.0,0,0.0,Female,25 - 45,3302,F,1,0.0,300.0,Caucasian,2.0,25.0,5
0,Medium,17.0,0,0.0,Male,Greater than 45,10480,F,1,0.0,624.0,African-American,17.0,52.0,7
0,Low,0.0,0,0.0,Female,Greater than 45,3620,M,0,0.0,636.0,Caucasian,0.0,53.0,1
0,Medium,6.0,0,0.0,Male,25 - 45,9900,Felony,0,0.0,324.0,Hispanic,6.0,27.0,6
0,Medium,9.0,0,0.0,Male,25 - 45,6312,F,1,0.0,456.0,African-American,9.0,38.0,5
0,Low,2.0,0,0.0,Female,25 - 45,10851,F,1,,348.0,African-American,2.0,29.0,3
0,Low,1.0,0,0.0,Male,Greater than 45,5933,F,1,0.0,540.0,African-American,1.0,45.0,2
0,Low,8.0,0,0.0,Female,Greater than 45,6354,F,1,0.0,732.0,Caucasian,8.0,61.0,3
0,Medium,6.0,0,0.0,Male,25 - 45,7901,M,1,0.0,300.0,Caucasian,6.0,25.0,7
0,Medium,17.0,0,0.0,Male,25 - 45,10430,F,1,0.0,408.0,Hispanic,17.0,34.0,6
0,Low,3.0,0,0.0,Male,Greater than 45,4765,F,0,0.0,540.0,Caucasian,3.0,45.0,1
0,Medium,6.0,1,1.0,Male,25 - 45,3222,F,0,0.0,348.0,African-American,6.0,29.0,7
0,high,14.0,0,0.0,Male,25 - 45,5873,F,1,0.0,396.0,African-American,14.0,33.0,8
0,Medium,0.0,0,0.0,Female,Less than 25,9230,M,0,0.0,264.0,Caucasian,0.0,22.0,5
0,Low,0.0,0,0.0,Female,Less than 25,3089,M,0,0.0,276.0,African-American,0.0,23.0,4
0,Medium,0.0,0,0.0,Male,25 - 45,6280,M,0,0.0,384.0,African-American,0.0,32.0,7
0,High,3.0,0,0.0,Male,Less than 25,5479,f,0,0.0,264.0,African-American,3.0,22.0,9
0,Medium,2.0,0,0.0,Female,Less than 25,2344,M,1,0.0,288.0,African-American,2.0,24.0,7
0,Low,0.0,0,0.0,Female,25 - 45,6268,F,0,0.0,336.0,African-American,0.0,28.0,3
0,Low,0.0,0,0.0,Male,25 - 45,6976,M,0,0.0,312.0,Caucasian,0.0,26.0,4
0,Medium,7.0,0,0.0, Male,25 - 45,9219,m,0,0.0,336.0,African-American,7.0,28.0,7
0,High,4.0,0,0.0,Female,25 - 45,9296,F,1,0.0,312.0,African-American,4.0,26.0,9
0,Low,3.0,0,0.0,Female,25 - 45,5137,F,1,0.0,456.0, African-American,3.0,38.0,1
0,Medium,5.0,0,0.0, Male,Less than 25,304,F,1,0.0,288.0,Other,5.0,24.0,5
0,Low,10.0,0,0.0,Male,Greater than 45,4168,F,0,0.0,600.0,Caucasian,10.0,50.0,4
0,Medium,5.0,0,0.0,Male,25 - 45,9977,M,1,0.0,444.0,African-American,5.0,37.0,5
0,High,29.0,0,0.0,Male,25 - 45,8512,F,1,0.0,528.0,African-American,29.0,44.0,9
0,Medium,0.0,0,0.0,Male,Less than 25,558,F,1,0.0,252.0,African-American,0.0,21.0,5
0,Low,1.0,0,0.0,Male,25 - 45,9176,f,1,0.0,360.0,Caucasian,1.0,30.0,1
0,High,1.0,0,0.0,Male,Less than 25,9566,F,1,0.0,288.0,caucasian,1.0,24.0,8
0,Medium,0.0,0,0.0,Male,Less than 25,4080,F,0,0.0,276.0,AFRICAN-AMERICAN,0.0,23.0,5
0,High,2.0,0,0.0,Female,25 - 45,7006,Felony,1,0.0,312.0,Caucasian,2.0,26.0,9
0,Medium,0.0,0,0.0,Male,Less than 25,8500,F,1,0.0,264.0,-,0.0,22.0,7
0,HIGH,20.0,0,1.0,Male,25 - 45,1254,F,0,1.0,516.0,African-American,20.0,43.0,8
0,Medium,2.0,1,2.0,Male,Less than 25,4618,f,0,1.0,252.0,African-American,2.0,21.0,6
0,Medium,4.0,0,0.0,Female,25 - 45,6653,F,0,0.0,360.0,Caucasian,4.0,30.0,6
0,Low,0.0,0,0.0,Female,Greater than 45,6242,m,0,0.0,648.0,Caucasian,0.0,54.0,1
0,Medium,2.0,0,0.0,Male,25 - 45,2399,M,1,0.0,384.0,Hispanic,2.0,32.0,5
0,High,4.0,0,0.0,Male,25 - 45,4329,M,0,0.0,360.0,African-American,4.0,30.0,10
0,Low,,0,0.0,Male,Greater than 45,10950,M,1,0.0,720.0,Caucasian,,60.0,1
0,Medium,2.0,0,0.0,Male,Less than 25,1004,M,1,0.0,276.0,-,2.0,23.0,6
0,Medium,3.0,0,0.0,Male,Less than 25,9435,F,0,0.0,288.0,Caucasian,3.0,24.0,5
0,Medium,5.0,0,0.0,Male,25 - 45,8894,M,0,0.0,456.0,African-American,5.0,38.0,7
0,High,4.0,0,1.0,?,Less than 25,9187,F,1,1.0,252.0,Hispanic,4.0,21.0,10
0,Low,1.0,0,0.0,Male,25 - 45,8503,M,0,0.0,360.0,African-American,1.0,30.0,2
0,Medium,2.0,0,0.0,Female,25 - 45,10062,F,1,0.0,324.0,Caucasian,2.0,27.0,5
0,Low,3.0,2,2.0,Male,Less than 25,1286,F,1,0.0,288.0,Caucasian,3.0,24.0,4
0,high,15.0,0,0.0,Male,Greater than 45,2091,F,0,0.0,744.0,African-American,15.0,62.0,9
0,High,1.0,0,0.0,Male,25 - 45,10183,M,0,0.0,432.0,African-American,1.0,36.0,9
0,Medium,1.0,0,0.0,Male,Less than 25,9722,F,1,0.0,288.0,Caucasian,1.0,24.0,6
0,Medium,5.0,0,0.0,Male,25 - 45,10355,f,0,0.0,348.0,Other,5.0,29.0,6
0,Medium,-,0,0.0,Male,25 - 45,7321,f,0,0.0,324.0,African-American,-,27.0,5
0,High,13.0,0,0.0,Male,25 - 45,183,F,1,0.0,372.0,Caucasian,13.0,31.0,10
0,Low,2.0,0,0.0,Male,25 - 45,10132,M,1,0.0,372.0,caucasian,2.0,31.0,1
0,Medium,6.0,0,0.0,Male,25 - 45,10141,F,1,0.0,348.0,African-American,6.0,29.0,6
0,Low,2.0,0,1.0,Male,25 - 45,5145,Felony,1,1.0,324.0,African-American,2.0,27.0,4
0,High,4.0,1,1.0,Male,Less than 25,6975,,1,0.0,,African-American,4.0,,9
0,HIGH,9.0,0,0.0,Male,25 - 45,8992,F,1,0.0,396.0,Caucasian,9.0,33.0,9
0,Low,2.0,0,0.0,Male,25 - 45,315,F,0,0.0,456.0,African-American,2.0,38.0,1
0,Low,2.0,0,0.0,Male,Less than 25,8471,F,1,0.0,276.0,African-American,2.0,23.0,4
2,Medium,3.0,2,5.0,Female,Less than 25,1777,F,0,1.0,252.0,african-american,3.0,21.0,7
0,High,1.0,0,1.0, Male,Less than 25,2134,M,0,1.0,276.0,African-American,1.0,23.0,9
0,Medium,2.0,0,0.0,FEMALE,25 - 45,5883,F,1,0.0,348.0,Caucasian,2.0,29.0,7
0,Low,,0,0.0,Male,Greater than 45,3841,F,0,0.0,672.0,Caucasian,,56.0,2
0,Low,1.0,0,0.0,Male,25 - 45,4262,F,1,0.0,300.0,African-American,1.0,25.0,4
0,High,0.0,0,0.0,Male,Less than 25,9984,F,0,0.0,288.0,African-American,0.0,24.0,8
0,Low,1.0,0,0.0,MALE,25 - 45,6855,F,1,0.0,372.0,Caucasian,1.0,31.0,2
0,Low,-,0,0.0,Male,Greater than 45,4123,F,0,0.0,612.0,Caucasian,-,51.0,1
1,High,25.0,2,3.0,Male,25 - 45,5154,m,1,0.0,432.0,African-American,25.0,36.0,10
0,Medium,1.0,0,0.0,Male,Less than 25,8546,F,0,0.0,252.0,Caucasian,1.0,21.0,5
1,High,7.0,0,1.0,Male,25 - 45,2271,F,1,0.0,336.0,African-American,7.0,28.0,8
0,High,19.0,0,0.0,Male,25 - 45,190,F,1,0.0,396.0,African-American,19.0,33.0,10
0,Medium,8.0,0,0.0,Male,25 - 45,8488,M,0,0.0,444.0,African-American,8.0,37.0,5
0,Low,0.0,0,0.0,Female,25 - 45,414,F,0,0.0,300.0,Other,0.0,25.0,2
0,Medium,1.0,0,0.0, Male,Less than 25,3643,F,1,0.0,276.0, African-American,1.0,23.0,6
0,Low,N/A,0,0.0,Female,Greater than 45,2261,F,0,0.0,600.0,African-American,N/A,50.0,1
0,Low,0.0,0,0.0,Male,25 - 45,8172,F,1,0.0,348.0,African-American,0.0,29.0,2
0,Medium,3.0,0,0.0,Male,25 - 45,5784,F,1,0.0,420.0,Caucasian,3.0,35.0,5
0,Low,2.0,0,0.0, Male,25 - 45,1975,F,0,0.0,456.0,Asian,2.0,38.0,1
0,Low,0.0,0,0.0,Male,Less than 25,9945,,1,0.0,288.0,Caucasian,0.0,24.0,2
0,Low,0.0,0,0.0,Female,Greater than 45,9971,F,0,0.0,660.0,Caucasian,0.0,55.0,1
0,Low,13.0,0,0.0,Male,Greater than 45,6824,f,0,0.0,552.0,Hispanic,13.0,46.0,3
0,Medium,4.0,0,1.0,Male,25 - 45,9923,F,1,1.0,324.0,AFRICAN-AMERICAN,4.0,27.0,5
0,Low,0.0,0,0.0,Female,25 - 45,2579,M,0,0.0,432.0,African-American,0.0,36.0,1
0,High,3.0,0,0.0,Male,25 - 45,184,F,1,0.0,324.0,African-American,3.0,27.0,9
0,Medium,0.0,0,0.0,Male,Less than 25,8193,,1,0.0,240.0,African-American,0.0,20.0,5
0,Low,3.0,0,0.0,Female,25 - 45,4936,F,1,0.0,312.0,african-american,3.0,26.0,2
0,Medium,6.0,0,0.0,Male,25 - 45,8636,F,1,0.0,360.0,African-American,6.0,30.0,5
0,Medium,2.0,0,0.0,Male,25 - 45,3182,F,0,,300.0,African-American,2.0,25.0,5
0,Medium,0.0,0,0.0,Male,25 - 45,6583,F,0,0.0,372.0,African-American,0.0,31.0,7
0,High,20.0,0,0.0,Female,25 - 45,4180,F,1,0.0,456.0,Hispanic,20.0,38.0,9
0,Low,0.0,0,0.0,Male,25 - 45,9220,M,0,0.0,348.0,Caucasian,0.0,29.0,1
0,Medium,0.0,0,0.0,Female,Less than 25,9608,F,0,0.0,276.0,Caucasian,0.0,23.0,6
0,High,2.0,1,1.0,Male,Less than 25,6815,F,0,0.0,252.0,African-American,2.0,21.0,9
0,Medium,6.0,0,0.0,Female,Greater than 45,6586,F,1,0.0,636.0,Caucasian,6.0,53.0,5
0,High,8.0,0,0.0,Male,25 - 45,5107,F,1,0.0,324.0,African-American,8.0,27.0,10
0,medium,5.0,0,0.0,Male,25 - 45,2976,M,0,0.0,,African-American,5.0,,5
0,Low,2.0,0,0.0,n/a,25 - 45,7171,F,0,0.0,468.0,Caucasian,2.0,39.0,3
0,High,23.0,0,0.0,Male,25 - 45,581,F,1,0.0,444.0,African-American,23.0,37.0,9
0,Medium,0.0,0,0.0,Male,Less than 25,130,F,1,,240.0,Other,0.0,20.0,5
0,High,5.0,0,0.0,Male,Less than 25,2126,F,1,0.0,276.0,Caucasian,5.0,23.0,8
0,Medium,N/A,0,0.0,Female,Greater than 45,6234,F,0,0.0,540.0,African-American,N/A,45.0,7
0,LOW,2.0,0,0.0,Female,25 - 45,5427,F,0,,516.0,African-American,2.0,43.0,3
0,Low,0.0,0,0.0,Male,Greater than 45,7311,M,0,0.0,600.0,Hispanic,0.0,50.0,1
5,High,23.0,8,14.0,Male,25 - 45,5153,F,1,1.0,444.0,african-american,23.0,37.0,8
1,Low,1.0,0,1.0,Male,25 - 45,4152,M,0,0.0,348.0,Hispanic,1.0,29.0,2
0,High,7.0,0,1.0,Male,Less than 25,5168,F,1,1.0,252.0,African-American,7.0,21.0,10
0,Low,3.0,0,0.0,Male,25 - 45,5326,M,1,0.0,408.0,Caucasian,3.0,34.0,4
0,Low,1.0,0,0.0,Female,25 - 45,3706,F,0,0.0,468.0,African-American,1.0,39.0,1
0,medium,7.0,0,0.0,Male,Greater than 45,7923,F,1,0.0,816.0,Caucasian,7.0,68.0,7
2,High,5.0,3,6.0,Male,Less than 25,6541,M,1,1.0,228.0,Caucasian,5.0,19.0,9
0,Medium,0.0,0,0.0,Male,25 - 45,7341,M,1,0.0,300.0,African-American,0.0,25.0,5
0,High,9.0,1,3.0,Male,25 - 45,10674,F,0,2.0,384.0,African-American,9.0,32.0,10
0,Medium,2.0,0,0.0,Male,25 - 45,6670,M,1,0.0,300.0,Caucasian,2.0,25.0,5
0,High,0.0,0,0.0,Male,25 - 45,6207,M,1,0.0,456.0,African-American,0.0,38.0,8
0,Low,4.0,0,0.0,Male,Greater than 45,7842,F,0,0.0,612.0,African-American,4.0,51.0,1
0,High,22.0,0,0.0,Male,Greater than 45,9307,F,1,0.0,672.0,African-American,22.0,56.0,9
0,Low,10.0,0,0.0, Male,Greater than 45,4991,F,1,0.0,696.0,African-American,10.0,58.0,3
0,Low,5.0,0,0.0,Male,25 - 45,6281,F,0,0.0,324.0,Caucasian,5.0,27.0,4
1,High,6.0,2,4.0,Male,25 - 45,9658,M,0,1.0,324.0,African-American,6.0,27.0,10
0,Medium,16.0,0,0.0,Male,25 - 45,5851,F,1,0.0,408.0,Caucasian,16.0,34.0,6
0,low,1.0,0,0.0,Male,25 - 45,10708,F,0,0.0,312.0,Caucasian,1.0,26.0,4
0,High,4.0,0,0.0,Male,25 - 45,3226,F,0,0.0,348.0,African-American,4.0,29.0,8
0,Medium,9.0,0,0.0, Male,Greater than 45,5612,F,0,0.0,684.0,African-American,9.0,57.0,5
0,High,4.0,0,0.0,Male,25 - 45,10196,F,0,0.0,300.0,Caucasian,4.0,25.0,9
0,Low,2.0,0,0.0,MALE,Greater than 45,8569,F,1,0.0,576.0,Caucasian,2.0,48.0,1
1,High,21.0,1,2.0,Female,Greater than 45,6783,M,1,0.0,564.0,African-American,21.0,47.0,9
0,Medium,0.0,0,0.0,Male,25 - 45,7928,F,0,0.0,444.0,Caucasian,0.0,37.0,6
0,Low,0.0,0,0.0,Male,Greater than 45,2683,M,0,0.0,564.0,Caucasian,0.0,47.0,1
0,Low,2.0,0,0.0,Female,Less than 25,7360,F,0,0.0,288.0,CAUCASIAN,2.0,24.0,4
0,MEDIUM,0.0,0,0.0,Female,Less than 25,6299,M,0,0.0,240.0,African-American,0.0,20.0,5
0,Low,3.0,0,0.0,Male,Greater than 45,7223,F,0,0.0,552.0,African-American,3.0,46.0,1
0,Low,0.0,0,0.0,Male,25 - 45,5763,F,0,0.0,360.0,Hispanic,0.0,30.0,2
0,Low,1.0,0,0.0,Male,25 - 45,2334,F,1,0.0,432.0,Hispanic,1.0,36.0,4
0,Low,2.0,0,0.0,Male,25 - 45,10875,F,1,0.0,312.0,Asian,2.0,26.0,3
1,High,15.0,0,3.0,Male,25 - 45,2873,F,1,2.0,384.0,Caucasian,15.0,32.0,9
0,low,1.0,0,0.0,Male,25 - 45,9715,F,0,0.0,516.0,Caucasian,1.0,43.0,1
0,Low,2.0,0,0.0,Male,Less than 25,8789,,0,,288.0,Caucasian,2.0,24.0,2
0,Low,0.0,0,0.0,Male,25 - 45,10827,F,0,0.0,480.0,Caucasian,0.0,40.0,1
0,Low,,0,0.0,Male,Greater than 45,3390,M,0,0.0,576.0,Caucasian,,48.0,1
0,Low,0.0,0,0.0,Female,25 - 45,7275,M,0,0.0,468.0,Caucasian,0.0,39.0,2
0,Low,0.0,0,0.0,Female,25 - 45,8668,M,0,0.0,300.0,Caucasian,0.0,25.0,3
0,Medium,2.0,0,0.0,Male,25 - 45,386,F,1,0.0,360.0,African-American,2.0,30.0,6
0,LOW,2.0,0,0.0,Male,25 - 45,2371,M,0,0.0,396.0,Caucasian,2.0,33.0,2
0,Low,13.0,0,0.0,Male,Greater than 45,5187,F,0,0.0,852.0,Caucasian,13.0,71.0,2
0,Medium,4.0,0,0.0,Male,Less than 25,991,F,0,0.0,276.0,African-American,4.0,23.0,7
0,Medium,0.0,0,0.0,n/a,Less than 25,830,F,1,0.0,252.0,Hispanic,0.0,21.0,6
0,High,4.0,0,0.0,Male,25 - 45,6219,M,0,0.0,432.0,African-American,4.0,36.0,8
0,Medium,1.0,0,0.0,Male,25 - 45,1441,M,1,0.0,360.0,African-American,1.0,30.0,5
0,High,2.0,1,1.0,?,Less than 25,5117,F,1,0.0,240.0,African-American,2.0,20.0,9
0,Low,9.0,0,0.0,Male,25 - 45,7637,F,0,0.0,492.0,Hispanic,9.0,41.0,2
0,high,20.0,0,1.0,Male,25 - 45,10881,F,1,1.0,432.0,Hispanic,20.0,36.0,10
0,low,0.0,0,0.0,Male,25 - 45,7851,F,0,,456.0,Hispanic,0.0,38.0,2
0,Low,-,0,0.0,Male,25 - 45,6009,M,0,0.0,348.0,African-American,-,29.0,2
0,Medium,0.0,0,0.0,FEMALE,Less than 25,9282,F,0,0.0,264.0,African-American,0.0,22.0,7
0,Low,12.0,0,0.0,Male,25 - 45,3030,F,0,0.0,444.0,African-American,12.0,37.0,3
0,MEDIUM,1.0,0,0.0,Female,Less than 25,8809,F,0,0.0,264.0,Hispanic,1.0,22.0,5
0,Low,0.0,0,0.0,Male,Greater than 45,6173,m,0,0.0,840.0,African-American,0.0,70.0,1
0,Low,1.0,0,0.0,Male,Greater than 45,10779,F,0,0.0,804.0,caucasian,1.0,67.0,3
0,High,8.0,0,0.0,Male,25 - 45,8031,M,1,0.0,528.0,African-American,8.0,44.0,8
0,Low,1.0,0,0.0,Female,Greater than 45,6468,F,0,0.0,756.0,African-American,1.0,63.0,1
0,Low,0.0,0,0.0,Male,Greater than 45,6332,F,1,0.0,612.0,African-American,0.0,51.0,4
0,Low,0.0,0,0.0,female,Less than 25,3408,F,1,0.0,228.0,Caucasian,0.0,19.0,3
0,Low,1.0,0,0.0,Male,25 - 45,1637,F,0,0.0,408.0,African-American,1.0,34.0,1
0,High,35.0,0,0.0,male,25 - 45,6669,F,0,0.0,468.0,African-American,35.0,39.0,10
0,Low,1.0,0,0.0,Male,25 - 45,2786,F,0,0.0,336.0,African-American,1.0,28.0,4
0,High,13.0,0,0.0,Female,25 - 45,5967,F,1,0.0,480.0,African-American,13.0,40.0,10
0,Low,2.0,0,0.0,Female,25 - 45,5451,F,0,0.0,372.0,Caucasian,2.0,31.0,1
0,High,1.0,0,0.0,Male,25 - 45,9868,M,0,0.0,384.0,African-American,1.0,32.0,10
0,Low,1.0,0,0.0,Male,Less than 25,5502,F,1,0.0,288.0,African-American,1.0,24.0,4
0,Low,,0,0.0,Male,Greater than 45,5871,F,0,0.0,648.0,Caucasian,,54.0,2
0,Low,0.0,0,0.0,Male,25 - 45,10924,M,0,0.0,432.0,African-American,0.0,36.0,2
0,Medium,1.0,0,0.0,Female,25 - 45,8972,M,1,0.0,324.0,African-American,1.0,27.0,6
0,High,N/A,0,20.0,Male,25 - 45,2721,F,1,20.0,300.0,Other,N/A,25.0,10
0,Low,0.0,0,0.0, Male,25 - 45,9554,M,0,0.0,528.0,Caucasian,0.0,44.0,2
0,Low,1.0,0,0.0,MALE,25 - 45,7654,F,0,0.0,492.0,African-American,1.0,41.0,4
0,Low,0.0,0,0.0,Male,Greater than 45,8027,M,1,0.0,564.0,Caucasian,0.0,47.0,1
0,Low,4.0,0,0.0,Male,25 - 45,1261,M,0,0.0,408.0,African-American,4.0,34.0,2
0,High,18.0,0,0.0,Male,25 - 45,9402,F,1,,396.0,African-American,18.0,33.0,10
0,Low,0.0,0,0.0,Male,Less than 25,4958,M,1,0.0,264.0,Caucasian,0.0,22.0,4
0,Low,6.0,0,0.0,Male,Greater than 45,6396,F,0,0.0,648.0,Caucasian,6.0,54.0,1
0,Low,,0,0.0,Female,Greater than 45,9366,M,0,0.0,588.0,Other,,49.0,1
0,Low,1.0,0,0.0,Female,Less than 25,2157,m,1,0.0,,African-American,1.0,,3
0,Medium,5.0,0,0.0,MALE,25 - 45,794,F,1,0.0,348.0,African-American,5.0,29.0,5
0,Low,1.0,0,0.0,Male,25 - 45,4491,F,1,0.0,300.0,African-American,1.0,25.0,4
0,Medium,5.0,0,0.0,Male,Greater than 45,6988,F,0,0.0,648.0,Hispanic,5.0,54.0,5
0,Low,0.0,0,0.0,Male,25 - 45,7281,M,0,0.0,456.0,Caucasian,0.0,38.0,1
0,Low,4.0,0,0.0,Male,Greater than 45,2632,F,0,0.0,672.0,Caucasian,4.0,56.0,1
0,Low,4.0,0,0.0,Male,25 - 45,5984,M,0,0.0,408.0,African-American,4.0,34.0,2
0,Medium,10.0,0,0.0,Male,25 - 45,9568,F,1,0.0,420.0,African-American,10.0,35.0,6
0,Low,N/A,0,0.0,Male,25 - 45,4776,F,1,0.0,456.0,African-American,N/A,38.0,2
0,Medium,1.0,0,0.0,Male,25 - 45,3747,m,0,0.0,444.0,Caucasian,1.0,37.0,6
1,High,5.0,0,1.0,Male,25 - 45,10290,F,1,0.0,372.0,African-American,5.0,31.0,10
0,low,1.0,0,0.0,Male,25 - 45,2290,F,1,0.0,384.0,African-American,1.0,32.0,2
0,High,1.0,0,1.0,Male,Less than 25,6732,F,1,1.0,240.0,Caucasian,1.0,20.0,9
0,Medium,2.0,0,0.0,Male,25 - 45,5395,F,1,0.0,324.0,African-American,2.0,27.0,7
0,Medium,0.0,0,0.0,Male,Less than 25,6594,M,0,0.0,288.0,African-American,0.0,24.0,7
0,Medium,2.0,0,1.0,Male,25 - 45,5869,F,0,1.0,312.0,Caucasian,2.0,26.0,6
0,High,28.0,0,0.0,Female,Greater than 45,7661,F,1,0.0,564.0,Caucasian,28.0,47.0,9
0,Low,4.0,0,0.0,Male,25 - 45,5307,F,0,0.0,432.0,African-American,4.0,36.0,4
0,Medium,0.0,0,0.0,Female,25 - 45,4521,F,0,0.0,324.0,Caucasian,0.0,27.0,5
0,High,1.0,1,1.0,Male,Less than 25,8885,F,1,0.0,264.0,AFRICAN-AMERICAN,1.0,22.0,8
0,Low,3.0,0,0.0,Male,25 - 45,3417,F,0,0.0,336.0,Caucasian,3.0,28.0,3
0,Medium,3.0,1,1.0,Male,Less than 25,1002,F,0,0.0,264.0,African-American,3.0,22.0,7
0,Medium,0.0,0,0.0,Male,25 - 45,7948,Felony,0,0.0,324.0,African-American,0.0,27.0,6
0,Medium,-,0,0.0,Male,25 - 45,9493,F,0,0.0,372.0,African-American,-,31.0,5
0,Low,3.0,0,0.0,Male,25 - 45,2437,Felony,0,0.0,336.0,Other,3.0,28.0,2
0,High,4.0,0,0.0,Male,Less than 25,579,F,1,0.0,264.0,African-American,4.0,22.0,9
0,High,1.0,0,0.0,Female,Less than 25,3489,F,0,0.0,288.0,African-American,1.0,24.0,9
0,Low,,0,0.0,Male,Greater than 45,3596,F,0,0.0,684.0,Caucasian,,57.0,1
0,Low,1.0,0,0.0,Male,Less than 25,4459,F,0,0.0,252.0,African-American,1.0,21.0,4
0,Low,2.0,0,0.0,Male,25 - 45,8960,F,1,0.0,432.0,African-American,2.0,36.0,4
0,Low,,0,0.0,Female,Greater than 45,10449,M,0,0.0,612.0,African-American,,51.0,2
0,Low,6.0,0,0.0,Male,25 - 45,8231,F,0,0.0,336.0,African-American,6.0,28.0,1
0,Low,1.0,0,0.0,Male,Greater than 45,9235,F,0,0.0,672.0,Caucasian,1.0,56.0,1
0,Low,1.0,0,0.0,MALE,25 - 45,10975,F,0,0.0,300.0,African-American,1.0,25.0,2
0,Low,4.0,0,0.0, Male,25 - 45,3191,F,0,0.0,444.0,African-American,4.0,37.0,4
0,Medium,12.0,0,0.0,Male,Greater than 45,6550,F,1,0.0,672.0,African-American,12.0,56.0,5
0,Low,3.0,0,0.0, Male,25 - 45,5846,M,0,0.0,408.0,Hispanic,3.0,34.0,2
0,LOW,1.0,0,0.0,male,25 - 45,9891,F,0,0.0,324.0,African-American,1.0,27.0,2
0,High,9.0,0,0.0,Female,25 - 45,10895,F,1,0.0,372.0,African-American,9.0,31.0,8
0,Medium,-,0,0.0,Male,25 - 45,874,F,0,0.0,312.0,Hispanic,-,26.0,6
0,High,25.0,0,1.0,Male,Greater than 45,1256,F,1,1.0,576.0,African-American,25.0,48.0,10
1,High,1.0,0,1.0,Male,25 - 45,9596,F,1,0.0,312.0,African-American,1.0,26.0,10
0,Low,6.0,0,0.0,Male,25 - 45,8605,F,0,0.0,420.0,African-American,6.0,35.0,3
0,High,5.0,0,0.0,Male,Less than 25,3816,Misdemeanor,1,0.0,,Other,5.0,,10
0,Medium,0.0,0,0.0,Male,25 - 45,8694,F,0,0.0,300.0,Caucasian,0.0,25.0,5
0,Medium,0.0,0,0.0,Male,Greater than 45,9872,M,1,0.0,624.0,African-American,0.0,52.0,6
0,LOW,1.0,0,0.0,Male,Less than 25,9033,F,0,0.0,288.0,Other,1.0,24.0,3
0,High,17.0,2,2.0,Male,25 - 45,9443,F,1,,432.0,African-American,17.0,36.0,8
0,Medium,9.0,0,0.0,Female,25 - 45,3262,M,1,0.0,312.0,African-American,9.0,26.0,6
0,Low,5.0,0,0.0,Male,25 - 45,432,M,0,,408.0,Caucasian,5.0,34.0,4
0,Low,0.0,0,0.0, Male,Greater than 45,9388,F,0,0.0,552.0,CAUCASIAN,0.0,46.0,1
0,Low,2.0,0,0.0,Male,25 - 45,146,F,1,0.0,468.0,Caucasian,2.0,39.0,1
0,Medium,5.0,0,0.0,MALE,25 - 45,8504,F,1,0.0,324.0,Caucasian,5.0,27.0,6
0,Medium,,0,0.0,Male,Greater than 45,5141,m,1,0.0,636.0,African-American,,53.0,6
0,Medium,2.0,0,0.0,Female,25 - 45,332,F,0,0.0,360.0,African-American,2.0,30.0,7
0,Medium,1.0,0,0.0,Male,Less than 25,6916,F,0,0.0,276.0,African-American,1.0,23.0,6
0,Medium,1.0,0,0.0,Female,Less than 25,10954,F,0,0.0,264.0,Caucasian,1.0,22.0,7
0,Low,3.0,0,0.0,Male,25 - 45,1360,F,1,,384.0,African-American,3.0,32.0,1
0,High,10.0,0,1.0,Male,25 - 45,9843,F,1,1.0,312.0,African-American,10.0,26.0,8
0,High,3.0,0,0.0, Male,Greater than 45,10028,M,0,0.0,636.0,African-American,3.0,53.0,9
0,Low,0.0,0,0.0,Male,Greater than 45,6212,M,0,0.0,576.0,African-American,0.0,48.0,1
0,Low,0.0,0,0.0,Male,Greater than 45,5441,M,0,0.0,672.0,African-American,0.0,56.0,4
0,Low,4.0,1,1.0,Male,25 - 45,3155,F,1,0.0,468.0,Other,4.0,39.0,2
0,Medium,1.0,0,0.0,Male,Less than 25,1059,M,0,0.0,288.0,African-American,1.0,24.0,6
0,Medium,6.0,0,0.0,Male,25 - 45,1513,F,1,0.0,360.0,African-American,6.0,30.0,5
0,High,12.0,0,1.0,Male,Greater than 45,7008,M,1,1.0,540.0,African-American,12.0,45.0,8
0,Medium,5.0,0,0.0,Female,25 - 45,6289,F,1,0.0,456.0,Caucasian,5.0,38.0,6
0,High,0.0,0,0.0,Male,25 - 45,8434,F,1,0.0,408.0,African-American,0.0,34.0,8
0,Low,1.0,0,0.0,Male,25 - 45,639,F,0,0.0,504.0,Other,1.0,42.0,1
0,Low,0.0,0,0.0,Female,25 - 45,6816,m,0,0.0,348.0,African-American,0.0,29.0,2
0,Low,8.0,0,0.0,Male,25 - 45,5412,F,1,0.0,516.0,Caucasian,8.0,43.0,4
0,LOW,0.0,0,0.0,Male,25 - 45,8301,F,0,0.0,348.0,Other,0.0,29.0,2
0,Low,2.0,0,0.0,Male,Greater than 45,3451,M,0,0.0,552.0,Caucasian,2.0,46.0,2
0,Low,2.0,0,0.0,Male,25 - 45,1198,M,0,0.0,372.0,Caucasian,2.0,31.0,3
0,Medium,3.0,0,0.0,Male,25 - 45,2060,F,1,0.0,-36.0,African-American,3.0,-3.0,5
0,Low,1.0,0,0.0,Male,25 - 45,5295,F,1,0.0,300.0,African-American,1.0,25.0,4
0,Low,1.0,0,0.0,Female,25 - 45,10685,F,0,0.0,336.0,African-American,1.0,28.0,2
0,Low,0.0,0,0.0,Male,25 - 45,10823,m,1,0.0,528.0,?,0.0,44.0,1
0,High,0.0,0,0.0, Male,25 - 45,40,F,1,0.0,396.0,African-American,0.0,33.0,10
0,Low,2.0,0,0.0,Male,25 - 45,5507,M,0,0.0,516.0,Other,2.0,43.0,2
0,Low,0.0,0,0.0,male,Greater than 45,3864,M,0,0.0,732.0,Caucasian,0.0,61.0,1
0,High,4.0,0,0.0,Male,25 - 45,8111,F,1,0.0,324.0,-,4.0,27.0,8
0,Low,0.0,0,0.0,Male,25 - 45,965,F,0,0.0,456.0,African-American,0.0,38.0,1
0,LOW,0.0,0,0.0,Male,25 - 45,3159,F,0,0.0,504.0,Caucasian,0.0,42.0,2
0,Medium,22.0,0,0.0,Male,Greater than 45,9083,F,1,0.0,648.0,African-American,22.0,54.0,7
0,High,0.0,0,0.0,Male,Less than 25,721,F,0,0.0,288.0,Hispanic,0.0,24.0,10
4,high,2.0,0,4.0,Male,Less than 25,738,M,1,0.0,252.0,Caucasian,2.0,21.0,9
0,Medium,8.0,0,0.0,Male,25 - 45,7258,F,1,0.0,312.0,African-American,8.0,26.0,7
0,Low,0.0,0,0.0,Female,25 - 45,9238,F,0,0.0,408.0,African-American,0.0,34.0,0
0,Low,2.0,0,0.0,Male,Less than 25,9429,F,1,0.0,264.0,Hispanic,2.0,22.0,3
1,High,16.0,0,1.0,Male,25 - 45,7187,M,1,0.0,432.0,African-American,16.0,36.0,8
0,Low,0.0,0,0.0,Female,25 - 45,8838,M,0,0.0,300.0,Caucasian,0.0,25.0,4
0,Low,0.0,0,0.0,Male,Less than 25,7946,,0,0.0,288.0,Caucasian,0.0,24.0,2
0,Medium,5.0,0,0.0,Female,25 - 45,333,M,0,0.0,492.0,African-American,5.0,41.0,6
0,High,1.0,0,0.0,Male,25 - 45,9442,F,1,0.0,300.0,African-American,1.0,25.0,8
0,Medium,,0,0.0,Female,Greater than 45,1733,M,0,0.0,624.0,Caucasian,,52.0,7
0,Low,0.0,0,0.0,Male,25 - 45,7022,M,1,0.0,300.0,African-American,0.0,25.0,3
0,Low,0.0,0,0.0,Male,25 - 45,9730,Misdemeanor,0,0.0,360.0,Caucasian,0.0,30.0,2
0,Low,2.0,0,0.0,Female,25 - 45,1523,M,0,0.0,504.0,Other,2.0,42.0,3
0,Low,0.0,0,0.0,Male,25 - 45,9713,M,0,0.0,504.0,Caucasian,0.0,42.0,1
1,Medium,1.0,0,1.0,Male,Less than 25,1257,M,1,0.0,264.0,African-American,1.0,22.0,7
0,Low,19.0,0,0.0,Male,Greater than 45,2523,F,0,0.0,684.0,African-American,19.0,57.0,3
0,Low,0.0,0,0.0,Female,25 - 45,1030,Misdemeanor,0,0.0,336.0,Caucasian,0.0,28.0,2
0,low,0.0,0,0.0,FEMALE,25 - 45,9158,F,1,0.0,324.0,Other,0.0,27.0,3
0,Medium,4.0,0,0.0,n/a,25 - 45,4612,F,1,0.0,372.0,Caucasian,4.0,31.0,7
0,High,25.0,0,0.0,Male,25 - 45,362,F,1,0.0,336.0,African-American,25.0,28.0,8
0,Low,0.0,0,0.0,Male,Greater than 45,1363,M,1,,540.0,Hispanic,0.0,45.0,1
0,High,26.0,0,2.0,Male,25 - 45,4181,F,1,2.0,384.0,African-American,26.0,32.0,10
0,Low,2.0,0,0.0,Male,25 - 45,7525,F,0,0.0,312.0,Caucasian,2.0,26.0,4
0,Low,0.0,0,0.0,Male,25 - 45,2010,M,0,0.0,324.0,African-American,0.0,27.0,3
0,High,20.0,0,0.0,Male,Greater than 45,4672,F,1,0.0,576.0,Caucasian,20.0,48.0,8
0,Medium,8.0,0,0.0,Male,Greater than 45,8196,F,1,0.0,612.0,Caucasian,8.0,51.0,5
1,Medium,3.0,0,1.0,Male,Less than 25,9773,F,1,0.0,264.0,African-American,3.0,22.0,6
0,Low,13.0,0,0.0,Male,Greater than 45,8071,M,0,0.0,672.0,Caucasian,13.0,56.0,4
0,Medium,1.0,0,0.0,Male,25 - 45,9203,F,0,0.0,372.0,Hispanic,1.0,31.0,7
0,Low,4.0,0,0.0,Female,25 - 45,3543,F,1,0.0,468.0,Caucasian,4.0,39.0,1
0,Low,1.0,0,0.0,Female,25 - 45,3078,M,0,0.0,396.0,Caucasian,1.0,33.0,2
0,Low,,0,0.0,Male,Greater than 45,518,F,0,0.0,564.0,African-American,,47.0,3
0,Low,0.0,0,-1.0,Male,25 - 45,1810,M,0,-1.0,360.0,HISPANIC,0.0,30.0,1
0,Low,0.0,0,0.0,Male,Less than 25,796,F,0,0.0,288.0,Caucasian,0.0,24.0,2
0,Medium,0.0,0,0.0,Male,Less than 25,2107,F,1,0.0,276.0,African-American,0.0,23.0,7
0,Low,1.0,0,0.0,Male,25 - 45,9461,M,0,0.0,432.0,Hispanic,1.0,36.0,2
0,Low,2.0,0,0.0,Male,25 - 45,6013,F,0,0.0,348.0,Caucasian,2.0,29.0,2
0,Medium,3.0,0,0.0,Female,25 - 45,8787,F,1,0.0,396.0,Caucasian,3.0,33.0,6
0,Medium,5.0,0,0.0, Male,25 - 45,4625,F,0,0.0,324.0,Caucasian,5.0,27.0,6
0,Medium,5.0,0,0.0,Male,Greater than 45,3285,F,1,0.0,552.0,African-American,5.0,46.0,5
0,Low,3.0,0,0.0,Male,25 - 45,4391,M,0,,336.0,African-American,3.0,28.0,2
0,Medium,2.0,0,0.0,Male,Less than 25,7315,M,1,0.0,288.0,African-American,2.0,24.0,5
0,Medium,2.0,0,0.0,Male,25 - 45,10584,F,1,0.0,300.0,Caucasian,2.0,25.0,5
0,High,2.0,1,1.0,Female,Less than 25,5537,M,1,0.0,264.0,African-American,2.0,22.0,8
0,Medium,0.0,0,0.0,Male,Less than 25,7712,M,0,0.0,276.0,African-American,0.0,23.0,5
0,Low,5.0,0,0.0,Male,Greater than 45,7541,M,0,0.0,756.0,Caucasian,5.0,63.0,1
0,High,N/A,0,0.0,Male,Less than 25,5390,F,1,0.0,-36.0,African-American,N/A,-3.0,9
0,Low,1.0,0,0.0,Male,Greater than 45,4058,M,0,0.0,540.0,Caucasian,1.0,45.0,1
0,Medium,6.0,0,0.0,Male,25 - 45,7328,F,1,0.0,384.0,African-American,6.0,32.0,6
0,low,0.0,0,0.0,Male,Less than 25,10660,m,1,0.0,276.0,Hispanic,0.0,23.0,2
0,Low,0.0,0,0.0,Male,Greater than 45,2278,M,1,0.0,756.0,Caucasian,0.0,63.0,1
0,Low,,0,0.0,Male,Greater than 45,9939,M,0,0.0,600.0,?,,50.0,1
0,Medium,6.0,0,0.0,Male,25 - 45,10283,F,1,0.0,324.0,African-American,6.0,27.0,5
1,High,8.0,1,2.0, Male,25 - 45,7790,F,1,0.0,312.0,African-American,8.0,26.0,8
0,Low,2.0,0,0.0,Male,25 - 45,489,M,1,0.0,336.0,Caucasian,2.0,28.0,3
0,Low,2.0,0,0.0,Male,Greater than 45,703,F,0,0.0,756.0,Caucasian,2.0,63.0,1
0,High,12.0,3,3.0,Male,Less than 25,10561,m,0,0.0,288.0,African-American,12.0,24.0,10
0,Low,0.0,0,0.0,Female,Less than 25,10520,F,1,0.0,288.0,African-American,0.0,24.0,4
0,High,,0,0.0,Male,Greater than 45,8378,f,1,0.0,768.0,Caucasian,,64.0,10
0,High,0.0,0,0.0,Male,Less than 25,1776,F,1,0.0,252.0,African-American,0.0,21.0,9
0,High,3.0,0,0.0, Male,Less than 25,3394,F,1,0.0,252.0,Caucasian,3.0,21.0,8
0,Low,2.0,0,0.0,Male,Greater than 45,5939,F,0,0.0,540.0,Caucasian,2.0,45.0,1
0,Low,0.0,0,0.0,Male,25 - 45,10133,Misdemeanor,0,0.0,420.0,Caucasian,0.0,35.0,2
0,Low,1.0,0,0.0,Male,25 - 45,9592,F,0,0.0,300.0,caucasian,1.0,25.0,3
0,Low,2.0,0,0.0,Male,25 - 45,4301,F,0,0.0,372.0,African-American,2.0,31.0,3
0,Low,,0,0.0,Female,Greater than 45,5789,M,0,0.0,636.0,?,,53.0,1
0,High,11.0,1,1.0,Male,25 - 45,9909,F,1,,336.0,African-American,11.0,28.0,9
0,Low,,0,0.0,Male,Greater than 45,6593,M,0,0.0,708.0,African-American,,59.0,1
0,Low,,0,0.0,Female,Greater than 45,4068,M,0,0.0,660.0,Caucasian,,55.0,1
0,Medium,3.0,0,0.0,Male,Less than 25,5901,M,1,0.0,288.0,Hispanic,3.0,24.0,7
0,Medium,0.0,0,0.0,Male,Less than 25,2524,M,0,0.0,252.0,Other,0.0,21.0,6
0,Low,5.0,0,0.0,Male,25 - 45,863,F,0,0.0,480.0,Caucasian,5.0,40.0,4
0,Low,0.0,0,0.0,Female,25 - 45,2992,f,0,0.0,504.0,African-American,0.0,42.0,1
0,Low,,0,0.0,Female,Greater than 45,2361,M,1,0.0,588.0,Caucasian,,49.0,2
0,High,3.0,1,1.0,Male,25 - 45,6744,M,1,0.0,300.0,African-American,3.0,25.0,10
0,Medium,3.0,0,0.0,Female,25 - 45,4834,F,0,0.0,324.0,African-American,3.0,27.0,5
0,High,3.0,0,0.0,Male,Less than 25,376,M,1,0.0,264.0,African-American,3.0,22.0,9
0,Low,7.0,0,0.0,Male,25 - 45,7026,Felony,0,0.0,420.0,African-American,7.0,35.0,4
0,low,0.0,0,0.0,Male,Less than 25,1093,M,0,0.0,252.0,Caucasian,0.0,21.0,2
0,high,1.0,0,0.0,Female,Less than 25,9526,F,0,0.0,252.0,Caucasian,1.0,21.0,8
0,HIGH,7.0,0,0.0,Male,Less than 25,6286,F,1,0.0,288.0, African-American,7.0,24.0,9
0,High,16.0,0,0.0,Male,25 - 45,6274,F,1,0.0,336.0,Hispanic,16.0,28.0,10
0,Low,1.0,0,0.0,Male,25 - 45,7279,M,1,0.0,336.0,African-American,1.0,28.0,3
0,Low,3.0,0,0.0,Male,25 - 45,7204,M,0,0.0,360.0,Caucasian,3.0,30.0,3
0,Medium,2.0,0,0.0,Male,25 - 45,1971,F,0,0.0,528.0,African-American,2.0,44.0,5
0,High,1.0,0,0.0,Female,Less than 25,1153,F,1,0.0,240.0,Caucasian,1.0,20.0,8
0,High,21.0,0,0.0,Male,25 - 45,5426,F,0,0.0,468.0,Caucasian,21.0,39.0,10
1,High,0.0,0,1.0, Male,Less than 25,930,F,1,0.0,264.0,African-American,0.0,22.0,8
0,High,1.0,0,0.0,Male,25 - 45,8146,f,0,0.0,360.0,African-American,1.0,30.0,9
1,High,6.0,2,7.0,Male,Less than 25,8250,,1,4.0,240.0,African-American,6.0,20.0,10
0,Medium,,0,0.0,Male,Greater than 45,10665,F,1,0.0,720.0,African-American,,60.0,6
0,High,0.0,0,0.0,Male,25 - 45,995,F,1,0.0,,african-american,0.0,,8
0,High,3.0,0,0.0,Male,Less than 25,5594,M,1,0.0,,Caucasian,3.0,,10
0,High,6.0,0,0.0,Male,25 - 45,6807,F,1,0.0,372.0,African-American,6.0,31.0,9
0,low,4.0,0,0.0,Male,25 - 45,3619,F,0,0.0,468.0,African-American,4.0,39.0,2
0,Low,5.0,0,0.0,Male,25 - 45,6482,F,1,0.0,60.0,African-American,5.0,5.0,2
0,High,5.0,0,0.0,female,25 - 45,3933,F,1,0.0,396.0,AFRICAN-AMERICAN,5.0,33.0,9
0,Low,2.0,0,0.0,Female,25 - 45,2152,F,0,0.0,504.0,African-American,2.0,42.0,2
0,High,5.0,0,0.0,Male,25 - 45,598,F,0,0.0,336.0,African-American,5.0,28.0,9
0,Medium,,0,0.0,Male,Greater than 45,5609,F,1,0.0,708.0,African-American,,59.0,6
0,Low,6.0,0,0.0,Male,Greater than 45,1479,M,1,0.0,624.0,African-American,6.0,52.0,1
0,Low,0.0,0,0.0,Male,25 - 45,10608,M,1,0.0,300.0,Caucasian,0.0,25.0,2
0,Low,0.0,0,0.0,Male,25 - 45,2592,M,1,0.0,324.0,Caucasian,0.0,27.0,3
0,High,5.0,0,0.0,Male,Greater than 45,601,F,1,0.0,564.0,Caucasian,5.0,47.0,10
0,HIGH,4.0,0,0.0,Male,Less than 25,6412,f,0,,276.0,Other,4.0,23.0,10
0,Low,4.0,0,0.0,Male,Greater than 45,2991,F,1,0.0,708.0,African-American,4.0,59.0,3
0,Low,2.0,0,0.0,Male,25 - 45,5970,F,0,0.0,384.0,CAUCASIAN,2.0,32.0,1
1,High,19.0,6,7.0,Male,25 - 45,7293,M,0,0.0,408.0,African-American,19.0,34.0,8
0,Low,,0,0.0,Female,Greater than 45,1666,F,1,0.0,744.0, Caucasian,,62.0,1
6,High,8.0,2,8.0,Male,Less than 25,8756,F,1,0.0,252.0,African-American,8.0,21.0,9
2,High,2.0,2,4.0,Male,Less than 25,9852,f,1,0.0,252.0,African-American,2.0,21.0,10
0,MEDIUM,7.0,0,0.0,Female,25 - 45,10033,F,1,0.0,420.0,African-American,7.0,35.0,6
0,High,11.0,0,0.0,MALE,25 - 45,3442,f,1,0.0,348.0,African-American,11.0,29.0,8
0,Medium,0.0,0,0.0,Male,25 - 45,9778,F,0,0.0,432.0,African-American,0.0,36.0,6
0,Medium,4.0,0,0.0,Female,25 - 45,696,F,1,0.0,408.0,Native American,4.0,34.0,7
0,Low,1.0,0,0.0,Male,25 - 45,1410,Felony,0,0.0,324.0,African-American,1.0,27.0,2
0,Medium,0.0,0,0.0,Female,Less than 25,8098,M,0,0.0,252.0,African-American,0.0,21.0,5
0,Low,0.0,0,0.0,Male,25 - 45,10360,F,0,0.0,348.0,Caucasian,0.0,29.0,1
0,Low,2.0,0,0.0,Male,25 - 45,9028,M,0,0.0,516.0,?,2.0,43.0,1
5,Medium,0.0,0,5.0,Female,Less than 25,9586,M,1,0.0,264.0,African-American,0.0,22.0,5
0,Low,0.0,0,0.0,Male,25 - 45,5741,M,0,0.0,324.0,Caucasian,0.0,27.0,2
0,low,15.0,0,0.0,Male,Greater than 45,2220,M,1,0.0,624.0,African-American,15.0,52.0,4
0,Low,0.0,0,0.0, Male,25 - 45,9659,M,0,0.0,300.0,African-American,0.0,25.0,4
0,Low,9.0,0,0.0,Male,Greater than 45,9613,F,1,0.0,636.0,Caucasian,9.0,53.0,4
0,Low,0.0,0,0.0,MALE,Less than 25,5279,M,1,0.0,288.0,Other,0.0,24.0,4
0,Low,3.0,0,0.0,Female,Greater than 45,2779,F,0,0.0,684.0,Caucasian,3.0,57.0,1
0,Low,4.0,0,0.0,Male,25 - 45,5938,M,1,0.0,300.0,African-American,4.0,25.0,3
0,Medium,0.0,0,0.0,Female,25 - 45,4122,F,0,0.0,300.0,Caucasian,0.0,25.0,6
0,Medium,8.0,0,0.0,Male,25 - 45,5604,F,0,,396.0,African-American,8.0,33.0,5
0,Low,0.0,0,0.0,Male,25 - 45,55,M,0,0.0,348.0,Caucasian,0.0,29.0,2
0,Low,0.0,0,0.0,Male,Less than 25,9215,M,0,0.0,252.0,Caucasian,0.0,21.0,4
0,Low,1.0,0,0.0,Male,25 - 45,4998,F,0,0.0,396.0,Caucasian,1.0,33.0,2
0,Medium,9.0,0,0.0,Male,25 - 45,1715,F,1,0.0,516.0,African-American,9.0,43.0,6
0,Medium,4.0,0,0.0,Male,25 - 45,6163,M,0,0.0,420.0,African-American,4.0,35.0,6
0,High,5.0,0,0.0,Female,25 - 45,1965,F,1,0.0,312.0,African-American,5.0,26.0,9
0,Low,3.0,0,0.0,Male,25 - 45,464,M,1,0.0,336.0,Caucasian,3.0,28.0,3
0,Medium,2.0,0,1.0,Male,25 - 45,603,F,0,1.0,348.0, African-American,2.0,29.0,5
0,Medium,14.0,0,0.0,Male,25 - 45,3781,F,0,0.0,396.0,African-American,14.0,33.0,5
0,Low,0.0,0,0.0,Male,25 - 45,8634,Felony,0,0.0,528.0,African-American,0.0,44.0,1
0,Medium,1.0,0,0.0,Male,25 - 45,5841,M,0,0.0,324.0,Caucasian,1.0,27.0,6
0,Medium,27.0,1,1.0,Male,25 - 45,5346,M,0,0.0,408.0,African-American,27.0,34.0,7
0,Low,0.0,0,0.0,Female,25 - 45,9277,M,0,0.0,324.0,African-American,0.0,27.0,3
0,Low,0.0,0,0.0,Female,25 - 45,10257,F,0,0.0,396.0,Other,0.0,33.0,2
0,High,3.0,0,0.0,Female,25 - 45,7283,M,0,0.0,300.0,African-American,3.0,25.0,10
0,High,7.0,0,0.0,Male,25 - 45,4105,F,1,0.0,396.0,Caucasian,7.0,33.0,9
0,Medium,2.0,0,0.0,Male,Less than 25,4780,F,0,0.0,276.0,Caucasian,2.0,23.0,6
4,Low,1.0,0,4.0,female,Less than 25,9631,M,0,0.0,288.0,Caucasian,1.0,24.0,4
0,Low,2.0,0,1.0,Male,Less than 25,4199,F,0,1.0,264.0,Caucasian,2.0,22.0,4
0,Low,1.0,0,0.0,Male,25 - 45,4886,F,1,0.0,324.0,African-American,1.0,27.0,2
0,Low,,0,0.0,Female,Greater than 45,7354,M,0,0.0,588.0,Caucasian,,49.0,2
0,Medium,-,0,0.0,Female,Less than 25,7553,M,0,0.0,240.0,Other,-,20.0,5
0,High,5.0,0,0.0,Male,25 - 45,701,F,0,0.0,,African-American,5.0,,10
0,Medium,3.0,0,0.0,Female,25 - 45,7993,F,1,0.0,480.0,Caucasian,3.0,40.0,6
0,Low,4.0,0,0.0,Male,25 - 45,805,F,1,0.0,300.0,Caucasian,4.0,25.0,4
2,High,11.0,0,2.0, Male,25 - 45,350,M,1,0.0,360.0,African-American,11.0,30.0,9
0,Medium,1.0,0,0.0,Female,Less than 25,4047,M,0,0.0,264.0,African-American,1.0,22.0,6
0,Low,,0,0.0,Female,Greater than 45,1749,M,0,0.0,744.0,Caucasian,,62.0,1
0,High,2.0,0,0.0,MALE,25 - 45,4370,F,0,0.0,348.0,African-American,2.0,29.0,9
0,High,2.0,0,0.0,Female,25 - 45,1871,F,1,0.0,300.0,AFRICAN-AMERICAN,2.0,25.0,8
0,Low,0.0,0,0.0,Male,Less than 25,3730,F,1,0.0,288.0,Hispanic,0.0,24.0,1
0,Low,2.0,0,0.0,Male,25 - 45,10095,F,0,0.0,324.0,African-American,2.0,27.0,3
0,Low,0.0,0,0.0,Male,Less than 25,2374,M,0,0.0,252.0,African-American,0.0,21.0,4
0,Low,,0,0.0,Female,Greater than 45,8135,F,1,0.0,600.0,Hispanic,,50.0,2
0,Low,3.0,0,0.0, Male,25 - 45,5213,M,0,0.0,396.0,hispanic,3.0,33.0,2
0,Low,0.0,0,0.0,Male,25 - 45,1905,F,0,0.0,324.0,Other,0.0,27.0,1
0,Low,0.0,0,0.0,Female,Greater than 45,6111,Misdemeanor,0,0.0,576.0,African-American,0.0,48.0,1
0,High,11.0,0,1.0,Male,25 - 45,4409,F,1,1.0,384.0,Caucasian,11.0,32.0,10
0,Low,1.0,0,0.0,Female,25 - 45,3768,M,0,0.0,432.0,African-American,1.0,36.0,1
0,Medium,15.0,1,1.0,Male,25 - 45,8478,F,0,0.0,408.0,Caucasian,15.0,34.0,7
1,High,1.0,1,2.0,Male,Less than 25,4608,F,1,0.0,240.0,African-American,1.0,20.0,10
0,High,7.0,0,0.0,Male,25 - 45,1728,M,1,0.0,312.0,Caucasian,7.0,26.0,9
0,Low,7.0,1,1.0,Female,25 - 45,3405,F,0,0.0,468.0,African-American,7.0,39.0,2
0,Low,1.0,0,0.0,Female,25 - 45,182,F,0,0.0,360.0,Other,1.0,30.0,2
0,Low,0.0,0,0.0,Male,Less than 25,1783,F,0,0.0,252.0,Hispanic,0.0,21.0,4
0,Medium,4.0,0,0.0,Male,25 - 45,5865,F,1,0.0,372.0,African-American,4.0,31.0,5
0,Low,2.0,0,0.0,Male,25 - 45,6,F,0,0.0,516.0,Other,2.0,43.0,1
0,Low,2.0,0,0.0,Male,25 - 45,7638,M,1,0.0,408.0,Hispanic,2.0,34.0,1
0,Low,2.0,0,0.0,Male,Greater than 45,4288,F,0,0.0,612.0,Caucasian,2.0,51.0,1
0,Low,0.0,0,0.0,Female,25 - 45,5271,F,1,0.0,336.0,Caucasian,0.0,28.0,4
0,Low,0.0,0,0.0,Male,25 - 45,6899,M,0,0.0,468.0,Caucasian,0.0,39.0,2
0,High,4.0,0,0.0,Female,25 - 45,1506,F,1,0.0,432.0,caucasian,4.0,36.0,9
0,Medium,2.0,0,0.0,Male,Less than 25,5820,F,1,0.0,252.0,Caucasian,2.0,21.0,7
0,Low,1.0,0,0.0,Male,25 - 45,1060,F,0,0.0,,African-American,1.0,,1
0,Low,0.0,0,0.0,Male,Greater than 45,4407,Misdemeanor,1,0.0,672.0,Caucasian,0.0,56.0,1
0,Low,0.0,0,0.0,male,25 - 45,10262,M,0,0.0,,Other,0.0,,1
0,Low,0.0,0,0.0,Male,25 - 45,7570,F,0,0.0,528.0,African-American,0.0,44.0,1
0,Low,1.0,0,0.0,Male,25 - 45,10748,M,0,0.0,528.0,caucasian,1.0,44.0,1
0,High,7.0,0,0.0,Male,25 - 45,4194,F,0,0.0,480.0,African-American,7.0,40.0,8
0,High,4.0,0,5.0,Male,Less than 25,5670,F,1,5.0,216.0,Caucasian,4.0,18.0,8
1,Low,1.0,1,2.0,Male,Less than 25,2673,F,0,0.0,276.0,African-American,1.0,23.0,2
0,LOW,0.0,0,0.0,Male,Less than 25,6529,F,1,0.0,240.0,Other,0.0,20.0,3
0,Medium,4.0,0,0.0,Male,25 - 45,726,F,1,0.0,408.0,Caucasian,4.0,34.0,6
0,Low,1.0,0,0.0,Female,25 - 45,8515,F,0,,432.0,African-American,1.0,36.0,2
0,Low,9.0,0,0.0,Female,25 - 45,9601,F,1,0.0,432.0,Hispanic,9.0,36.0,1
0,High,10.0,0,0.0,Male,Greater than 45,4581,F,0,0.0,720.0,African-American,10.0,60.0,9
0,Low,1.0,0,0.0,Female,Less than 25,9288,F,0,0.0,240.0,Caucasian,1.0,20.0,4
0,Medium,,0,0.0,Male,Greater than 45,9383,F,0,0.0,600.0,African-American,,50.0,5
0,Low,0.0,0,0.0,Male,25 - 45,647,Felony,0,0.0,444.0,Caucasian,0.0,37.0,4
0,Medium,3.0,0,0.0,Male,25 - 45,4775,F,1,0.0,504.0,Caucasian,3.0,42.0,5
1,Medium,1.0,0,1.0,Male,Less than 25,6379,,0,0.0,264.0,Caucasian,1.0,22.0,6
0,Medium,4.0,0,0.0,Male,25 - 45,3022,M,0,0.0,420.0,African-American,4.0,35.0,5
0,Low,,0,0.0,Male,Greater than 45,7117,F,0,0.0,660.0, Caucasian,,55.0,1
0,Low,,0,0.0,Male,Greater than 45,586,F,0,0.0,636.0,African-American,,53.0,1
0,Medium,,0,0.0,Male,Greater than 45,9853,F,1,0.0,552.0,Caucasian,,46.0,6
0,Low,,0,0.0,Male,Greater than 45,4078,M,1,0.0,564.0,Hispanic,,47.0,1
0,MEDIUM,8.0,0,0.0,Male,25 - 45,8280,M,0,0.0,420.0,African-American,8.0,35.0,6
0,High,1.0,0,0.0,Female,25 - 45,8424,F,1,0.0,312.0,Caucasian,1.0,26.0,8
0,High,9.0,0,0.0,Female,25 - 45,6831,M,1,0.0,408.0,Caucasian,9.0,34.0,10
1,Medium,5.0,0,1.0, Male,Less than 25,7160,F,1,0.0,276.0,African-American,5.0,23.0,6
0,Low,1.0,0,0.0,Female,25 - 45,5444,F,1,0.0,504.0,Caucasian,1.0,42.0,3
0,Low,0.0,0,0.0,Female,25 - 45,8792,F,1,0.0,504.0,Caucasian,0.0,42.0,2
0,Medium,6.0,0,0.0,Male,25 - 45,1888,M,0,0.0,396.0,African-American,6.0,33.0,5
0,Low,1.0,0,0.0,Female,Greater than 45,2072,M,0,0.0,792.0,Caucasian,1.0,66.0,1
0,Low,0.0,0,0.0,Female,Less than 25,2090,M,0,0.0,276.0,African-American,0.0,23.0,4
0,Medium,1.0,1,1.0,Male,Less than 25,7058,M,0,0.0,264.0,African-American,1.0,22.0,6
1,High,-,0,1.0,Male,Less than 25,10664,,1,0.0,276.0,African-American,-,23.0,10
0,Medium,2.0,0,0.0,Male,25 - 45,6377,F,1,0.0,,Caucasian,2.0,,7
0,Medium,5.0,0,0.0,Male,25 - 45,8362,f,1,0.0,372.0,Caucasian,5.0,31.0,6
0,Low,0.0,0,0.0,Female,25 - 45,8814,M,0,0.0,324.0,African-American,0.0,27.0,3
0,Medium,0.0,0,0.0,Female,Less than 25,7084,F,0,0.0,288.0,Caucasian,0.0,24.0,5
1,Medium,9.0,0,1.0,male,25 - 45,10226,F,1,0.0,348.0,African-American,9.0,29.0,7
0,Medium,3.0,0,0.0,Male,25 - 45,9270,M,0,0.0,528.0,-,3.0,44.0,6
0,High,2.0,1,1.0,Male,Less than 25,7819,M,1,0.0,252.0,African-American,2.0,21.0,9
0,Low,2.0,0,0.0,Female,Greater than 45,192,M,0,0.0,768.0,Caucasian,2.0,64.0,1
0,Medium,3.0,0,0.0, Male,Less than 25,3209,,0,0.0,264.0, African-American,3.0,22.0,6
0,High,1.0,0,0.0,Male,Less than 25,4652,,1,0.0,252.0,African-American,1.0,21.0,9
0,Medium,1.0,0,0.0,Male,Greater than 45,2714,M,0,0.0,540.0,Hispanic,1.0,45.0,6
0,Medium,7.0,0,0.0,Male,25 - 45,7788,F,1,0.0,396.0,African-American,7.0,33.0,6
0,medium,1.0,0,0.0,Male,25 - 45,3713,F,1,0.0,300.0,African-American,1.0,25.0,6
0,High,20.0,1,2.0,Male,25 - 45,820,F,0,1.0,384.0,Hispanic,20.0,32.0,10
0,Medium,2.0,0,0.0,Female,Less than 25,6183,M,0,0.0,276.0, Caucasian,2.0,23.0,6
0,Low,0.0,0,0.0,?,25 - 45,6084,F,0,0.0,324.0,African-American,0.0,27.0,2
0,Low,1.0,0,0.0,Male,25 - 45,5327,f,1,0.0,384.0,CAUCASIAN,1.0,32.0,1
0,Medium,3.0,0,0.0,Male,Less than 25,5430,F,1,0.0,276.0,African-American,3.0,23.0,5
0,Low,0.0,0,0.0,Male,Greater than 45,935,M,0,0.0,612.0,Caucasian,0.0,51.0,1
0,Medium,3.0,1,1.0,Male,25 - 45,4036,F,0,0.0,372.0,African-American,3.0,31.0,5
0,Low,0.0,0,0.0,Male,25 - 45,9547,M,0,0.0,312.0,Caucasian,0.0,26.0,4
1,Low,2.0,0,1.0,Male,25 - 45,7319,M,1,0.0,360.0,Caucasian,2.0,30.0,4
0,Low,1.0,0,0.0,n/a,25 - 45,762,M,1,0.0,324.0,Caucasian,1.0,27.0,3
0,Low,-,0,0.0,Female,25 - 45,8866,M,0,0.0,408.0,Hispanic,-,34.0,3
0,Low,0.0,0,0.0,Male,Less than 25,6733,F,0,0.0,264.0,African-American,0.0,22.0,4
0,Low,0.0,0,0.0,n/a,Less than 25,6036,F,0,0.0,252.0,Other,0.0,21.0,4
0,Low,4.0,0,0.0,Male,25 - 45,8616,F,0,0.0,528.0,Caucasian,4.0,44.0,3
0,Low,4.0,0,0.0,Male,25 - 45,7931,M,0,0.0,360.0,African-American,4.0,30.0,2
0,Low,2.0,0,0.0,Female,25 - 45,5649,F,0,0.0,336.0,Caucasian,2.0,28.0,3
0,Medium,8.0,0,0.0,Male,Less than 25,9287,F,1,0.0,288.0,African-American,8.0,24.0,7
0,Low,0.0,0,0.0,Male,Less than 25,10017,F,1,0.0,252.0,Other,0.0,21.0,4
0,Low,4.0,0,0.0,Male,25 - 45,1368,M,0,0.0,312.0,Caucasian,4.0,26.0,4
0,Low,,0,0.0,Male,Greater than 45,7185,F,0,0.0,720.0,Hispanic,,60.0,4
0,Low,2.0,0,0.0,Female,Less than 25,5544,f,0,0.0,288.0,African-American,2.0,24.0,4
0,Low,1.0,0,0.0,Male,25 - 45,6820,F,0,0.0,300.0,African-American,1.0,25.0,3
0,Medium,0.0,0,0.0,Male,Less than 25,8463,F,0,0.0,276.0,African-American,0.0,23.0,5
0,Low,0.0,0,0.0,Male,25 - 45,10344,F,0,0.0,348.0,African-American,0.0,29.0,2
0,Medium,5.0,0,0.0,Male,Less than 25,8539,,0,0.0,288.0,African-American,5.0,24.0,6
0,Low,1.0,0,0.0,Male,Greater than 45,9170,F,0,0.0,624.0,Caucasian,1.0,52.0,1
0,Low,0.0,0,0.0,Female,25 - 45,7275,M,0,0.0,468.0,Caucasian,0.0,39.0,2
0,Low,0.0,0,0.0,Male,25 - 45,8508,M,0,0.0,348.0,African-American,0.0,29.0,2
0,Low,0.0,0,0.0,Male,Greater than 45,3107,M,0,0.0,552.0,Caucasian,0.0,46.0,1
1,Medium,2.0,0,1.0,male,Less than 25,8664,F,1,0.0,252.0,Hispanic,2.0,21.0,5
0,Low,8.0,0,0.0,Male,Greater than 45,8185,M,1,0.0,768.0,African-American,8.0,64.0,4
0,Low,3.0,0,0.0,Male,25 - 45,9,F,0,0.0,516.0,Other,3.0,43.0,4
0,Low,2.0,0,0.0,Female,25 - 45,10120,M,1,0.0,348.0,Other,2.0,29.0,2
0,Low,0.0,0,0.0,Male,25 - 45,3074,F,0,0.0,408.0,?,0.0,34.0,1
0,medium,5.0,0,0.0,Male,25 - 45,8097,F,1,0.0,348.0,African-American,5.0,29.0,5
0,High,3.0,0,0.0,MALE,25 - 45,8580,M,0,0.0,336.0,African-American,3.0,28.0,9
0,Low,2.0,0,0.0,Male,Less than 25,7441,,0,0.0,276.0,Other,2.0,23.0,4
0,Low,1.0,0,0.0,Male,25 - 45,4962,M,0,0.0,372.0,Hispanic,1.0,31.0,2
0,Low,,0,0.0,Male,Greater than 45,10228,F,0,0.0,588.0,Caucasian,,49.0,1
0,Low,1.0,0,0.0,Male,Less than 25,7871,F,1,0.0,228.0,African-American,1.0,19.0,4
0,Low,0.0,0,0.0,Male,25 - 45,6409,F,1,0.0,372.0,African-American,0.0,31.0,2
0,Low,0.0,0,0.0,Male,25 - 45,6236,M,0,0.0,396.0,Asian,0.0,33.0,1
0,Low,,0,0.0,Male,Greater than 45,6043,F,0,0.0,600.0,Caucasian,,50.0,3
0,Low,5.0,0,0.0,Female,25 - 45,459,F,0,0.0,384.0,African-American,5.0,32.0,1
1,Medium,13.0,2,3.0,Male,25 - 45,3164,F,1,0.0,324.0,African-American,13.0,27.0,6
0,Low,1.0,0,0.0,Male,25 - 45,999,F,1,0.0,456.0,Caucasian,1.0,38.0,1
0,Medium,,0,0.0,Male,Greater than 45,7992,F,1,0.0,660.0,Caucasian,,55.0,7
0,Medium,1.0,0,0.0,Male,25 - 45,1304,F,0,0.0,360.0,African-American,1.0,30.0,7
0,High,9.0,0,0.0,MALE,25 - 45,6304,F,1,0.0,324.0,African-American,9.0,27.0,9
0,High,13.0,1,1.0,Male,25 - 45,8930,Misdemeanor,1,0.0,384.0,African-American,13.0,32.0,8
2,Medium,0.0,0,2.0,Female ,Less than 25,526,F,0,0.0,252.0,Caucasian,0.0,21.0,6
0,Low,1.0,0,0.0,MALE,Greater than 45,6601,F,0,0.0,624.0,African-American,1.0,52.0,1
0,Low,,0,0.0,Female,Greater than 45,9717,M,0,0.0,660.0,Caucasian,,55.0,1
0,Low,1.0,0,0.0,Male,Less than 25,9965,F,0,0.0,240.0,Caucasian,1.0,20.0,4
0,Low,2.0,0,0.0,Male,Greater than 45,2497,Felony,0,0.0,624.0,Other,2.0,52.0,1
0,Low,1.0,0,0.0,Female,Greater than 45,10885,F,1,0.0,600.0,Hispanic,1.0,50.0,3
0,Medium,3.0,0,0.0,Male,Less than 25,2215,F,1,0.0,264.0,African-American,3.0,22.0,5
0,Low,0.0,0,0.0,Female,25 - 45,10667,F,0,0.0,348.0,African-American,0.0,29.0,4
0,High,3.0,0,0.0,Male,25 - 45,7194,M,1,0.0,300.0,African-American,3.0,25.0,9
0,MEDIUM,0.0,0,0.0,Male,Less than 25,8436,F,1,0.0,252.0,Other,0.0,21.0,5
0,Low,1.0,0,0.0,Female,25 - 45,1874,M,0,0.0,336.0,Caucasian,1.0,28.0,4
0,High,3.0,0,1.0,Male,25 - 45,6585,F,1,1.0,348.0,African-American,3.0,29.0,9
0,Low,4.0,0,0.0,Male,25 - 45,4098,F,1,0.0,312.0,African-American,4.0,26.0,4
0,Low,2.0,0,0.0,Male,Greater than 45,9796,M,1,0.0,648.0,Other,2.0,54.0,2
0,Medium,1.0,0,0.0,Male,Less than 25,275,F,1,0.0,264.0,African-American,1.0,22.0,5
0,High,2.0,0,0.0,Male,25 - 45,3114,F,1,0.0,492.0,Asian,2.0,41.0,8
0,Low,1.0,0,0.0,Male,Less than 25,1518,Felony,1,0.0,288.0,Hispanic,1.0,24.0,2
0,Medium,5.0,0,1.0,Male,25 - 45,10091,F,1,1.0,336.0,African-American,5.0,28.0,5
1,High,9.0,1,2.0,Male,25 - 45,4189,M,1,0.0,312.0,?,9.0,26.0,10
0,Medium,1.0,0,0.0,Male,25 - 45,3779,M,0,0.0,324.0,African-American,1.0,27.0,5
0,High,26.0,1,1.0,Male,25 - 45,8823,F,1,0.0,432.0,Hispanic,26.0,36.0,10
0,Medium,1.0,0,0.0,Male,Greater than 45,1949,F,0,0.0,564.0,Hispanic,1.0,47.0,5
0,Low,3.0,0,0.0,male,Greater than 45,7111,M,1,0.0,564.0,Caucasian,3.0,47.0,3
0,low,1.0,1,1.0,Male,Less than 25,548,F,0,0.0,252.0,African-American,1.0,21.0,3
0,HIGH,22.0,0,0.0,Male,Greater than 45,10039,M,1,0.0,756.0,African-American,22.0,63.0,9
0,Medium,21.0,0,0.0,Male,Greater than 45,644,M,1,0.0,696.0,African-American,21.0,58.0,7
0,Medium,1.0,0,0.0,Male,Less than 25,3551,F,1,0.0,240.0,African-American,1.0,20.0,6
0,High,11.0,0,0.0,Male,25 - 45,1543,M,1,0.0,324.0,African-American,11.0,27.0,10
0,Low,4.0,0,0.0,Male,25 - 45,10618,F,1,,384.0,African-American,4.0,32.0,3
0,Low,8.0,0,0.0,Male,25 - 45,5308,M,0,0.0,432.0,Other,8.0,36.0,2
0,High,6.0,0,0.0,Male,Less than 25,4912,M,0,0.0,276.0,hispanic,6.0,23.0,8
0,Low,2.0,0,0.0,Female,Less than 25,1023,F,0,0.0,708.0,Caucasian,2.0,59.0,3
0,high,1.0,0,0.0,Male,25 - 45,4835,F,0,0.0,444.0,African-American,1.0,37.0,10
0,High,16.0,0,0.0,Male,Greater than 45,2995,F,0,0.0,696.0,African-American,16.0,58.0,9
0,Medium,6.0,0,0.0,Male,25 - 45,2235,F,0,0.0,360.0,Caucasian,6.0,30.0,7
0,Low,4.0,0,0.0,Female ,25 - 45,3071,F,1,0.0,492.0,African-American,4.0,41.0,2
0,Low,0.0,0,0.0,Male,25 - 45,1848,F,1,0.0,528.0, Caucasian,0.0,44.0,2
0,High,9.0,0,2.0,Female,25 - 45,7060,F,0,2.0,420.0,African-American,9.0,35.0,8
0,Low,0.0,0,0.0,Female,Greater than 45,10376,M,0,0.0,552.0,Caucasian,0.0,46.0,1
0,Low,1.0,0,0.0,Male,25 - 45,1809,M,1,0.0,300.0,Other,1.0,25.0,4
0,Low,1.0,0,0.0,Female,25 - 45,6083,Felony,1,0.0,336.0,African-American,1.0,28.0,3
0,Low,1.0,0,0.0,Male,25 - 45,838,M,0,0.0,528.0,African-American,1.0,44.0,3
0,Low,0.0,0,0.0,Male,Greater than 45,8831,M,0,0.0,612.0,Hispanic,0.0,51.0,1
0,Low,3.0,0,0.0,Female,25 - 45,5391,F,0,0.0,456.0,Caucasian,3.0,38.0,4
0,Low,1.0,0,0.0,Male,25 - 45,4996,F,0,0.0,324.0,Caucasian,1.0,27.0,1
0,Low,0.0,0,0.0,Male,Greater than 45,7087,F,0,0.0,684.0,Other,0.0,57.0,1
0,Low,1.0,0,0.0,Female,25 - 45,1238,M,1,0.0,384.0,Caucasian,1.0,32.0,3
0,medium,1.0,0,1.0,Female,25 - 45,6191,F,0,1.0,324.0,African-American,1.0,27.0,5
0,Medium,4.0,0,0.0,Male,25 - 45,4257,M,1,0.0,360.0,African-American,4.0,30.0,7
0,Low,,0,0.0,Male,Greater than 45,8379,F,0,0.0,912.0,Asian,,76.0,1
0,Low,2.0,0,0.0,Female,Greater than 45,881,M,1,0.0,588.0,Caucasian,2.0,49.0,1
0,Low,8.0,0,0.0,Male,25 - 45,9888,F,0,0.0,468.0,African-American,8.0,39.0,4
0,High,11.0,0,0.0,Female ,Greater than 45,7542,F,1,0.0,792.0,African-American,11.0,66.0,8
0,High,4.0,1,1.0,Male,25 - 45,360,M,0,0.0,312.0,African-American,4.0,26.0,8
0,Medium,10.0,0,0.0,Female,25 - 45,3601,M,1,0.0,336.0,African-American,10.0,28.0,7
1,High,N/A,2,2.0,Male,Less than 25,2442,F,1,-1.0,288.0,African-American,N/A,24.0,9
1,High,14.0,0,1.0,Male,25 - 45,8501,F,1,0.0,396.0,African-American,14.0,33.0,10
0,Low,,0,0.0,Female,Greater than 45,7960,M,1,0.0,744.0,Caucasian,,62.0,1
0,Low,6.0,0,0.0,Male,25 - 45,9822,M,1,0.0,336.0,Caucasian,6.0,28.0,4
0,High,0.0,0,0.0,Female,Greater than 45,7823,f,1,0.0,540.0,Caucasian,0.0,45.0,9
0,Low,N/A,0,0.0,Female,Greater than 45,1370,M,0,0.0,636.0,Caucasian,N/A,53.0,1
0,Low,3.0,0,0.0,Male,25 - 45,5177,M,1,0.0,444.0,Hispanic,3.0,37.0,1
0,Low,0.0,0,0.0, Male,25 - 45,4787,F,0,0.0,528.0,African-American,0.0,44.0,2
0,Low,1.0,0,0.0,Male,25 - 45,5908,M,1,0.0,300.0,Caucasian,1.0,25.0,2
0,Low,1.0,0,0.0,Male,25 - 45,8264,F,1,0.0,360.0,African-American,1.0,30.0,3
0,Medium,2.0,0,0.0,FEMALE,25 - 45,9968,F,1,0.0,324.0,African-American,2.0,27.0,6
0,High,3.0,0,0.0,Male,Less than 25,6044,F,1,0.0,228.0,African-American,3.0,19.0,8
0,High,2.0,0,3.0,Male,Less than 25,4504,F,1,3.0,216.0,African-American,2.0,18.0,9
0,Low,1.0,0,0.0,Female,Greater than 45,6941,F,1,0.0,672.0,African-American,1.0,56.0,2
0,Low,20.0,0,0.0,Male,Greater than 45,1516,F,1,0.0,540.0,Hispanic,20.0,45.0,3
0,Low,1.0,0,0.0,Female,25 - 45,4711,F,0,0.0,468.0,African-American,1.0,39.0,1
0,High,2.0,0,0.0,Male,25 - 45,2070,Misdemeanor,0,0.0,384.0,African-American,2.0,32.0,8
0,Low,1.0,0,0.0,Male,Less than 25,1951,,0,0.0,240.0,African-American,1.0,20.0,3
0,Low,0.0,0,0.0,Male,Less than 25,1943,F,1,0.0,288.0,African-American,0.0,24.0,3
0,Low,4.0,0,0.0,Male,25 - 45,5216,M,1,0.0,492.0,African-American,4.0,41.0,1
0,Low,4.0,0,0.0,Male,25 - 45,375,F,0,,360.0,Caucasian,4.0,30.0,2
0,Low,2.0,0,0.0,Male,Greater than 45,6939,F,0,0.0,744.0,Caucasian,2.0,62.0,1
0,Low,2.0,0,0.0,Male,25 - 45,10229,F,0,0.0,372.0,African-American,2.0,31.0,2
2,Low,1.0,0,2.0,Male,Less than 25,8988,f,0,0.0,240.0,African-American,1.0,20.0,2
0,High,2.0,1,1.0,Male,Less than 25,9437,F,0,0.0,276.0,hispanic,2.0,23.0,9
0,Low,0.0,0,0.0,Male,25 - 45,335,M,0,0.0,444.0,African-American,0.0,37.0,1
0,Medium,3.0,0,0.0,Female,25 - 45,5178,F,0,0.0,372.0,African-American,3.0,31.0,5
1,Medium,2.0,0,1.0,MALE,Less than 25,2574,F,0,0.0,276.0,Caucasian,2.0,23.0,7
0,Medium,1.0,0,0.0,Male,Less than 25,3722,M,1,0.0,276.0,African-American,1.0,23.0,7
0,High,11.0,0,0.0,MALE,25 - 45,3284,F,1,0.0,444.0,CAUCASIAN,11.0,37.0,9
0,High,1.0,0,0.0,Male,25 - 45,430,M,1,0.0,312.0,African-American,1.0,26.0,8
1,High,1.0,0,1.0,Male,Less than 25,1282,F,0,0.0,252.0,African-American,1.0,21.0,8
0,Medium,0.0,0,0.0,female,Less than 25,9146,M,0,0.0,252.0,African-American,0.0,21.0,5
0,Low,2.0,0,0.0,Male,25 - 45,8613,M,0,0.0,396.0,Caucasian,2.0,33.0,2
0,Low,3.0,0,0.0,male,25 - 45,7564,F,0,0.0,300.0,Caucasian,3.0,25.0,3
0,Low,2.0,0,0.0,Female,25 - 45,2194,M,0,0.0,504.0,African-American,2.0,42.0,3
0,Low,2.0,0,0.0, Male,Less than 25,7375,Misdemeanor,1,0.0,264.0,African-American,2.0,22.0,4
0,Low,1.0,0,0.0,Male,25 - 45,3600,F,0,0.0,,Hispanic,1.0,,2
0,High,4.0,0,0.0,Male,25 - 45,5681,F,1,0.0,372.0, African-American,4.0,31.0,8
1,Low,0.0,0,1.0,Male,Less than 25,10951,M,0,0.0,264.0,Hispanic,0.0,22.0,3
0,Medium,1.0,0,0.0,Male,25 - 45,9046,M,0,0.0,408.0,Caucasian,1.0,34.0,5
1,Low,1.0,0,1.0,Male,25 - 45,4455,M,1,0.0,384.0,Hispanic,1.0,32.0,1
0,Low,7.0,0,0.0,Male,Greater than 45,6074,F,0,0.0,576.0,Other,7.0,48.0,2
0,High,4.0,0,1.0,Male,25 - 45,5248,M,0,1.0,300.0,African American,4.0,25.0,9
0,Low,8.0,0,0.0,Male,Greater than 45,7909,F,0,0.0,804.0,African-American,8.0,67.0,4
2,Medium,2.0,1,3.0,MALE,Less than 25,7464,F,1,0.0,276.0,African-American,2.0,23.0,6
0,Medium,0.0,0,0.0,Male,25 - 45,4182,F,0,,384.0,Caucasian,0.0,32.0,5
1,Medium,8.0,0,1.0,Male,25 - 45,3564,F,1,,324.0,African-American,8.0,27.0,7
0,Low,0.0,0,0.0,Female,Greater than 45,6230,Misdemeanor,0,0.0,540.0,Other,0.0,45.0,1
0,High,15.0,0,1.0,Male,25 - 45,4784,F,0,1.0,480.0,African-American,15.0,40.0,8
0,Medium,1.0,0,0.0,Male,25 - 45,8008,M,0,0.0,324.0,African-American,1.0,27.0,5
0,Medium,4.0,0,0.0,Male,25 - 45,4016,F,0,0.0,324.0,Caucasian,4.0,27.0,7
0,Low,0.0,0,0.0,Male,25 - 45,5477,F,0,0.0,408.0,Caucasian,0.0,34.0,2
0,Low,1.0,0,0.0,Female,Greater than 45,842,F,0,0.0,600.0,Hispanic,1.0,50.0,1
0,Low,10.0,1,1.0,Female,25 - 45,206,F,1,0.0,348.0,Caucasian,10.0,29.0,4
0,Low,0.0,0,0.0,Male,Greater than 45,9785,M,0,0.0,564.0,Caucasian,0.0,47.0,2
0,Medium,6.0,0,1.0,Male,25 - 45,8308,F,1,1.0,324.0,African-American,6.0,27.0,7
0,LOW,0.0,0,0.0,Male,25 - 45,953,M,0,0.0,348.0,African-American,0.0,29.0,1
0,Medium,2.0,0,0.0,Male,25 - 45,1207,F,1,0.0,312.0,Caucasian,2.0,26.0,5
0,Low,0.0,0,0.0,Male,25 - 45,3153,F,0,0.0,384.0,Caucasian,0.0,32.0,3
0,Low,7.0,0,0.0,Male,Greater than 45,319,F,1,0.0,672.0,Caucasian,7.0,56.0,1
0,Low,2.0,0,0.0,Male,25 - 45,9169,F,1,0.0,396.0,Other,2.0,33.0,1
0,Low,,0,0.0,Female,Greater than 45,9576,F,0,0.0,552.0,Other,,46.0,1
0,Medium,4.0,1,1.0,Male,Less than 25,5729,M,1,0.0,252.0,Caucasian,4.0,21.0,7
0,Low,2.0,0,0.0,Male,Less than 25,841,F,0,0.0,276.0,Caucasian,2.0,23.0,2
0,Medium,3.0,0,0.0,Male,Less than 25,645,F,0,0.0,264.0,African-American,3.0,22.0,7
0,Low,0.0,0,0.0,Male,Greater than 45,1571,F,0,0.0,552.0,Caucasian,0.0,46.0,1
0,Low,,0,0.0,MALE,Greater than 45,5218,F,0,0.0,552.0,Caucasian,,46.0,3
0,Medium,1.0,0,0.0,?,Less than 25,3093,F,0,0.0,288.0,Caucasian,1.0,24.0,5
0,High,4.0,0,0.0,Male,25 - 45,2893,F,0,0.0,324.0,African-American,4.0,27.0,8
0,Medium,2.0,0,0.0,Male,25 - 45,543,M,1,0.0,408.0,Hispanic,2.0,34.0,5
0,Medium,0.0,0,0.0,Male,Less than 25,9486,,1,0.0,240.0,African-American,0.0,20.0,5
0,Medium,0.0,0,0.0,Male,Less than 25,437,,1,0.0,276.0,Caucasian,0.0,23.0,5
0,Low,1.0,0,1.0,Male,25 - 45,243,M,0,1.0,468.0,Caucasian,1.0,39.0,4
0,Medium,3.0,0,0.0,Female,25 - 45,5861,F,1,0.0,372.0,Caucasian,3.0,31.0,7
0,High,5.0,2,3.0,Male,Less than 25,7908,F,1,1.0,240.0,African-American,5.0,20.0,9
0,Low,1.0,0,0.0,Male,Greater than 45,5948,M,0,0.0,720.0,Caucasian,1.0,60.0,1
0,Low,0.0,0,0.0,Male,Greater than 45,527,M,0,0.0,,Caucasian,0.0,,1
0,Low,2.0,0,0.0,Male,Less than 25,7246,F,0,0.0,288.0, Caucasian,2.0,24.0,2
0,Medium,3.0,1,1.0,Male,Less than 25,852,F,1,0.0,264.0, African-American,3.0,22.0,7
0,Medium,-,0,0.0,n/a,25 - 45,2776,M,0,0.0,492.0,Caucasian,-,41.0,6
0,Medium,3.0,0,0.0,Male,Less than 25,3772,F,1,0.0,288.0,Caucasian,3.0,24.0,5
0,High,15.0,0,0.0,Male,25 - 45,9856,F,0,0.0,312.0,African-American,15.0,26.0,9
0,High,21.0,0,0.0,Male,Greater than 45,9898,F,1,0.0,564.0,African-American,21.0,47.0,9
0,Medium,6.0,0,0.0,Male,25 - 45,4076,F,0,0.0,396.0,African-American,6.0,33.0,6
0,High,9.0,2,3.0,Male,25 - 45,7299,F,1,1.0,312.0,African-American,9.0,26.0,10
0,Low,0.0,0,0.0,Male,25 - 45,4703,F,1,0.0,300.0,Hispanic,0.0,25.0,2
0,Low,1.0,0,0.0,Male,25 - 45,1864,M,0,0.0,456.0,African-American,1.0,38.0,2
0,Low,9.0,0,0.0,Male,25 - 45,3454,F,1,0.0,336.0,African-American,9.0,28.0,3
0,Low,0.0,0,0.0,MALE,25 - 45,10686,F,0,0.0,432.0,Caucasian,0.0,36.0,1
0,Low,,0,0.0,Male,Greater than 45,3015,M,1,0.0,552.0,Caucasian,,46.0,1
0,Medium,1.0,0,0.0,Male,25 - 45,1376,F,0,0.0,336.0,Hispanic,1.0,28.0,5
0,High,12.0,0,0.0,Male,25 - 45,4715,F,1,0.0,420.0,African-American,12.0,35.0,8
0,Medium,0.0,0,0.0,Female,Less than 25,10960,F,1,0.0,288.0,African-American,0.0,24.0,6
0,Medium,2.0,0,0.0,Male,Less than 25,10167,f,1,,288.0,African-American,2.0,24.0,6
0,Low,1.0,0,0.0,Male,Greater than 45,4085,F,0,0.0,660.0,Caucasian,1.0,55.0,3
0,Low,2.0,0,0.0,Female,25 - 45,5100,F,1,0.0,372.0,Caucasian,2.0,31.0,4
0,Low,1.0,0,0.0,Male,25 - 45,3790,F,0,0.0,348.0,Caucasian,1.0,29.0,3
0,Low,2.0,0,0.0,Male,25 - 45,7243,M,1,0.0,324.0,African-American,2.0,27.0,3
0,Low,10.0,0,0.0,Male,25 - 45,6135,M,1,0.0,360.0,African-American,10.0,30.0,4
0,Medium,5.0,0,0.0,Male,Greater than 45,3285,F,1,0.0,552.0,African-American,5.0,46.0,5
0,High,4.0,0,0.0,Male,25 - 45,5545,F,1,0.0,372.0,Caucasian,4.0,31.0,8
0,Low,0.0,0,0.0,Female,25 - 45,10161,F,0,0.0,480.0,Caucasian,0.0,40.0,2
0,Medium,1.0,0,0.0,Male,Less than 25,7200,F,0,0.0,252.0,African-American,1.0,21.0,6
0,Low,1.0,0,0.0,Male,25 - 45,8798,F,0,0.0,,Hispanic,1.0,,1
0,Low,3.0,0,0.0,Male,Greater than 45,4811,F,0,0.0,780.0,Caucasian,3.0,65.0,2
0,High,0.0,0,0.0,Male,Greater than 45,6739,F,1,0.0,564.0,African-American,0.0,47.0,8
0,High,0.0,0,0.0,n/a,Less than 25,2560,F,1,0.0,252.0,Caucasian,0.0,21.0,9
0,Medium,9.0,0,0.0,Male,25 - 45,2886,F,1,0.0,324.0,African-American,9.0,27.0,7
0,Medium,2.0,0,0.0,Male,25 - 45,3025,F,0,0.0,504.0,African-American,2.0,42.0,5
0,Low,2.0,0,0.0,Male,25 - 45,8683,f,0,0.0,360.0,Caucasian,2.0,30.0,2
0,High,9.0,0,0.0,Male,25 - 45,10217,F,1,0.0,372.0,African-American,9.0,31.0,8
0,Low,2.0,0,0.0,MALE,25 - 45,8818,M,0,0.0,480.0,African-American,2.0,40.0,3
0,Low,,0,0.0,Female,Greater than 45,5262,F,0,0.0,576.0,Caucasian,,48.0,1
0,Medium,2.0,0,0.0,Male,25 - 45,2116,F,0,0.0,492.0,African-American,2.0,41.0,5
0,Low,0.0,0,0.0,Male,25 - 45,7508,M,0,0.0,528.0,Hispanic,0.0,44.0,1
0,Low,0.0,0,0.0,Female,Greater than 45,474,M,0,0.0,612.0,Caucasian,0.0,51.0,1
0,Low,1.0,0,0.0,Female,Greater than 45,1930,M,0,0.0,636.0,Caucasian,1.0,53.0,3
0,Low,1.0,0,0.0,Male,25 - 45,10778,M,1,0.0,456.0,Caucasian,1.0,38.0,1
0,Low,0.0,0,0.0,Male,Less than 25,354,F,0,0.0,264.0,African-American,0.0,22.0,4
0,Low,1.0,0,0.0,Male,25 - 45,6512,F,0,0.0,432.0,Caucasian,1.0,36.0,2
0,Low,3.0,0,0.0,Male,Greater than 45,724,F,0,0.0,564.0,Caucasian,3.0,47.0,1
2,high,11.0,2,4.0,Male,25 - 45,2400,F,0,0.0,360.0,African-American,11.0,30.0,8
0,Medium,1.0,0,0.0,Female,25 - 45,4160,M,1,0.0,300.0,Caucasian,1.0,25.0,5
0,Low,0.0,0,0.0,Male,25 - 45,10854,M,0,0.0,456.0,Other,0.0,38.0,2
0,Medium,5.0,0,0.0,Female,25 - 45,10468,F,1,0.0,396.0,-,5.0,33.0,7
0,Medium,1.0,0,0.0,Male,25 - 45,10476,F,0,0.0,312.0,Caucasian,1.0,26.0,5
0,Low,0.0,0,0.0,Male,25 - 45,10972,F,0,0.0,384.0,Caucasian,0.0,32.0,2
0,Low,0.0,0,0.0,Female,Greater than 45,1411,M,0,,828.0,Hispanic,0.0,69.0,1
0,Low,1.0,0,0.0,Male,Greater than 45,3523,F,0,0.0,,Caucasian,1.0,,1
0,Medium,3.0,0,0.0,Male,Greater than 45,3919,F,1,0.0,552.0,Asian,3.0,46.0,5
0,Medium,,0,0.0,Male,Greater than 45,3648,F,1,0.0,588.0,African-American,,49.0,6
0,Low,0.0,0,0.0,Male,Less than 25,6805,,1,0.0,264.0,African-American,0.0,22.0,3
0,Low,0.0,0,0.0,Male,Greater than 45,2820,M,0,0.0,792.0,Caucasian,0.0,66.0,1
0,Low,0.0,0,0.0,?,25 - 45,3412,M,0,0.0,300.0,Caucasian,0.0,25.0,2
0,Low,0.0,0,0.0,Male,Greater than 45,5369,M,0,0.0,540.0,African-American,0.0,45.0,1
0,High,3.0,0,0.0,Male,Less than 25,166,f,1,0.0,252.0,African-American,3.0,21.0,9
0,Low,1.0,0,0.0,Male,25 - 45,6900,F,1,0.0,360.0,African-American,1.0,30.0,4
0,High,2.0,0,1.0,Male,Less than 25,1054,,0,1.0,252.0,African-American,2.0,21.0,10
0,High,10.0,0,0.0,Female,25 - 45,9894,F,1,0.0,408.0,Caucasian,10.0,34.0,9
0,Medium,2.0,0,0.0,Male,25 - 45,7344,F,1,0.0,300.0,African-American,2.0,25.0,5
0,High,1.0,0,0.0,Male,Less than 25,7300,F,0,0.0,288.0,Caucasian,1.0,24.0,9
0,High,0.0,0,0.0,Male,Less than 25,1120,Felony,0,0.0,288.0,African-American,0.0,24.0,8
3,Medium,,0,3.0,Female,Greater than 45,8321,F,1,0.0,576.0,African-American,,48.0,6
0,Low,0.0,0,0.0,Female,25 - 45,150,M,0,0.0,528.0,Hispanic,0.0,44.0,1
0,HIGH,10.0,1,1.0,Male,25 - 45,6368,F,1,0.0,,African-American,10.0,,10
0,MEDIUM,4.0,0,0.0,Male,25 - 45,3853,M,0,0.0,420.0,African-American,4.0,35.0,5
0,High,6.0,0,0.0,Male,25 - 45,3742,F,1,0.0,348.0,African-American,6.0,29.0,8
0,Low,4.0,0,0.0,Female,25 - 45,3042,M,0,0.0,480.0,African-American,4.0,40.0,1
0,Low,1.0,0,0.0,Male,25 - 45,4978,F,0,0.0,300.0,African-American,1.0,25.0,3
0,Low,0.0,0,0.0,Male,Greater than 45,2256,F,0,0.0,768.0,Caucasian,0.0,64.0,3
0,Low,-,0,0.0,male,25 - 45,1194,F,0,0.0,432.0,Other,-,36.0,1
0,Low,9.0,0,0.0, Male,25 - 45,6134,F,0,0.0,384.0,African-American,9.0,32.0,4
1,High,15.0,0,4.0,Male,25 - 45,6095,M,1,3.0,372.0,African-American,15.0,31.0,10
0,Medium,7.0,0,0.0,Male,25 - 45,10389,Misdemeanor,0,0.0,312.0,Caucasian,7.0,26.0,6
0,Medium,1.0,0,0.0,Female,25 - 45,5659,M,0,0.0,420.0,Caucasian,1.0,35.0,5
0,Low,1.0,0,0.0,Male,25 - 45,5530,F,0,0.0,360.0,African-American,1.0,30.0,1
1,Low,1.0,0,1.0,Male,Less than 25,9201,F,1,0.0,288.0,African-American,1.0,24.0,2
0,Medium,,0,0.0,Male,Greater than 45,955,F,1,0.0,732.0,African-American,,61.0,6
1,High,3.0,2,3.0,Female,Less than 25,2289,M,1,0.0,240.0,Caucasian,3.0,20.0,10
0,Medium,4.0,0,0.0,Male,25 - 45,5955,M,0,0.0,432.0,Caucasian,4.0,36.0,6
0,MEDIUM,5.0,0,0.0,Male,Less than 25,1819,F,0,0.0,288.0,Other,5.0,24.0,6
0,Medium,3.0,0,0.0,Female,25 - 45,4508,F,0,0.0,312.0,African-American,3.0,26.0,5
0,Low,1.0,0,0.0,Male,25 - 45,3942,F,1,0.0,456.0,African-American,1.0,38.0,1
0,Medium,25.0,0,0.0,Male,Greater than 45,9248,F,0,0.0,732.0,african-american,25.0,61.0,7
0,Low,1.0,0,0.0,Male,Greater than 45,831,M,0,0.0,564.0,Caucasian,1.0,47.0,1
0,Low,1.0,0,0.0,Male,Less than 25,1856,F,0,0.0,252.0,Caucasian,1.0,21.0,4
0,low,1.0,0,0.0,Female,25 - 45,9412,M,0,0.0,432.0,African-American,1.0,36.0,1
0,Low,0.0,0,0.0,Female,Less than 25,7242,M,0,0.0,264.0,African-American,0.0,22.0,4
0,Low,,0,0.0,Male,Greater than 45,3207,M,0,0.0,732.0,Other,,61.0,1
0,High,7.0,0,0.0,MALE,Greater than 45,4316,F,1,0.0,624.0,African-American,7.0,52.0,9
0,High,0.0,0,0.0,Male,25 - 45,5224,F,1,0.0,300.0,African-American,0.0,25.0,8
0,Low,8.0,0,0.0,Male,25 - 45,5896,F,0,0.0,456.0,Caucasian,8.0,38.0,2
0,Medium,8.0,0,0.0,Male,25 - 45,3800,F,1,0.0,324.0,African-American,8.0,27.0,7
0,High,2.0,0,0.0,Male,Less than 25,8505,M,1,0.0,288.0,African-American,2.0,24.0,9
0,Low,0.0,0,0.0,Female,25 - 45,1219,M,0,0.0,396.0,African-American,0.0,33.0,2
17,High,12.0,4,21.0,male,25 - 45,2428,F,0,0.0,420.0,African-American,12.0,35.0,9
0,Low,7.0,0,0.0,Male,Greater than 45,10948,F,0,0.0,612.0,Caucasian,7.0,51.0,3
0,Low,0.0,0,0.0,Male,25 - 45,6127,M,0,0.0,528.0,African-American,0.0,44.0,1
0,Low,0.0,0,0.0,?,25 - 45,6538,M,0,0.0,432.0,Caucasian,0.0,36.0,1
0,High,,0,0.0,Female,Greater than 45,7580,F,1,0.0,612.0,Caucasian,,51.0,8
1,MEDIUM,1.0,0,1.0,Male,Less than 25,1276,M,1,0.0,240.0,African-American,1.0,20.0,7
0,Low,3.0,0,0.0,Male,25 - 45,8449,M,1,0.0,372.0,Caucasian,3.0,31.0,3
0,HIGH,3.0,0,0.0,Female ,Less than 25,947,F,0,0.0,276.0,Caucasian,3.0,23.0,10
0,High,2.0,0,0.0,Female,Less than 25,949,F,1,0.0,228.0,Caucasian,2.0,19.0,10
1,Medium,5.0,0,1.0,Male,25 - 45,5525,F,1,0.0,408.0,Caucasian,5.0,34.0,6
0,Low,1.0,0,0.0,Male,25 - 45,9832,M,1,0.0,300.0,Caucasian,1.0,25.0,4
0,Medium,0.0,0,0.0,Female,Less than 25,3935,,0,0.0,252.0,African-American,0.0,21.0,6
0,Low,,0,0.0,Female,Greater than 45,7305,Felony,1,0.0,696.0,Other,,58.0,1
0,Low,9.0,0,0.0,Female,25 - 45,4710,F,1,0.0,360.0,Caucasian,9.0,30.0,4
0,Medium,0.0,0,0.0,Male,25 - 45,1237,M,0,0.0,384.0,African-American,0.0,32.0,5
0,Low,2.0,0,0.0,Male,Greater than 45,3712,F,0,0.0,,African-American,2.0,,1
0,High,6.0,0,0.0,Male,25 - 45,6048,F,0,0.0,372.0,African-American,6.0,31.0,8
0,Medium,3.0,0,0.0,Female,25 - 45,4520,F,1,0.0,360.0,African-American,3.0,30.0,6
0,Medium,,0,0.0,Male,Greater than 45,1234,M,0,0.0,624.0,African-American,,52.0,6
0,Low,0.0,0,0.0,Male,Greater than 45,4143,F,0,0.0,576.0,African-American,0.0,48.0,1
0,Medium,4.0,0,0.0,Male,Greater than 45,1260,M,1,0.0,804.0,african-american,4.0,67.0,7
0,High,11.0,0,0.0,Male,25 - 45,6870,F,0,0.0,384.0,Caucasian,11.0,32.0,10
0,Low,1.0,0,0.0,Male,Greater than 45,6525,F,1,0.0,612.0,Caucasian,1.0,51.0,1
0,High,6.0,0,0.0,MALE,Less than 25,2055,F,0,0.0,264.0,African-American,6.0,22.0,9
1,High,1.0,0,2.0,Male,Less than 25,669,F,1,1.0,240.0,African-American,1.0,20.0,10
0,Low,0.0,0,0.0,Male,Greater than 45,2985,F,1,0.0,600.0,Caucasian,0.0,50.0,1
0,High,9.0,1,1.0,Male,25 - 45,10057,F,0,0.0,408.0,African-American,9.0,34.0,8
0,High,17.0,0,0.0,Male,Greater than 45,6886,F,1,0.0,612.0,African-American,17.0,51.0,8
0,High,7.0,0,0.0,Male,25 - 45,3031,F,1,0.0,348.0,Caucasian,7.0,29.0,10
0,Medium,5.0,0,0.0,Male,25 - 45,2882,F,1,0.0,384.0,?,5.0,32.0,5
0,Low,3.0,0,0.0,Male,Greater than 45,1910,F,1,0.0,612.0,Caucasian,3.0,51.0,1
0,Low,0.0,0,0.0,Male,25 - 45,6070,M,1,0.0,360.0,African-American,0.0,30.0,1
0,Medium,0.0,0,0.0,Male,Less than 25,2108,F,0,0.0,252.0,Hispanic,0.0,21.0,7
0,High,13.0,0,0.0,Male,Greater than 45,4820,F,1,0.0,744.0,African-American,13.0,62.0,8
0,Medium,0.0,0,0.0,Male,25 - 45,6893,F,0,0.0,300.0,AFRICAN-AMERICAN,0.0,25.0,5
0,Low,1.0,0,0.0,Male,25 - 45,7757,Misdemeanor,0,0.0,408.0,Hispanic,1.0,34.0,1
0,low,1.0,0,0.0, Male,25 - 45,3793,F,1,0.0,432.0,Caucasian,1.0,36.0,4
0,Low,4.0,0,0.0,Male,25 - 45,8761,M,1,0.0,384.0,Caucasian,4.0,32.0,2
0,High,0.0,0,0.0,Male,Less than 25,3865,M,0,0.0,252.0,African-American,0.0,21.0,10
0,Low,0.0,0,0.0,Male,25 - 45,505,F,0,0.0,348.0,African-American,0.0,29.0,1
0,Low,0.0,0,0.0,Male,Less than 25,7254,F,1,0.0,240.0,Caucasian,0.0,20.0,4
0,Low,0.0,0,0.0, Male,25 - 45,119,F,0,0.0,384.0,African-American,0.0,32.0,2
0,Medium,18.0,0,0.0,Male,Greater than 45,7642,F,0,0.0,552.0,African-American,18.0,46.0,7
0,Low,1.0,0,0.0,MALE,Less than 25,8757,F,0,0.0,252.0,Caucasian,1.0,21.0,3
1,High,7.0,0,1.0,Male,25 - 45,8239,F,0,0.0,336.0,African-American,7.0,28.0,10
0,Low,2.0,0,0.0,Male,Greater than 45,6624,F,1,0.0,732.0,Hispanic,2.0,61.0,4
0,High,0.0,0,0.0,Female,Less than 25,6605,Felony,0,0.0,264.0,African-American,0.0,22.0,8
0,Low,0.0,0,0.0,Male,25 - 45,10841,M,1,0.0,324.0,African-American,0.0,27.0,1
0,Medium,9.0,0,0.0,Male,25 - 45,5740,M,1,0.0,372.0,African-American,9.0,31.0,7
0,Low,4.0,0,0.0,Male,25 - 45,9756,M,1,0.0,336.0,African-American,4.0,28.0,3
0,Low,0.0,0,0.0,Male,25 - 45,2383,F,0,0.0,348.0,Other,0.0,29.0,1
0,Low,1.0,0,0.0,Male,25 - 45,10369,F,0,0.0,348.0,Hispanic,1.0,29.0,1
1,Medium,1.0,0,2.0,Male,Less than 25,10582,,1,1.0,288.0,African-American,1.0,24.0,6
0,Low,1.0,0,0.0,Male,Less than 25,1345,M,1,0.0,228.0,Caucasian,1.0,19.0,4
1,High,1.0,1,2.0, Male,Less than 25,8906,F,1,0.0,240.0,Caucasian,1.0,20.0,10
0,Medium,2.0,0,0.0,Male,Less than 25,7070,F,0,0.0,264.0, African-American,2.0,22.0,6
0,Low,,0,0.0,Male,Greater than 45,7635,M,0,0.0,732.0,Caucasian,,61.0,1
0,Medium,0.0,0,0.0,Male,25 - 45,2459,f,0,0.0,,African-American,0.0,,5
0,Low,1.0,0,0.0,Female,Greater than 45,2398,F,0,0.0,672.0,Caucasian,1.0,56.0,1
0,Medium,36.0,0,0.0,Male,Greater than 45,487,F,1,0.0,636.0,Caucasian,36.0,53.0,6
0,Low,1.0,0,0.0,Male,Greater than 45,2365,F,0,0.0,588.0,caucasian,1.0,49.0,3
0,Low,,0,0.0,Female,Greater than 45,1068,F,1,,720.0,Caucasian,,60.0,3
0,High,4.0,1,1.0, Male,Less than 25,2571,F,1,0.0,288.0,African-American,4.0,24.0,8
0,Low,,0,0.0,Male,Greater than 45,5288,F,1,0.0,900.0,Caucasian,,75.0,4
0,Low,0.0,0,0.0,Male,Greater than 45,2972,F,0,,600.0,African-American,0.0,50.0,1
0,Low,5.0,0,0.0,Female,25 - 45,10818,F,1,0.0,432.0,Caucasian,5.0,36.0,3
0,Low,,0,0.0,Male,Greater than 45,4511,F,0,0.0,708.0,African-American,,59.0,1
0,Low,0.0,0,0.0,Male,Greater than 45,3698,F,0,0.0,588.0,Caucasian,0.0,49.0,1
0,High,17.0,2,3.0,Male,25 - 45,2036,F,1,1.0,384.0,African-American,17.0,32.0,10
0,High,0.0,0,0.0,Male,Less than 25,4772,f,0,0.0,288.0,African-American,0.0,24.0,10
0,High,0.0,0,0.0,Female,25 - 45,5425,F,1,0.0,396.0,African-American,0.0,33.0,9
0,Low,,0,0.0,Male,Greater than 45,9735,M,0,0.0,588.0,Hispanic,,49.0,1
0,Medium,8.0,0,0.0,Male,25 - 45,6005,F,0,0.0,408.0,Caucasian,8.0,34.0,7
0,High,13.0,0,0.0,Female,25 - 45,8322,F,1,0.0,432.0,African-American,13.0,36.0,9
0,Medium,0.0,0,0.0,MALE,25 - 45,9255,F,1,0.0,312.0,Caucasian,0.0,26.0,6
1,Medium,9.0,0,1.0,Male,25 - 45,5163,F,1,0.0,312.0,Hispanic,9.0,26.0,7
0,Low,5.0,0,0.0,Female,Greater than 45,9408,f,1,0.0,660.0,Other,5.0,55.0,1
1,High,0.0,0,1.0,Male,Less than 25,687,Felony,1,0.0,240.0,Other,0.0,20.0,8
0,Low,0.0,0,0.0,Male,25 - 45,9569,M,0,0.0,360.0,Caucasian,0.0,30.0,1
0,High,21.0,0,0.0,Male,25 - 45,2997,F,1,0.0,384.0,African-American,21.0,32.0,9
0,Low,3.0,1,1.0,Male,25 - 45,7676,M,1,0.0,468.0,Caucasian,3.0,39.0,1
0,Medium,3.0,0,0.0,Male,Less than 25,580,M,0,0.0,252.0,Caucasian,3.0,21.0,7
0,Medium,7.0,0,0.0,Male,Greater than 45,3934,F,0,0.0,624.0,African-American,7.0,52.0,5
0,LOW,2.0,0,0.0,male,25 - 45,5943,F,0,0.0,,Other,2.0,,1
0,Low,1.0,0,0.0,Male,25 - 45,9890,M,0,0.0,312.0,African-American,1.0,26.0,1
0,Low,6.0,0,0.0,FEMALE,Greater than 45,9548,F,0,0.0,624.0,Caucasian,6.0,52.0,1
0,Low,0.0,0,0.0,Female,25 - 45,5180,M,0,0.0,384.0,Other,0.0,32.0,2
0,Low,0.0,0,0.0,Male,25 - 45,7843,M,0,0.0,432.0,Caucasian,0.0,36.0,1
0,Medium,2.0,0,0.0,Female,25 - 45,9324,F,1,0.0,336.0,Caucasian,2.0,28.0,6
0,Low,-,0,0.0,Male,Greater than 45,1498,F,0,0.0,624.0,Caucasian,-,52.0,1
0,Low,0.0,0,0.0,MALE,25 - 45,5698,M,0,0.0,408.0,Hispanic,0.0,34.0,1
0,High,6.0,0,0.0,Male,25 - 45,4861,F,1,0.0,408.0,African-American,6.0,34.0,8
0,Low,0.0,0,0.0,Female,Less than 25,1508,M,0,0.0,264.0,African-American,0.0,22.0,3
0,High,16.0,0,0.0,Female,Greater than 45,689,F,0,,612.0,African-American,16.0,51.0,8
0,Low,,0,0.0,Male,Greater than 45,8661,M,0,0.0,600.0,Caucasian,,50.0,2
0,Low,2.0,0,0.0,Female,25 - 45,411,M,0,0.0,492.0,African-American,2.0,41.0,3
0,Low,0.0,0,0.0,Female,Less than 25,1801,M,0,0.0,276.0,African-American,0.0,23.0,3
0,High,12.0,0,0.0,Male,25 - 45,9086,F,1,0.0,408.0,African-American,12.0,34.0,9
0,Low,2.0,0,0.0,Male,Greater than 45,291,F,0,0.0,540.0,Caucasian,2.0,45.0,3
0,medium,1.0,0,0.0,Female,25 - 45,7490,M,0,0.0,372.0,African-American,1.0,31.0,5
0,Low,3.0,0,0.0,Female,25 - 45,8384,F,0,0.0,468.0,African-American,3.0,39.0,3
0,Low,0.0,0,0.0,Male,Less than 25,8141,,0,0.0,252.0,Caucasian,0.0,21.0,4
0,Low,1.0,0,0.0,Male,Less than 25,5023,M,1,0.0,252.0,Caucasian,1.0,21.0,4
0,Low,0.0,0,0.0,Male,25 - 45,9624,M,0,0.0,468.0,African-American,0.0,39.0,3
0,Low,1.0,0,0.0,Female,25 - 45,6780,F,0,0.0,408.0,African-American,1.0,34.0,1
0,Low,0.0,0,0.0,Male,Greater than 45,8869,M,0,0.0,552.0,African-American,0.0,46.0,2
0,High,8.0,0,0.0,Female,25 - 45,7942,F,1,0.0,492.0,African-American,8.0,41.0,8
0,Low,0.0,0,0.0,Male,25 - 45,4934,M,0,0.0,312.0,Caucasian,0.0,26.0,2
0,High,9.0,0,0.0,male,Greater than 45,8601,F,1,0.0,708.0,African-American,9.0,59.0,9
0,Low,0.0,0,0.0,Male,25 - 45,899,M,0,0.0,300.0,African-American,0.0,25.0,3
0,Low,0.0,0,0.0,Male,Less than 25,8125,F,0,0.0,276.0,Caucasian,0.0,23.0,4
0,Low,0.0,0,0.0,Male,Less than 25,532,F,0,0.0,264.0,Caucasian,0.0,22.0,4
0,Low,0.0,0,0.0,Female,25 - 45,369,M,0,0.0,444.0,Other,0.0,37.0,1
0,Low,2.0,0,0.0,male,Greater than 45,9116,M,0,0.0,600.0,Hispanic,2.0,50.0,1
0,Low,1.0,0,0.0,Male,25 - 45,8563,m,0,0.0,324.0,?,1.0,27.0,2
0,High,20.0,0,0.0,Male,25 - 45,7289,F,1,0.0,312.0,African-American,20.0,26.0,10
0,High,15.0,0,0.0,Female,25 - 45,9940,F,1,0.0,360.0,African-American,15.0,30.0,9
0,High,5.0,0,0.0,Male,25 - 45,5554,M,0,0.0,336.0,African-American,5.0,28.0,8
0,High,2.0,0,0.0,Male,25 - 45,409,F,0,0.0,420.0,African-American,2.0,35.0,10
0,Low,3.0,0,0.0,Male,25 - 45,7219,F,0,0.0,384.0,African-American,3.0,32.0,4
0,Low,2.0,0,0.0,Male,Greater than 45,8476,M,0,0.0,624.0,Caucasian,2.0,52.0,1
0,Low,6.0,0,0.0,Male,25 - 45,2614,F,0,0.0,336.0,Caucasian,6.0,28.0,4
0,Low,1.0,0,0.0,Male,Less than 25,8247,F,0,0.0,276.0,African-American,1.0,23.0,2
0,Low,2.0,0,0.0,Male,Greater than 45,7647,F,0,0.0,816.0,african-american,2.0,68.0,4
0,Low,0.0,0,0.0,male,Less than 25,7114,F,1,0.0,264.0,African-American,0.0,22.0,3
0,Medium,0.0,0,0.0,Male,Greater than 45,9448,M,0,0.0,552.0,Caucasian,0.0,46.0,5
0,Low,3.0,0,0.0,Female,25 - 45,10629,F,1,0.0,480.0,Caucasian,3.0,40.0,1
0,Low,2.0,0,0.0,Male,25 - 45,7738,F,0,0.0,384.0,Caucasian,2.0,32.0,2
0,Low,0.0,0,0.0,Male,25 - 45,1957,M,0,0.0,360.0,Caucasian,0.0,30.0,1
0,High,3.0,0,0.0,Male,25 - 45,7756,F,1,0.0,300.0,Other,3.0,25.0,8
0,High,4.0,0,0.0,Male,25 - 45,1055,F,1,0.0,396.0,African-American,4.0,33.0,8
0,Low,0.0,0,0.0,Male,25 - 45,9924,f,1,0.0,348.0,CAUCASIAN,0.0,29.0,3
0,Low,0.0,0,0.0,Female,Less than 25,10096,F,0,0.0,288.0,Other,0.0,24.0,4
0,Low,2.0,0,0.0,Male,25 - 45,6575,Felony,1,0.0,528.0,Hispanic,2.0,44.0,1
0,Low,0.0,0,0.0,Male,25 - 45,7964,M,0,0.0,396.0,African-American,0.0,33.0,1
0,High,2.0,0,0.0,Male,25 - 45,7796,F,1,0.0,360.0,african-american,2.0,30.0,8
0,High,8.0,0,0.0,Male,Greater than 45,187,F,0,0.0,672.0,African-American,8.0,56.0,9
0,Medium,5.0,0,0.0,Female,25 - 45,5048,F,1,0.0,312.0,African-American,5.0,26.0,5
0,Medium,1.0,0,0.0,Female,25 - 45,8173,M,1,0.0,456.0,Caucasian,1.0,38.0,5
1,Low,0.0,0,1.0,Male,Less than 25,3190,F,0,0.0,288.0,African-American,0.0,24.0,3
0,High,1.0,0,0.0,Male,Less than 25,9535,F,0,0.0,276.0,hispanic,1.0,23.0,10
1,high,2.0,0,1.0,Male,25 - 45,2566,M,0,0.0,324.0,African-American,2.0,27.0,9
0,High,5.0,0,4.0,Male,25 - 45,10897,M,0,4.0,300.0,Caucasian,5.0,25.0,8
1,High,9.0,2,3.0,Male,25 - 45,4591,F,0,0.0,300.0,Caucasian,9.0,25.0,9
0,Medium,2.0,0,0.0,Female,Greater than 45,10958,F,0,0.0,588.0,Caucasian,2.0,49.0,6
0,Low,1.0,0,0.0,Male,Less than 25,10788,M,0,0.0,264.0,Asian,1.0,22.0,2
0,Low,2.0,0,0.0,Male,Greater than 45,5975,F,0,0.0,564.0,Caucasian,2.0,47.0,1
0,Medium,22.0,0,0.0,Female,25 - 45,1921,F,1,0.0,468.0,African-American,22.0,39.0,6
0,Low,0.0,0,0.0,Male,Less than 25,3540,F,0,0.0,276.0,Caucasian,0.0,23.0,2
0,High,9.0,0,0.0,Male,25 - 45,4940,F,1,0.0,408.0,African-American,9.0,34.0,10
0,Low,6.0,0,0.0,Male,25 - 45,7714,F,1,0.0,528.0,African-American,6.0,44.0,4
0,Low,1.0,0,0.0,Male,Less than 25,8461,F,1,0.0,264.0,Hispanic,1.0,22.0,2
0,Low,0.0,0,0.0,Male,Greater than 45,2925,M,0,0.0,744.0,Hispanic,0.0,62.0,1
0,Low,,0,0.0,Female,Greater than 45,848,F,0,0.0,576.0,Other,,48.0,1
0,Low,0.0,0,0.0,Male,Less than 25,441,,0,0.0,288.0,Other,0.0,24.0,3
0,Low,1.0,0,0.0,Female,25 - 45,8000,F,1,0.0,312.0,African-American,1.0,26.0,3
0,Low,7.0,0,0.0,Male,25 - 45,3974,Felony,0,0.0,360.0,african-american,7.0,30.0,3
0,Low,2.0,0,0.0,n/a,25 - 45,10627,F,0,0.0,396.0,Caucasian,2.0,33.0,4
0,Low,1.0,0,0.0,Female,Greater than 45,4045,F,1,0.0,540.0,Caucasian,1.0,45.0,3
0,High,5.0,0,0.0,Male,25 - 45,6336,F,1,0.0,480.0,African-American,5.0,40.0,9
0,High,3.0,0,3.0,Male,Less than 25,4145,,1,3.0,228.0,African-American,3.0,19.0,10
0,High,1.0,0,0.0,Male,Less than 25,2496,Felony,0,0.0,264.0,Other,1.0,22.0,9
0,Low,0.0,0,0.0,Male,25 - 45,2923,M,0,0.0,432.0,Other,0.0,36.0,1
0,Low,0.0,0,0.0,?,Greater than 45,7902,M,0,0.0,660.0,Caucasian,0.0,55.0,1
4,High,11.0,0,4.0,Male,25 - 45,7698,F,1,0.0,408.0,African-American,11.0,34.0,8
0,High,21.0,0,1.0,Male,25 - 45,5447,M,1,1.0,408.0,African-American,21.0,34.0,10
0,Low,0.0,0,0.0,Male,25 - 45,3491,M,0,0.0,420.0,Hispanic,0.0,35.0,2
0,Low,2.0,0,0.0,Male,Greater than 45,246,Misdemeanor,0,0.0,576.0,Caucasian,2.0,48.0,2
0,High,0.0,0,0.0,Male,25 - 45,8861,M,0,0.0,372.0,African-American,0.0,31.0,9
0,Low,,0,0.0,Male,Greater than 45,9013,F,0,0.0,576.0,Caucasian,,48.0,1
0,Low,0.0,0,0.0,Male,25 - 45,5215,F,0,0.0,348.0,Caucasian,0.0,29.0,2
0,Medium,4.0,0,0.0,Male,25 - 45,5611,M,1,0.0,348.0,Other,4.0,29.0,5
0,Low,N/A,0,0.0,female,Greater than 45,4726,F,0,0.0,696.0,Other,N/A,58.0,1
0,Medium,3.0,0,0.0,Male,Less than 25,9180,F,0,0.0,288.0,african-american,3.0,24.0,7
0,Low,0.0,0,0.0,Male,25 - 45,8171,M,0,,456.0,Caucasian,0.0,38.0,2
0,Low,,0,0.0,Male,Greater than 45,946,M,1,0.0,660.0,African-American,,55.0,3
0,Medium,16.0,0,3.0,Male,25 - 45,3627,M,0,3.0,528.0,Caucasian,16.0,44.0,7
0,Low,0.0,0,0.0,Male,25 - 45,1656,M,0,0.0,480.0,Hispanic,0.0,40.0,2
0,Medium,3.0,0,0.0,Male,Greater than 45,10878,M,1,0.0,564.0,Hispanic,3.0,47.0,6
0,Low,,0,0.0,Male,Greater than 45,4841,M,0,0.0,660.0,Caucasian,,55.0,1
0,Medium,4.0,0,0.0,Male,25 - 45,1760,F,1,0.0,420.0,Caucasian,4.0,35.0,5
1,High,3.0,1,2.0,Male,Less than 25,4306,F,1,0.0,264.0,African-American,3.0,22.0,10
0,Medium,1.0,0,0.0,Male,25 - 45,351,F,0,0.0,336.0,Caucasian,1.0,28.0,5
0,Low,3.0,0,0.0,male,Greater than 45,4871,F,1,0.0,612.0,Caucasian,3.0,51.0,3
0,Low,3.0,0,0.0,Male,25 - 45,9232,F,1,0.0,348.0,Caucasian,3.0,29.0,4
0,Medium,3.0,0,0.0,Male,25 - 45,2443,F,0,0.0,348.0,Other,3.0,29.0,6
0,High,4.0,0,0.0,Male,25 - 45,1016,M,1,0.0,360.0,Other,4.0,30.0,9
0,Low,,0,0.0,MALE,Greater than 45,5022,F,0,0.0,708.0,African-American,,59.0,4
0,High,13.0,1,1.0,Male,25 - 45,2735,F,1,0.0,348.0,African-American,13.0,29.0,10
0,High,17.0,0,0.0,Male,25 - 45,7395,Felony,1,0.0,504.0,African-American,17.0,42.0,10
0,Low,0.0,0,0.0,female,25 - 45,3197,Misdemeanor,0,0.0,324.0,Other,0.0,27.0,2
0,Medium,5.0,0,0.0,Male,25 - 45,173,F,1,0.0,396.0,african-american,5.0,33.0,5
0,Medium,4.0,0,0.0,n/a,Greater than 45,6477,F,1,0.0,696.0,Caucasian,4.0,58.0,5
0,HIGH,19.0,0,0.0,Female,Greater than 45,1150,F,1,0.0,564.0,African-American,19.0,47.0,10
0,Medium,0.0,0,0.0,MALE,25 - 45,5208,M,1,0.0,300.0,African-American,0.0,25.0,6
0,High,1.0,0,0.0,Male,Less than 25,10364,F,1,,240.0,Other,1.0,20.0,10
0,High,17.0,0,0.0,Male,25 - 45,6056,Felony,1,0.0,372.0,Caucasian,17.0,31.0,8
0,Low,4.0,0,0.0,Male,25 - 45,3617,M,0,0.0,504.0,African-American,4.0,42.0,1
0,High,8.0,0,0.0,Male,25 - 45,9343,M,0,0.0,348.0,African-American,8.0,29.0,9
0,Low,0.0,0,0.0,Male,25 - 45,6287,M,0,0.0,384.0,CAUCASIAN,0.0,32.0,1
0,Medium,1.0,0,0.0, Male,25 - 45,10399,F,0,0.0,408.0,Caucasian,1.0,34.0,5
0,Medium,0.0,0,0.0,Male,25 - 45,5623,m,1,0.0,384.0,Caucasian,0.0,32.0,6
0,Low,1.0,0,0.0,Male,Less than 25,996,F,1,0.0,264.0,African-American,1.0,22.0,4
0,Low,-,0,0.0,Female,25 - 45,6857,M,0,,336.0,-,-,28.0,2
0,Low,2.0,0,0.0,Male,25 - 45,1942,M,0,0.0,336.0,Caucasian,2.0,28.0,1
0,Medium,6.0,0,0.0,Male,25 - 45,9104,F,0,0.0,384.0,African-American,6.0,32.0,6
0,Low,0.0,0,0.0,Male,25 - 45,6692,F,0,,396.0,Caucasian,0.0,33.0,2
0,High,6.0,0,0.0,Male,25 - 45,1548,F,1,0.0,336.0,African-American,6.0,28.0,9
0,Low,0.0,0,0.0,Male,Less than 25,5352,M,1,0.0,288.0,African-American,0.0,24.0,2
0,Low,0.0,0,0.0,Female,25 - 45,6960,F,0,0.0,372.0,African-American,0.0,31.0,1
0,Low,0.0,0,0.0,Male,Greater than 45,3977,M,0,0.0,660.0,Caucasian,0.0,55.0,1
0,Low,1.0,0,0.0,Male,Less than 25,2825,F,1,0.0,276.0,Caucasian,1.0,23.0,3
0,Low,9.0,0,0.0,Male,Greater than 45,5968,F,1,0.0,684.0,Caucasian,9.0,57.0,4
0,High,5.0,0,0.0,Male,25 - 45,5149,F,1,0.0,348.0,African-American,5.0,29.0,8
0,Low,1.0,0,0.0,Male,25 - 45,3306,M,0,0.0,396.0,Caucasian,1.0,33.0,3
0,Medium,1.0,0,0.0,Female,Less than 25,4844,,0,0.0,288.0,African-American,1.0,24.0,5
0,Medium,22.0,0,0.0,Male,25 - 45,1130,F,1,0.0,360.0,Caucasian,22.0,30.0,5
0,Low,0.0,0,0.0,Female,25 - 45,9234,F,0,0.0,360.0,African-American,0.0,30.0,2
0,High,4.0,0,0.0,Male,25 - 45,5904,Felony,1,0.0,312.0,African-American,4.0,26.0,8
0,Low,0.0,0,0.0,Male,Greater than 45,3324,M,0,0.0,756.0,Caucasian,0.0,63.0,1
0,Low,,0,0.0,Male,Greater than 45,2498,M,0,0.0,588.0,Caucasian,,49.0,2
0,Low,0.0,0,0.0,Female,Less than 25,6215,Felony,0,0.0,288.0,Other,0.0,24.0,3
0,Low,-,0,0.0,Female,Less than 25,10713,M,0,0.0,288.0,Hispanic,-,24.0,3
0,Low,2.0,1,1.0,Male,25 - 45,4817,M,1,0.0,348.0,African-American,2.0,29.0,3
0,Low,3.0,0,0.0,Male,25 - 45,8835,M,0,0.0,348.0,African-American,3.0,29.0,1
0,low,1.0,0,0.0,Male,Less than 25,6638,,1,0.0,264.0,African-American,1.0,22.0,4
0,High,16.0,0,0.0,n/a,25 - 45,8667,F,1,0.0,420.0,African-American,16.0,35.0,8
0,Low,5.0,0,0.0,Male,25 - 45,8100,M,1,0.0,408.0,African-American,5.0,34.0,3
0,Low,0.0,0,0.0,Male,Less than 25,1750,F,1,0.0,276.0,Caucasian,0.0,23.0,3
0,Low,0.0,0,0.0,Female,25 - 45,4205,F,1,0.0,456.0,Caucasian,0.0,38.0,4
0,Low,1.0,0,0.0,Male,25 - 45,573,M,0,0.0,336.0,African-American,1.0,28.0,3
0,High,3.0,3,3.0, Male,Less than 25,2110,F,0,0.0,264.0, African-American,3.0,22.0,9
0,Low,0.0,0,0.0,Male,Less than 25,7465,F,0,0.0,264.0,Caucasian,0.0,22.0,3
0,High,22.0,0,0.0,Male,Greater than 45,6825,F,1,0.0,744.0,African-American,22.0,62.0,8
0,High,1.0,0,0.0,Male,25 - 45,9524,M,0,0.0,348.0,Caucasian,1.0,29.0,10
0,LOW,3.0,0,0.0,Male,25 - 45,599,M,0,0.0,396.0,Caucasian,3.0,33.0,3
0,Low,1.0,0,0.0,Male,Greater than 45,5182,f,0,0.0,624.0,Caucasian,1.0,52.0,1
0,Low,1.0,0,0.0,Male,Greater than 45,7753,M,0,0.0,648.0,African-American,1.0,54.0,1
0,Low,0.0,0,0.0,?,25 - 45,9840,M,0,0.0,528.0,Caucasian,0.0,44.0,1
0,Low,1.0,0,0.0,Male,Greater than 45,5618,M,0,0.0,612.0,?,1.0,51.0,1
0,Low,0.0,0,0.0,Female,25 - 45,3857,F,0,0.0,384.0,African-American,0.0,32.0,2
0,Low,0.0,0,0.0,Male,25 - 45,10337,M,0,0.0,384.0,Hispanic,0.0,32.0,2
0,High,7.0,0,0.0,Male,25 - 45,5828,F,1,0.0,468.0,African-American,7.0,39.0,8
0,Low,0.0,0,0.0,Male,25 - 45,5937,M,1,0.0,300.0,African-American,0.0,25.0,2
0,Medium,2.0,0,0.0,Female,Less than 25,7683,F,1,0.0,288.0,African-American,2.0,24.0,7
0,Low,,0,0.0,Male,Greater than 45,5960,M,0,0.0,660.0,Caucasian,,55.0,1
0,Low,,0,0.0,Male,Greater than 45,10402,M,0,0.0,660.0,Caucasian,,55.0,1
0,Low,2.0,0,0.0,Male,25 - 45,788,M,0,,336.0,Other,2.0,28.0,1
0,Low,0.0,0,0.0,Female,25 - 45,3776,M,0,0.0,504.0,Caucasian,0.0,42.0,1
0,Medium,N/A,1,1.0,FEMALE,25 - 45,4087,M,0,0.0,492.0,African-American,N/A,41.0,6
0,Low,6.0,0,0.0,Female ,25 - 45,5025,M,1,0.0,396.0,African-American,6.0,33.0,4
0,Medium,10.0,0,0.0,Male,Greater than 45,2845,F,1,0.0,552.0,Caucasian,10.0,46.0,7
0,High,10.0,1,5.0,Male,25 - 45,7987,F,1,4.0,348.0,Caucasian,10.0,29.0,9
0,Low,1.0,0,0.0,Female,25 - 45,7563,M,0,0.0,396.0,Caucasian,1.0,33.0,3
0,Low,4.0,0,0.0,Male,Greater than 45,6983,M,0,0.0,624.0,African-American,4.0,52.0,1
1,Medium,11.0,1,2.0,Male,25 - 45,9119,F,1,0.0,312.0,African-American,11.0,26.0,7
0,Low,3.0,0,0.0,Male,Greater than 45,5337,M,1,0.0,672.0,African-American,3.0,56.0,2
0,Low,1.0,0,0.0,Male,25 - 45,5111,F,0,0.0,300.0,African-American,1.0,25.0,3
0,Low,3.0,0,0.0,Male,Greater than 45,2343,F,0,0.0,864.0,Caucasian,3.0,72.0,1
0,Low,7.0,0,0.0,Male,25 - 45,2125,M,0,0.0,372.0,Caucasian,7.0,31.0,3
0,Medium,0.0,0,0.0,Male,Less than 25,6147,F,1,0.0,264.0,African-American,0.0,22.0,6
0,Medium,7.0,0,0.0,Male,25 - 45,5172,F,0,0.0,,African-American,7.0,,7
0,High,8.0,1,1.0,Male,25 - 45,6170,M,1,0.0,348.0,African-American,8.0,29.0,9
0,Medium,0.0,0,0.0,Male,Less than 25,4505,F,0,0.0,264.0,Caucasian,0.0,22.0,6
0,Low,0.0,0,0.0,Female,25 - 45,1007,F,0,0.0,396.0,African-American,0.0,33.0,3
0,Low,1.0,0,0.0,Male,Greater than 45,8138,Felony,0,0.0,672.0,African-American,1.0,56.0,1
0,High,3.0,0,0.0,male,25 - 45,913,M,1,0.0,372.0,African-American,3.0,31.0,8
0,Low,1.0,0,0.0,Female,25 - 45,8210,F,0,0.0,348.0,African-American,1.0,29.0,3
0,High,0.0,0,0.0,Male,25 - 45,357,F,1,0.0,372.0,Caucasian,0.0,31.0,8
0,Medium,0.0,0,0.0,Male,Less than 25,4509,Felony,1,0.0,252.0,African-American,0.0,21.0,7
0,High,20.0,0,0.0,Male,25 - 45,10572,F,1,0.0,336.0,African-American,20.0,28.0,8
0,Low,0.0,0,0.0,Male,25 - 45,1710,M,0,0.0,444.0,Caucasian,0.0,37.0,2
0,Low,0.0,0,0.0,Male,25 - 45,2867,F,0,0.0,300.0,Caucasian,0.0,25.0,2
0,Low,,0,0.0,Male,Greater than 45,1380,F,1,0.0,552.0,African-American,,46.0,2
0,Low,,0,0.0,Male,Greater than 45,7720,M,1,0.0,660.0,African-American,,55.0,1
0,Low,N/A,0,0.0,MALE,25 - 45,6600,F,1,0.0,360.0,Hispanic,N/A,30.0,2
0,Low,,0,0.0,Male,Greater than 45,10783,M,0,0.0,792.0, Caucasian,,66.0,1
0,Low,0.0,0,0.0,Female,25 - 45,2650,F,0,0.0,480.0,AFRICAN-AMERICAN,0.0,40.0,1
0,Low,0.0,0,0.0,Female,Greater than 45,1132,F,0,0.0,636.0,Caucasian,0.0,53.0,1
0,Low,1.0,0,0.0,Female,Greater than 45,8514,M,1,0.0,,Caucasian,1.0,,1
0,Medium,2.0,0,0.0,Male,25 - 45,6172,F,1,0.0,408.0,Caucasian,2.0,34.0,7
0,Low,4.0,0,0.0,Male,25 - 45,3515,M,0,0.0,480.0,Caucasian,4.0,40.0,1
0,Low,0.0,0,0.0,Male,25 - 45,5148,M,1,0.0,324.0,Caucasian,0.0,27.0,3
0,Medium,1.0,0,0.0,Female ,25 - 45,5522,M,0,0.0,312.0,Other,1.0,26.0,6
0,Medium,1.0,0,0.0,Male,25 - 45,4317,Misdemeanor,0,0.0,300.0,African-American,1.0,25.0,6
0,Low,0.0,0,0.0,Male,25 - 45,2014,M,0,,360.0,Caucasian,0.0,30.0,2
0,Low,0.0,0,0.0,Female,25 - 45,6293,M,0,0.0,528.0,African-American,0.0,44.0,1
0,Low,0.0,0,0.0,Male,25 - 45,10225,F,0,0.0,408.0,Other,0.0,34.0,2
0,Low,3.0,0,0.0,Male,25 - 45,2692,F,1,0.0,444.0,Hispanic,3.0,37.0,1
0,Medium,0.0,0,0.0,Female,Less than 25,7721,F,1,,276.0,African-American,0.0,23.0,6
0,Low,0.0,0,0.0,Male,Greater than 45,6133,F,0,0.0,588.0,Caucasian,0.0,49.0,1
0,Low,1.0,0,0.0,Male,25 - 45,8575,M,0,0.0,408.0,African-American,1.0,34.0,2
0,high,7.0,0,0.0,Female,Less than 25,9629,F,0,0.0,,African-American,7.0,,9
0,Medium,,0,0.0,Male,Greater than 45,3397,M,0,0.0,744.0,AFRICAN-AMERICAN,,62.0,7
0,Medium,3.0,0,0.0,Female,25 - 45,10907,F,0,0.0,360.0,Caucasian,3.0,30.0,5
0,Low,1.0,0,0.0,Male,Greater than 45,1719,F,1,0.0,732.0,African-American,1.0,61.0,1
0,High,2.0,0,0.0,Male,Less than 25,10119,,1,0.0,264.0,-,2.0,22.0,9
0,High,4.0,0,0.0,Male,Less than 25,557,F,1,0.0,252.0,African-American,4.0,21.0,9
0,Low,1.0,0,0.0,Female,25 - 45,3066,F,0,0.0,300.0,African-American,1.0,25.0,4
1,High,7.0,2,3.0,Male,25 - 45,2671,F,1,0.0,,African-American,7.0,,8
0,Low,1.0,0,0.0,Male,Greater than 45,9851,M,1,0.0,924.0,African-American,1.0,77.0,1
0,Medium,1.0,0,0.0,Male,25 - 45,7762,M,1,0.0,324.0,Caucasian,1.0,27.0,7
0,High,9.0,0,0.0,Male,Greater than 45,4265,F,0,0.0,720.0,African-American,9.0,60.0,8
0,Low,2.0,0,0.0,Male,25 - 45,5244,F,0,0.0,516.0,Caucasian,2.0,43.0,1
0,Low,0.0,0,0.0,Male,25 - 45,33,M,0,0.0,384.0,Other,0.0,32.0,3
0,Medium,,0,0.0,Female,Greater than 45,6167,M,1,0.0,600.0,African-American,,50.0,6
0,Low,2.0,0,0.0,Male,25 - 45,7867,F,0,0.0,444.0,African American,2.0,37.0,3
0,Low,0.0,0,0.0,Male,25 - 45,8205,F,1,0.0,492.0,Caucasian,0.0,41.0,2
0,Low,3.0,0,0.0,Male,25 - 45,174,F,0,0.0,444.0,African-American,3.0,37.0,2
0,Low,0.0,0,0.0,Male,Less than 25,5113,F,1,0.0,252.0,African-American,0.0,21.0,4
0,Medium,0.0,0,0.0,Male,25 - 45,7442,F,1,0.0,312.0,Other,0.0,26.0,5
0,LOW,1.0,0,0.0,Female,25 - 45,1281,M,1,0.0,468.0,Caucasian,1.0,39.0,2
0,Low,0.0,0,0.0,Male,25 - 45,358,F,1,0.0,444.0,Caucasian,0.0,37.0,2
0,Low,3.0,0,0.0,Male,25 - 45,3642,f,1,0.0,492.0,African-American,3.0,41.0,4
0,Low,0.0,0,0.0,Male,Less than 25,6496,F,0,0.0,288.0,Caucasian,0.0,24.0,2
0,Low,1.0,0,0.0,Male,Greater than 45,10781,F,0,0.0,564.0,African-American,1.0,47.0,1
0,Medium,21.0,0,0.0,Male,Greater than 45,7979,F,1,0.0,540.0,Caucasian,21.0,45.0,6
0,Low,2.0,0,0.0,Male,25 - 45,1822,f,1,0.0,372.0,Caucasian,2.0,31.0,3
0,High,2.0,0,0.0,Female,Greater than 45,685,F,1,0.0,552.0,African-American,2.0,46.0,10
2,Low,0.0,0,2.0,Male,Less than 25,1209,F,0,0.0,240.0,Caucasian,0.0,20.0,4
0,Medium,10.0,3,3.0,MALE,25 - 45,4967,Felony,1,0.0,384.0,African-American,10.0,32.0,6
0,Low,2.0,0,0.0,Male,25 - 45,4070,M,0,0.0,444.0,African-American,2.0,37.0,1
0,Low,2.0,0,0.0,Male,Less than 25,4447,F,1,0.0,288.0,African-American,2.0,24.0,3
0,Low,8.0,0,0.0,Male,Greater than 45,9385,F,1,0.0,660.0,Other,8.0,55.0,1
0,Low,1.0,0,0.0,Male,25 - 45,1536,F,0,0.0,336.0,African-American,1.0,28.0,4
0,High,0.0,0,0.0,MALE,25 - 45,4422,F,0,0.0,348.0,African-American,0.0,29.0,9
0,Medium,,0,0.0,MALE,Greater than 45,1057,F,1,0.0,684.0,African-American,,57.0,7
0,Low,0.0,0,0.0,Male,25 - 45,5838,M,1,0.0,396.0,Caucasian,0.0,33.0,1
0,High,6.0,0,0.0,Male,25 - 45,750,F,1,0.0,348.0,Caucasian,6.0,29.0,9
0,Low,0.0,0,0.0,Male,25 - 45,9952,F,0,0.0,372.0,Caucasian,0.0,31.0,1
0,High,4.0,0,0.0,Male,Greater than 45,9672,F,0,0.0,576.0,African-American,4.0,48.0,8
0,Low,0.0,0,0.0,Female,25 - 45,7949,M,0,0.0,444.0,Caucasian,0.0,37.0,1
0,Medium,20.0,0,0.0,Male,Greater than 45,9823,F,0,0.0,636.0,African-American,20.0,53.0,5
0,Low,0.0,0,0.0,Male,25 - 45,3805,F,1,0.0,336.0,Caucasian,0.0,28.0,2
0,Medium,4.0,0,0.0,Female,25 - 45,6679,M,1,0.0,312.0,Other,4.0,26.0,7
0,Medium,6.0,0,0.0,Male,25 - 45,2851,F,0,0.0,468.0,Other,6.0,39.0,5
0,High,0.0,0,0.0,Female,Less than 25,977,F,0,0.0,264.0,African-American,0.0,22.0,8
0,Low,3.0,0,0.0,Male,25 - 45,8870,F,0,0.0,312.0,Other,3.0,26.0,2
0,Low,1.0,0,0.0,Female,Greater than 45,10939,M,0,0.0,648.0,Caucasian,1.0,54.0,1
0,High,14.0,0,0.0,Male,25 - 45,8630,F,1,0.0,360.0,African-American,14.0,30.0,8
0,Low,2.0,0,0.0,Male,Greater than 45,1826,M,0,0.0,564.0,Caucasian,2.0,47.0,1
0,Low,4.0,0,0.0, Male,25 - 45,2236,F,1,0.0,516.0,African-American,4.0,43.0,1
0,Low,6.0,0,0.0,Male,25 - 45,7064,M,1,0.0,324.0,African-American,6.0,27.0,4
0,Low,1.0,0,0.0,Male,Greater than 45,5993,M,0,0.0,612.0,Caucasian,1.0,51.0,2
0,Medium,14.0,0,0.0,Male,25 - 45,602,F,1,0.0,432.0,African-American,14.0,36.0,7
0,Low,2.0,0,0.0,Male,25 - 45,3493,F,0,0.0,312.0,African-American,2.0,26.0,2
0,Low,1.0,0,0.0,Male,Greater than 45,2836,F,1,0.0,612.0,Asian,1.0,51.0,1
1,High,7.0,0,1.0,Male,Less than 25,10081,M,1,0.0,288.0,African-American,7.0,24.0,8
0,high,2.0,0,0.0,Male,Less than 25,1395,F,1,0.0,252.0,African-American,2.0,21.0,9
0,LOW,0.0,0,0.0,MALE,25 - 45,9144,F,1,0.0,336.0,African-American,0.0,28.0,3
0,High,2.0,0,0.0,Female,25 - 45,4444,F,0,0.0,300.0,Caucasian,2.0,25.0,10
0,Low,0.0,0,0.0,Male,25 - 45,5387,M,1,0.0,408.0,African-American,0.0,34.0,1
0,Low,1.0,0,0.0,Male,Less than 25,1225,F,1,0.0,288.0,African-American,1.0,24.0,1
0,High,7.0,0,0.0,Male,25 - 45,10121,F,1,0.0,300.0,African-American,7.0,25.0,9
0,High,5.0,0,0.0,MALE,25 - 45,1991,F,1,0.0,468.0,African-American,5.0,39.0,9
0,Low,4.0,0,0.0,Male,25 - 45,331,F,1,0.0,444.0,Caucasian,4.0,37.0,3
0,Medium,6.0,0,0.0,Male,25 - 45,2542,F,1,0.0,456.0,African-American,6.0,38.0,6
0,Medium,11.0,0,0.0,Male,Greater than 45,627,F,0,0.0,636.0,African-American,11.0,53.0,6
0,Low,1.0,0,0.0,Male,Greater than 45,8136,F,1,0.0,732.0,-,1.0,61.0,1
0,High,7.0,0,0.0,Female,25 - 45,9405,F,1,0.0,456.0,African-American,7.0,38.0,10
0,High,2.0,0,0.0,Male,Greater than 45,8955,M,0,0.0,672.0,Hispanic,2.0,56.0,8
1,Low,2.0,1,2.0,Male,25 - 45,7850,F,1,0.0,300.0,Hispanic,2.0,25.0,2
0,Medium,0.0,0,0.0, Male,Less than 25,4171,Felony,0,0.0,252.0,African-American,0.0,21.0,7
0,Medium,9.0,0,0.0,Male,25 - 45,1351,F,1,0.0,312.0,African-American,9.0,26.0,7
0,Low,0.0,0,0.0,female,25 - 45,8644,M,0,0.0,492.0,African-American,0.0,41.0,1
0,MEDIUM,0.0,0,0.0,Male,Less than 25,10303,,1,0.0,264.0,Hispanic,0.0,22.0,7
0,Low,0.0,0,0.0,Male,Greater than 45,10626,F,0,0.0,552.0,Caucasian,0.0,46.0,1
1,Medium,4.0,1,2.0,Male,25 - 45,7402,M,1,,336.0,Caucasian,4.0,28.0,6
1,Low,0.0,0,1.0,Female,25 - 45,6637,M,0,0.0,384.0,Caucasian,0.0,32.0,1
0,Low,3.0,0,0.0,Male,25 - 45,9579,F,0,0.0,396.0, African-American,3.0,33.0,4
0,Low,0.0,0,0.0,Male,25 - 45,1853,F,0,0.0,456.0,Caucasian,0.0,38.0,4
0,Low,1.0,0,0.0,Male,Greater than 45,7768,M,0,0.0,540.0,Caucasian,1.0,45.0,1
0,Low,,0,0.0,n/a,Greater than 45,4161,M,1,0.0,648.0,African-American,,54.0,1
0,Low,9.0,0,9.0,Male,Less than 25,2280,f,1,9.0,240.0,African-American,9.0,20.0,4
0,Low,1.0,0,0.0,Male,25 - 45,4035,F,0,0.0,360.0,African-American,1.0,30.0,3
0,Medium,16.0,0,0.0,Male,25 - 45,1565,F,1,0.0,432.0,African-American,16.0,36.0,5
0,Low,0.0,0,0.0,male,25 - 45,3653,F,0,0.0,312.0,African-American,0.0,26.0,2
0,Low,0.0,0,0.0,Male,Greater than 45,2438,M,0,0.0,804.0,Asian,0.0,67.0,1
0,Low,-,0,0.0,Male,Greater than 45,1651,F,1,,588.0,African-American,-,49.0,3
0,Low,2.0,0,0.0,Male,25 - 45,3053,M,0,0.0,420.0,African-American,2.0,35.0,2
0,High,0.0,0,0.0,Male,Greater than 45,6415,M,0,0.0,600.0,African-American,0.0,50.0,8
0,Low,5.0,0,0.0,Male,25 - 45,6165,M,1,0.0,408.0,Caucasian,5.0,34.0,2
0,Low,,0,0.0,Male,Greater than 45,2594,F,0,0.0,588.0,African-American,,49.0,1
0,Low,1.0,0,0.0,Male,25 - 45,6577,F,0,0.0,432.0,Caucasian,1.0,36.0,2
0,low,0.0,0,0.0,Male,Less than 25,6109,F,0,0.0,240.0,Caucasian,0.0,20.0,3
0,Low,0.0,0,0.0,Male,25 - 45,3570,M,1,0.0,480.0,Caucasian,0.0,40.0,1
0,High,7.0,0,0.0,Male,25 - 45,1032,F,1,0.0,348.0,Hispanic,7.0,29.0,9
0,low,0.0,0,0.0,Female,25 - 45,4028,M,0,0.0,420.0,African-American,0.0,35.0,4
0,High,12.0,0,0.0,Male,25 - 45,3236,F,1,0.0,348.0,African-American,12.0,29.0,10
0,Low,2.0,0,0.0,Male,25 - 45,4845,F,1,0.0,312.0,African-American,2.0,26.0,2
1,Medium,7.0,0,2.0,Male,25 - 45,8385,F,1,1.0,456.0,Hispanic,7.0,38.0,7
0,Medium,2.0,0,0.0,Female,25 - 45,7167,Misdemeanor,0,0.0,,African-American,2.0,,5
0,Low,1.0,0,0.0,Female,Greater than 45,4827,F,0,0.0,672.0,African-American,1.0,56.0,1
0,High,6.0,1,2.0,?,25 - 45,576,F,1,1.0,312.0,African-American,6.0,26.0,8
0,Low,4.0,0,0.0,Female,25 - 45,6478,F,1,0.0,480.0,Hispanic,4.0,40.0,3
0,Medium,11.0,0,0.0,Male,25 - 45,5160,F,0,0.0,432.0,African-American,11.0,36.0,7
0,Medium,0.0,0,0.0,Male,25 - 45,4881,f,0,0.0,372.0,African-American,0.0,31.0,6
0,Low,2.0,0,0.0,Male,25 - 45,660,M,0,0.0,432.0,Caucasian,2.0,36.0,1
0,High,14.0,0,0.0,Male,25 - 45,1427,F,1,0.0,384.0,African-American,14.0,32.0,9
0,Low,1.0,0,0.0,Male,25 - 45,2252,M,0,0.0,504.0,Other,1.0,42.0,1
0,High,27.0,0,0.0,Male,Greater than 45,2536,M,0,0.0,684.0,African-American,27.0,57.0,10
0,Low,,0,0.0,Male,Greater than 45,4381,M,0,0.0,660.0,Caucasian,,55.0,1
0,Low,1.0,0,0.0,Male,Less than 25,574,M,0,0.0,288.0,Caucasian,1.0,24.0,4
4,Medium,9.0,4,8.0,Male,25 - 45,5188,F,1,0.0,324.0,African-American,9.0,27.0,7
0,Medium,11.0,0,0.0,Male,25 - 45,406,F,1,0.0,360.0,African-American,11.0,30.0,7
0,Medium,3.0,0,0.0,Male,Less than 25,7989,F,1,0.0,264.0,?,3.0,22.0,7
0,Medium,0.0,0,0.0,Male,Less than 25,1787,F,0,0.0,288.0,African-American,0.0,24.0,5
1,High,2.0,0,1.0,Male,25 - 45,2857,F,0,0.0,300.0,African-American,2.0,25.0,9
0,High,2.0,0,0.0,Male,25 - 45,4766,F,1,0.0,312.0,Caucasian,2.0,26.0,9
0,Low,6.0,0,0.0,Male,Greater than 45,9189,F,0,0.0,576.0,Caucasian,6.0,48.0,2
0,LOW,1.0,0,0.0, Male,Greater than 45,1731,F,0,0.0,600.0,Caucasian,1.0,50.0,1
0,Medium,2.0,0,0.0,Male,Less than 25,1520,F,0,0.0,288.0,Caucasian,2.0,24.0,6
0,Medium,3.0,0,0.0,Male,25 - 45,1246,M,1,0.0,300.0,African-American,3.0,25.0,6
0,High,7.0,0,0.0,Male,25 - 45,2350,M,1,0.0,360.0,African-American,7.0,30.0,10
0,High,9.0,1,1.0,Male,25 - 45,6775,F,1,0.0,324.0,African-American,9.0,27.0,9
0,Medium,13.0,0,0.0,Male,Greater than 45,3300,F,1,0.0,576.0,Caucasian,13.0,48.0,7
0,High,13.0,0,0.0,Male,25 - 45,1250,F,1,0.0,420.0,African-American,13.0,35.0,8
1,Low,0.0,0,1.0,Male,Less than 25,6636,M,0,0.0,252.0,Caucasian,0.0,21.0,3
1,Medium,7.0,1,2.0,Male,25 - 45,3145,F,1,0.0,360.0,African-American,7.0,30.0,5
0,Low,0.0,0,0.0,Male,25 - 45,2141,F,1,0.0,444.0,Caucasian,0.0,37.0,2
0,Low,1.0,0,0.0,Male,Less than 25,2105,F,0,0.0,612.0,Hispanic,1.0,51.0,1
0,LOW,0.0,0,0.0,Male,25 - 45,8242,F,0,0.0,468.0,Hispanic,0.0,39.0,1
0,Low,2.0,0,0.0,Male,25 - 45,6613,F,0,0.0,312.0,African-American,2.0,26.0,2
0,Low,0.0,0,0.0,Male,25 - 45,871,M,0,0.0,504.0,Caucasian,0.0,42.0,1
3,Low,0.0,0,3.0,Male,Less than 25,8496,F,1,,240.0,Caucasian,0.0,20.0,3
0,Low,0.0,0,0.0,Male,Greater than 45,7604,M,0,,708.0,Caucasian,0.0,59.0,1
0,Low,0.0,0,0.0,Female,Greater than 45,10552,M,0,0.0,612.0,Caucasian,0.0,51.0,1
0,High,1.0,0,0.0,Female,Less than 25,10489,M,0,0.0,264.0,Caucasian,1.0,22.0,8
0,High,14.0,1,1.0,Male,25 - 45,359,F,0,0.0,384.0,African-American,14.0,32.0,9
0,Medium,1.0,0,0.0,Male,25 - 45,4238,F,1,0.0,360.0,African-American,1.0,30.0,7
0,Low,0.0,0,0.0,Male,25 - 45,10624,M,1,0.0,336.0,African-American,0.0,28.0,3
0,Medium,8.0,0,0.0,Male,Greater than 45,3911,F,0,0.0,540.0,Hispanic,8.0,45.0,6
0,Medium,3.0,0,0.0,Male,25 - 45,4557,F,0,0.0,396.0,Caucasian,3.0,33.0,5
0,Low,0.0,0,0.0,Male,Less than 25,8010,M,0,0.0,276.0,Caucasian,0.0,23.0,4
0,Low,0.0,0,0.0,Female,25 - 45,3427,M,0,,504.0,Caucasian,0.0,42.0,1
0,Low,5.0,0,0.0,Male,25 - 45,10165,F,1,0.0,336.0,African-American,5.0,28.0,2
0,Low,7.0,0,0.0,Male,Greater than 45,9415,F,0,0.0,684.0,Caucasian,7.0,57.0,1
1,Low,3.0,0,1.0,Male,25 - 45,2209,F,1,0.0,336.0,Hispanic,3.0,28.0,3
0,Low,0.0,0,0.0,Male,25 - 45,9284,F,0,0.0,372.0,Caucasian,0.0,31.0,1
0,Low,0.0,0,0.0,Male,25 - 45,6004,F,0,0.0,360.0,Other,0.0,30.0,1
0,Low,10.0,0,0.0,Male,25 - 45,4831,M,0,0.0,396.0,Caucasian,10.0,33.0,4
0,Low,0.0,0,0.0,Male,25 - 45,9831,M,1,0.0,348.0,Hispanic,0.0,29.0,2
0,Low,-,0,0.0,Male,Less than 25,1796,F,1,0.0,252.0,African-American,-,21.0,3
0,High,6.0,0,0.0,Male,25 - 45,2901,F,1,0.0,312.0,African-American,6.0,26.0,9
0,Low,1.0,0,0.0,Male,Greater than 45,2656,F,0,0.0,696.0,Caucasian,1.0,58.0,1
0,Low,,0,0.0,Male,Greater than 45,1987,M,0,0.0,648.0,Caucasian,,54.0,2
0,Low,0.0,0,0.0,Male,25 - 45,3237,M,0,0.0,492.0,Caucasian,0.0,41.0,1
0,Low,1.0,0,0.0,Male,25 - 45,8036,M,0,0.0,504.0,Hispanic,1.0,42.0,1
0,High,0.0,0,0.0,Male,Less than 25,5243,F,1,0.0,276.0,African-American,0.0,23.0,9
0,Medium,1.0,0,0.0,Male,Less than 25,2087,M,1,0.0,264.0,AFRICAN-AMERICAN,1.0,22.0,6
0,Low,0.0,0,0.0,Female,25 - 45,5084,M,0,0.0,324.0,african-american,0.0,27.0,4
0,Low,1.0,0,0.0,Male,25 - 45,8090,F,1,0.0,444.0,Caucasian,1.0,37.0,2
0,Medium,1.0,0,0.0,Male,25 - 45,1697,F,0,0.0,300.0,Other,1.0,25.0,5
1,Low,-,0,1.0,Male,25 - 45,3081,F,0,0.0,360.0,African-American,-,30.0,2
0,High,24.0,3,5.0,Male,25 - 45,2543,F,0,2.0,444.0,African-American,24.0,37.0,8
0,Low,10.0,0,0.0,Male,Greater than 45,4586,F,1,0.0,684.0,Other,10.0,57.0,4
0,LOW,0.0,0,0.0,Male,25 - 45,8600,M,0,0.0,360.0,Hispanic,0.0,30.0,1
0,low,0.0,0,0.0,Male,25 - 45,2758,F,0,0.0,300.0,african-american,0.0,25.0,2
0,Low,1.0,0,0.0,Male,25 - 45,2934,F,1,0.0,300.0,African-American,1.0,25.0,3
0,Low,3.0,0,0.0, Male,25 - 45,4605,M,1,0.0,372.0,Other,3.0,31.0,1
0,Medium,3.0,0,0.0,Male,25 - 45,4851,F,1,0.0,300.0,African-American,3.0,25.0,6
0,Low,3.0,0,0.0,Male,25 - 45,9754,F,1,0.0,348.0,African-American,3.0,29.0,4
0,Low,3.0,0,0.0,Male,25 - 45,1217,F,1,0.0,432.0,African-American,3.0,36.0,2
1,Medium,8.0,0,1.0,Male,25 - 45,6502,M,1,0.0,324.0,African-American,8.0,27.0,7
0,Low,,0,0.0,Male,Greater than 45,4584,M,0,0.0,744.0,Caucasian,,62.0,1
0,High,0.0,0,0.0,Male,Less than 25,807,M,0,0.0,276.0,Caucasian,0.0,23.0,9
0,High,7.0,0,0.0,Male,25 - 45,8396,F,1,0.0,324.0,African-American,7.0,27.0,10
0,Medium,9.0,0,0.0,MALE,25 - 45,4562,M,0,0.0,336.0,African-American,9.0,28.0,5
0,Medium,2.0,0,0.0,Female,25 - 45,8150,Misdemeanor,0,0.0,324.0,African-American,2.0,27.0,5
0,High,0.0,0,0.0,Male,Less than 25,9229,,0,0.0,264.0,African-American,0.0,22.0,8
0,Low,1.0,0,0.0,Male,25 - 45,9612,M,1,0.0,528.0,Caucasian,1.0,44.0,1
0,High,7.0,0,0.0,Female,25 - 45,6691,F,0,0.0,336.0,Caucasian,7.0,28.0,9
0,High,15.0,0,0.0,Male,25 - 45,10512,F,1,0.0,324.0,African-American,15.0,27.0,10
0,MEDIUM,4.0,0,0.0,Female,25 - 45,2918,F,1,0.0,300.0,Hispanic,4.0,25.0,6
0,Medium,5.0,0,0.0,Male,25 - 45,107,F,1,0.0,348.0,African-American,5.0,29.0,6
0,Low,8.0,0,0.0,Male,25 - 45,3692,F,1,0.0,492.0,African-American,8.0,41.0,2
0,High,0.0,0,0.0,Male,Less than 25,1908,M,1,0.0,240.0,Caucasian,0.0,20.0,10
0,High,0.0,0,0.0,Male,25 - 45,6896,F,1,0.0,372.0,hispanic,0.0,31.0,10
0,Low,1.0,0,0.0,Male,Less than 25,2719,F,1,0.0,276.0,African-American,1.0,23.0,4
0,Low,0.0,0,0.0,Male,25 - 45,3960,F,0,0.0,360.0,African-American,0.0,30.0,2
0,Low,0.0,0,0.0,Male,25 - 45,927,F,0,0.0,456.0,Caucasian,0.0,38.0,1
1,High,1.0,0,1.0,Male,Less than 25,10903,Felony,1,0.0,240.0,African-American,1.0,20.0,10
0,Low,1.0,0,0.0,Female,25 - 45,1213,M,0,0.0,432.0,African-American,1.0,36.0,2
0,High,5.0,0,1.0,Male,25 - 45,9018,M,0,1.0,372.0,African-American,5.0,31.0,8
0,Low,1.0,0,0.0,Male,25 - 45,8856,M,0,0.0,312.0,Other,1.0,26.0,4
0,Low,4.0,0,0.0,Female,Greater than 45,9804,F,1,0.0,576.0,Hispanic,4.0,48.0,1
0,Low,0.0,0,0.0,Male,Greater than 45,5954,M,0,0.0,660.0,Hispanic,0.0,55.0,1
1,High,13.0,0,2.0,Male,25 - 45,1576,M,1,1.0,504.0, African-American,13.0,42.0,8
0,Medium,,0,0.0,Male,Greater than 45,9791,M,0,0.0,660.0,Caucasian,,55.0,5
1,High,7.0,0,1.0,Female,Less than 25,5965,M,1,,288.0,Caucasian,7.0,24.0,8
0,Low,2.0,0,0.0,Male,25 - 45,6386,F,1,0.0,336.0,Hispanic,2.0,28.0,3
0,High,3.0,0,0.0,Male,25 - 45,9544,M,1,0.0,360.0,Caucasian,3.0,30.0,9
0,Medium,,0,0.0,MALE,Greater than 45,9534,F,1,0.0,588.0,African-American,,49.0,6
1,Low,4.0,0,1.0,Female,25 - 45,2121,F,0,0.0,336.0,African-American,4.0,28.0,4
0,Medium,3.0,0,0.0,Male,25 - 45,5668,F,0,0.0,480.0,African-American,3.0,40.0,7
1,High,19.0,2,5.0,Male,25 - 45,5856,F,1,2.0,468.0,?,19.0,39.0,9
2,Medium,2.0,1,3.0,Male,Less than 25,6553,M,0,0.0,288.0,African-American,2.0,24.0,6
0,LOW,6.0,0,0.0,Female,25 - 45,2193,F,1,0.0,324.0,Caucasian,6.0,27.0,3
0,Low,0.0,0,0.0,Male,25 - 45,10332,M,0,0.0,456.0,Hispanic,0.0,38.0,1
0,Medium,1.0,1,1.0,Male,Less than 25,6935,,1,0.0,252.0,Caucasian,1.0,21.0,5
0,MEDIUM,11.0,0,0.0,Male,25 - 45,311,Felony,1,0.0,516.0,Caucasian,11.0,43.0,5
0,Low,4.0,0,0.0,Male,25 - 45,10532,M,1,0.0,444.0,African-American,4.0,37.0,4
2,High,11.0,0,2.0,Male,25 - 45,6001,F,1,0.0,372.0,African-American,11.0,31.0,10
0,Low,0.0,0,0.0,Male,25 - 45,7424,F,0,0.0,432.0,african-american,0.0,36.0,1
0,Low,3.0,0,0.0,Male,Greater than 45,10464,M,0,0.0,852.0,Caucasian,3.0,71.0,1
0,Low,2.0,0,0.0,Male,Less than 25,8739,M,0,0.0,288.0,Caucasian,2.0,24.0,3
0,Low,0.0,0,0.0,Male,25 - 45,3671,M,0,0.0,408.0,Caucasian,0.0,34.0,1
0,High,5.0,0,0.0,Male,25 - 45,4956,f,0,0.0,348.0,African-American,5.0,29.0,8
1,High,8.0,8,9.0,Male,Less than 25,1880,F,1,0.0,240.0,Other,8.0,20.0,10
0,Low,1.0,0,0.0,Male,25 - 45,3516,F,1,0.0,336.0,Other,1.0,28.0,3
1,Low,1.0,0,1.0,Male,Less than 25,6614,M,0,0.0,276.0,CAUCASIAN,1.0,23.0,2
0,Low,0.0,0,0.0,Male,Less than 25,8980,F,1,0.0,288.0,Hispanic,0.0,24.0,1
0,high,0.0,0,0.0,Male,25 - 45,3765,F,1,0.0,396.0,Caucasian,0.0,33.0,9
0,Medium,3.0,0,0.0,Male,25 - 45,9561,f,1,0.0,336.0,Caucasian,3.0,28.0,7
0,High,13.0,0,0.0,Male,25 - 45,3906,F,1,0.0,348.0,African American,13.0,29.0,8
0,Low,,0,0.0,Female,Greater than 45,61,F,0,0.0,612.0,African-American,,51.0,2
1,High,1.0,0,1.0,Female,Less than 25,10580,M,0,0.0,264.0,Caucasian,1.0,22.0,8
0,High,2.0,0,3.0,MALE,Less than 25,2083,,1,3.0,228.0,African-American,2.0,19.0,8
0,Low,0.0,0,0.0,Male,Less than 25,4054,F,0,0.0,264.0,African-American,0.0,22.0,3
0,Medium,2.0,0,0.0,Male,Less than 25,6547,F,1,0.0,276.0,Hispanic,2.0,23.0,5
0,High,17.0,0,0.0,Male,Greater than 45,1026,F,1,0.0,552.0,African-American,17.0,46.0,9
0,Low,0.0,0,0.0,Male,Greater than 45,7446,F,0,0.0,600.0,Caucasian,0.0,50.0,1
0,Low,0.0,0,0.0,Female,25 - 45,10452,F,0,0.0,528.0,African-American,0.0,44.0,1
0,Low,0.0,0,0.0,Male,25 - 45,7342,F,1,0.0,492.0,Caucasian,0.0,41.0,1
0,Medium,14.0,1,1.0,Male,25 - 45,4314,M,1,0.0,336.0,African-American,14.0,28.0,7
0,Medium,5.0,0,0.0,MALE,25 - 45,4743,F,0,0.0,420.0,Hispanic,5.0,35.0,7
0,High,13.0,0,0.0,Female,25 - 45,7292,F,0,0.0,420.0,African-American,13.0,35.0,8
0,Medium,21.0,0,0.0,Male,25 - 45,6634,M,1,0.0,396.0,?,21.0,33.0,7
0,Low,3.0,0,0.0,Male,Greater than 45,5971,F,0,0.0,564.0,Caucasian,3.0,47.0,2
0,Low,1.0,0,0.0,Male,25 - 45,9858,F,0,0.0,324.0,Hispanic,1.0,27.0,2
0,Low,2.0,0,0.0,Male,25 - 45,8450,F,1,0.0,396.0,Caucasian,2.0,33.0,3
1,High,3.0,0,2.0,Male,Less than 25,1326,F,0,1.0,276.0,African-American,3.0,23.0,9
0,Low,1.0,0,0.0,Male,Less than 25,674,M,1,0.0,288.0,African-American,1.0,24.0,2
0,Medium,5.0,0,0.0,Female,25 - 45,2666,F,1,0.0,408.0,African-American,5.0,34.0,5
0,Low,7.0,0,0.0,Male,Greater than 45,5500,F,0,0.0,864.0,Caucasian,7.0,72.0,4
0,Low,11.0,0,0.0,Male,25 - 45,8256,F,1,0.0,348.0,?,11.0,29.0,3
0,Low,3.0,0,0.0,Male,Greater than 45,242,M,0,0.0,660.0,African-American,3.0,55.0,1
0,High,5.0,0,0.0,Male,25 - 45,835,F,1,0.0,324.0,African-American,5.0,27.0,9
0,High,2.0,0,0.0,Male,25 - 45,1664,M,0,0.0,300.0,Caucasian,2.0,25.0,8
0,HIGH,2.0,0,1.0,Male,Less than 25,131,,1,1.0,264.0,African-American,2.0,22.0,9
0,Medium,3.0,0,0.0,Male,25 - 45,8226,F,1,0.0,468.0,Caucasian,3.0,39.0,6
0,Low,2.0,0,0.0,Male,25 - 45,10675,F,1,0.0,324.0,Caucasian,2.0,27.0,3
0,medium,2.0,0,0.0,Female,25 - 45,10524,F,0,0.0,324.0,African-American,2.0,27.0,6
0,Low,2.0,0,0.0,Male,Less than 25,2865,,1,0.0,264.0,-,2.0,22.0,4
0,Low,,0,0.0, Male,Greater than 45,3998,F,1,0.0,576.0,African-American,,48.0,1
0,high,0.0,0,0.0,Male,25 - 45,4335,F,0,0.0,444.0,African-American,0.0,37.0,9
0,Medium,2.0,0,0.0,Male,Less than 25,1496,F,1,0.0,276.0,African-American,2.0,23.0,7
0,Low,,0,0.0,Male,Greater than 45,5621,F,0,0.0,636.0,Caucasian,,53.0,4
0,Low,2.0,2,2.0,Male,25 - 45,6241,M,0,0.0,396.0,Caucasian,2.0,33.0,2
0,Low,0.0,0,0.0,Male,Less than 25,3166,F,1,0.0,240.0,Caucasian,0.0,20.0,2
0,Medium,0.0,0,0.0, Male,Less than 25,6846,,1,0.0,264.0,African-American,0.0,22.0,6
0,Medium,13.0,6,7.0,Male,25 - 45,7981,F,0,1.0,444.0,Caucasian,13.0,37.0,7
0,Low,1.0,0,0.0,Male,Greater than 45,2198,f,0,0.0,624.0,Caucasian,1.0,52.0,1
0,Low,0.0,0,0.0,Male,25 - 45,1803,Misdemeanor,0,0.0,408.0,Caucasian,0.0,34.0,4
1,Low,1.0,0,1.0,Male,Less than 25,5836,M,1,0.0,264.0,African-American,1.0,22.0,4
0,Low,0.0,0,0.0,Male,Greater than 45,2021,M,0,0.0,540.0,Other,0.0,45.0,1
0,Low,0.0,0,0.0,Male,25 - 45,8962,M,0,0.0,384.0,Caucasian,0.0,32.0,3
0,Low,0.0,0,0.0,Male,25 - 45,2731,F,0,0.0,,Hispanic,0.0,,4
0,Medium,6.0,1,1.0,Male,25 - 45,10022,M,1,0.0,372.0,African-American,6.0,31.0,6
0,Medium,7.0,0,0.0,Male,25 - 45,1673,M,1,0.0,348.0,Caucasian,7.0,29.0,7
0,Low,0.0,0,0.0,Male,Greater than 45,452,F,0,0.0,744.0,Caucasian,0.0,62.0,1
1,Medium,8.0,0,1.0,Male,25 - 45,709,F,1,0.0,420.0,African-American,8.0,35.0,7
0,Low,2.0,0,0.0,Male,25 - 45,8477,F,0,0.0,300.0,African-American,2.0,25.0,4
0,Medium,6.0,0,0.0,Male,25 - 45,2047,M,1,0.0,312.0,African-American,6.0,26.0,5
0,Low,0.0,0,0.0,?,Greater than 45,3010,M,0,0.0,696.0,Caucasian,0.0,58.0,1
0,Low,0.0,0,0.0,Male,Less than 25,1315,F,0,0.0,288.0,African-American,0.0,24.0,4
0,Low,0.0,0,0.0,Female,25 - 45,1725,F,0,0.0,324.0,Hispanic,0.0,27.0,3
0,Low,1.0,0,0.0,male,25 - 45,895,F,0,0.0,372.0,Other,1.0,31.0,2
0,Medium,5.0,0,0.0,Male,25 - 45,926,M,1,0.0,336.0,African-American,5.0,28.0,7
0,Low,0.0,0,0.0,Male,25 - 45,2860,F,0,0.0,432.0,African-American,0.0,36.0,1
0,Medium,24.0,3,4.0,Male,25 - 45,2519,F,1,1.0,384.0,African-American,24.0,32.0,7
0,Low,2.0,0,0.0,Male,25 - 45,4818,M,1,0.0,444.0,Caucasian,2.0,37.0,1
0,Low,1.0,0,0.0,Male,Less than 25,9401,M,0,0.0,288.0,Caucasian,1.0,24.0,2
0,Low,7.0,0,0.0,Male,25 - 45,5126,F,0,0.0,516.0,African-American,7.0,43.0,4
0,Low,0.0,0,0.0,Female,Less than 25,1204,,0,0.0,276.0,Other,0.0,23.0,4
0,Medium,1.0,0,0.0,Male,25 - 45,4330,M,1,0.0,504.0,African-American,1.0,42.0,6
0,Medium,2.0,1,1.0,Male,Less than 25,9495,,1,0.0,252.0,hispanic,2.0,21.0,7
0,Low,3.0,0,0.0,Male,25 - 45,8207,M,1,0.0,372.0,Caucasian,3.0,31.0,2
0,Low,0.0,0,0.0,Male,Greater than 45,6485,F,0,0.0,672.0,African-American,0.0,56.0,2
0,Low,5.0,0,0.0,Male,25 - 45,1306,F,1,0.0,360.0,African-American,5.0,30.0,4
0,Low,0.0,0,0.0,Female,25 - 45,5173,M,1,0.0,324.0,African-American,0.0,27.0,3
0,Low,5.0,0,0.0,male,25 - 45,2259,F,0,0.0,432.0, African-American,5.0,36.0,3
0,High,2.0,0,0.0,Female,25 - 45,1832,F,0,0.0,348.0,African-American,2.0,29.0,10
0,medium,,0,0.0,Male,Greater than 45,2307,M,0,0.0,660.0,Caucasian,,55.0,7
0,Low,0.0,0,0.0,Male,Less than 25,10760,F,1,0.0,264.0,Hispanic,0.0,22.0,2
0,Low,0.0,0,0.0,Female,Greater than 45,9920,M,1,0.0,600.0,Caucasian,0.0,50.0,3
0,High,10.0,1,1.0,Female,25 - 45,10157,F,1,0.0,324.0,African-American,10.0,27.0,9
0,Low,2.0,0,0.0,Male,25 - 45,8299,F,0,0.0,324.0,African-American,2.0,27.0,4
0,Medium,10.0,0,0.0,Male,Greater than 45,7112,M,1,0.0,660.0,African-American,10.0,55.0,7
0,LOW,2.0,0,0.0,Female,25 - 45,1041,F,0,0.0,384.0,African-American,2.0,32.0,2
0,Low,0.0,0,0.0,Female,Greater than 45,2607,M,0,0.0,624.0,Caucasian,0.0,52.0,1
0,Low,0.0,0,0.0,Male,25 - 45,3645,M,0,0.0,408.0,Caucasian,0.0,34.0,1
0,Low,2.0,0,0.0,Female,25 - 45,2367,F,1,0.0,408.0,Caucasian,2.0,34.0,3
0,High,4.0,0,0.0,Male,25 - 45,9394,F,0,0.0,348.0,Caucasian,4.0,29.0,8
0,Medium,2.0,0,0.0,Male,Less than 25,2747,F,1,0.0,276.0,Caucasian,2.0,23.0,7
0,Medium,0.0,0,0.0,Male,Less than 25,7675,F,1,0.0,240.0,caucasian,0.0,20.0,7
0,low,2.0,0,0.0,Male,25 - 45,9669,F,0,0.0,420.0,African-American,2.0,35.0,1
0,MEDIUM,0.0,0,0.0,Male,Less than 25,1667,M,1,0.0,240.0,Caucasian,0.0,20.0,5
0,Medium,18.0,0,1.0,Male,25 - 45,10743,F,1,1.0,492.0,African-American,18.0,41.0,6
0,Low,6.0,0,0.0,Male,25 - 45,5027,F,1,0.0,324.0,African-American,6.0,27.0,4
0,High,0.0,0,0.0,Female,Less than 25,10436,F,0,0.0,252.0,African-American,0.0,21.0,10
0,Medium,0.0,0,0.0,n/a,Less than 25,10327,M,0,0.0,60.0,Caucasian,0.0,5.0,5
0,Medium,0.0,0,0.0,Female,Less than 25,9450,F,0,0.0,288.0,African-American,0.0,24.0,7
0,Medium,1.0,0,0.0,Female,25 - 45,10107,F,0,0.0,468.0,African-American,1.0,39.0,5
0,Low,0.0,0,0.0,Male,Greater than 45,4627,M,1,0.0,828.0,Caucasian,0.0,69.0,1
0,High,23.0,0,1.0,Male,Greater than 45,590,F,1,1.0,576.0,Caucasian,23.0,48.0,8
0,Medium,8.0,0,0.0,Male,25 - 45,843,Felony,0,0.0,504.0,African-American,8.0,42.0,5
0,High,19.0,0,0.0,Male,25 - 45,4339,Felony,1,0.0,492.0,Hispanic,19.0,41.0,10
0,High,2.0,0,0.0,Female,25 - 45,5350,F,1,0.0,384.0,Caucasian,2.0,32.0,10
0,Low,3.0,0,0.0,Female,Greater than 45,9835,F,0,0.0,636.0,African American,3.0,53.0,2
0,Low,,0,0.0,Male,Greater than 45,10258,F,1,0.0,648.0,Caucasian,,54.0,3
0,high,1.0,0,0.0,Male,25 - 45,4280,M,0,0.0,348.0,Hispanic,1.0,29.0,9
0,High,5.0,0,0.0,Male,25 - 45,4598,F,0,0.0,348.0,African-American,5.0,29.0,10
0,Low,,0,0.0,Male,Greater than 45,10879,F,0,0.0,588.0,Caucasian,,49.0,1
0,High,8.0,0,0.0,Male,25 - 45,4248,F,1,0.0,396.0,Hispanic,8.0,33.0,9
0,Low,18.0,0,0.0,Male,Greater than 45,5953,F,0,0.0,636.0,Hispanic,18.0,53.0,2
0,Low,0.0,0,0.0,n/a,25 - 45,4414,M,0,0.0,408.0,Caucasian,0.0,34.0,2
0,High,4.0,0,0.0,Female,25 - 45,1110,F,1,0.0,432.0,African-American,4.0,36.0,10
1,High,2.0,1,2.0,Male,Less than 25,2113,F,1,0.0,240.0,African-American,2.0,20.0,9
0,Low,0.0,0,0.0,Female,25 - 45,9518,M,0,0.0,480.0,Caucasian,0.0,40.0,1
0,Low,0.0,0,0.0,Male,25 - 45,5634,Felony,0,0.0,468.0,Caucasian,0.0,39.0,1
0,low,1.0,0,0.0,Female,Greater than 45,2140,F,0,0.0,708.0,Caucasian,1.0,59.0,1
0,Medium,5.0,0,0.0,Male,25 - 45,5667,M,1,0.0,420.0,Hispanic,5.0,35.0,6
0,Medium,1.0,0,0.0,Male,25 - 45,2487,F,1,0.0,384.0,African-American,1.0,32.0,5
0,Medium,-,0,0.0,Male,25 - 45,7906,F,1,0.0,384.0,African-American,-,32.0,5
1,High,3.0,1,2.0,Male,25 - 45,4192,M,1,0.0,300.0,African-American,3.0,25.0,8
0,Medium,16.0,0,2.0,male,25 - 45,6378,F,1,2.0,492.0,African-American,16.0,41.0,7
1,High,2.0,1,3.0,Male,Less than 25,6196,F,1,1.0,240.0,African-American,2.0,20.0,8
0,High,1.0,0,0.0,Male,25 - 45,4628,F,0,0.0,300.0,?,1.0,25.0,9
0,Medium,5.0,0,0.0,Male,25 - 45,7382,F,1,0.0,312.0,African-American,5.0,26.0,7
0,Low,15.0,0,0.0,Male,Greater than 45,10013,F,1,0.0,720.0,African-American,15.0,60.0,4
0,Low,N/A,0,0.0,Male,25 - 45,9695,M,0,0.0,360.0,Caucasian,N/A,30.0,1
0,Medium,,0,0.0,Male,Greater than 45,2805,Felony,0,0.0,612.0,African-American,,51.0,7
0,Medium,0.0,0,0.0,Male,25 - 45,2027,F,1,0.0,384.0,African-American,0.0,32.0,7
0,Low,0.0,0,0.0,Male,25 - 45,2738,M,0,0.0,372.0,Other,0.0,31.0,1
0,Medium,4.0,0,0.0,Female,25 - 45,4873,F,1,0.0,324.0,african-american,4.0,27.0,6
0,Low,1.0,0,0.0,Male,25 - 45,6301,F,1,0.0,396.0,African-American,1.0,33.0,4
0,Low,4.0,1,1.0,Male,25 - 45,1772,F,0,0.0,444.0,Hispanic,4.0,37.0,2
0,medium,0.0,0,0.0,Male,Less than 25,9644,M,0,0.0,264.0,African-American,0.0,22.0,6
0,Low,2.0,0,0.0,?,25 - 45,3859,F,1,0.0,456.0,Other,2.0,38.0,3
3,Medium,10.0,1,4.0,Male,25 - 45,3881,F,1,0.0,372.0,African-American,10.0,31.0,5
0,Low,0.0,0,0.0,Male,Greater than 45,884,M,1,0.0,792.0,Caucasian,0.0,66.0,1
0,Low,0.0,0,0.0,Male,25 - 45,1129,F,0,0.0,432.0,Other,0.0,36.0,1
0,Low,3.0,0,0.0,Male,25 - 45,3333,F,1,0.0,468.0,Caucasian,3.0,39.0,1
0,Low,6.0,0,0.0,Male,Greater than 45,5801,F,1,0.0,612.0, Caucasian,6.0,51.0,3
0,HIGH,9.0,0,1.0,Male,25 - 45,9128,F,1,1.0,312.0,Caucasian,9.0,26.0,9
0,High,4.0,0,0.0,Male,Less than 25,1893,M,0,0.0,288.0,Caucasian,4.0,24.0,8
0,Low,1.0,0,0.0,Male,Greater than 45,729,F,1,0.0,708.0,Caucasian,1.0,59.0,1
0,High,14.0,0,0.0,Male,25 - 45,2557,F,0,0.0,396.0,African-American,14.0,33.0,8
0,Low,,0,0.0,Male,Greater than 45,8369,M,0,0.0,564.0,Caucasian,,47.0,2
0,Low,2.0,0,0.0,?,25 - 45,6997,M,1,0.0,300.0,African-American,2.0,25.0,4
0,Low,0.0,0,0.0,Male,25 - 45,3711,F,1,0.0,336.0,Caucasian,0.0,28.0,2
0,Medium,1.0,0,0.0,Male,25 - 45,3667,M,0,0.0,312.0,African-American,1.0,26.0,5
0,High,14.0,0,0.0,?,25 - 45,3337,F,1,0.0,384.0,African-American,14.0,32.0,8
0,Low,2.0,0,0.0,Male,25 - 45,10073,M,0,0.0,444.0,African-American,2.0,37.0,2
0,Low,,0,0.0,Male,Greater than 45,8427,m,1,0.0,804.0,Hispanic,,67.0,1
0,Medium,7.0,0,0.0,Male,25 - 45,5289,F,1,0.0,336.0,African-American,7.0,28.0,5
0,Low,,0,0.0,Female,Greater than 45,8916,M,0,0.0,612.0,African-American,,51.0,1
0,medium,4.0,0,0.0,Male,25 - 45,1604,M,1,0.0,432.0,African-American,4.0,36.0,5
0,Low,2.0,0,0.0,Female,25 - 45,10124,M,0,0.0,324.0,-,2.0,27.0,2
0,Medium,10.0,0,0.0,Male,25 - 45,10545,F,0,0.0,324.0,african-american,10.0,27.0,7
0,Low,7.0,0,0.0,Male,25 - 45,5524,F,0,0.0,492.0,african-american,7.0,41.0,4
0,Low,0.0,0,0.0,Male,Greater than 45,8215,M,0,0.0,576.0,Asian,0.0,48.0,1
0,Low,10.0,0,0.0,Male,25 - 45,2804,M,1,0.0,528.0,African-American,10.0,44.0,4
0,Medium,1.0,0,0.0,Male,25 - 45,3787,Felony,1,0.0,324.0,African-American,1.0,27.0,7
0,Low,2.0,0,0.0,Male,25 - 45,1248,M,0,0.0,468.0,Caucasian,2.0,39.0,2
0,Low,0.0,0,0.0,Male,Less than 25,9166,F,0,0.0,264.0,African-American,0.0,22.0,4
0,Medium,1.0,0,0.0,Female,25 - 45,5573,F,0,0.0,396.0,CAUCASIAN,1.0,33.0,7
0,Medium,8.0,0,0.0,Male,25 - 45,10977,M,1,0.0,420.0,African-American,8.0,35.0,7
0,High,2.0,0,0.0,Male,25 - 45,10940,M,0,0.0,360.0,Caucasian,2.0,30.0,9
0,High,3.0,0,0.0,Male,25 - 45,9206,F,1,0.0,516.0,African-American,3.0,43.0,8
0,Medium,-,0,0.0,Male,25 - 45,8312,f,0,0.0,360.0, African-American,-,30.0,6
0,Low,0.0,0,0.0,Female,25 - 45,72,F,0,0.0,336.0,Other,0.0,28.0,2
0,Low,3.0,0,0.0,Male,25 - 45,9651,F,0,0.0,492.0,Hispanic,3.0,41.0,1
0,Low,1.0,0,0.0,Female,25 - 45,1101,f,0,0.0,444.0,-,1.0,37.0,3
0,Medium,5.0,0,0.0,Male,25 - 45,4667,Felony,1,0.0,336.0,African-American,5.0,28.0,5
1,High,1.0,0,1.0,Male,Less than 25,7515,F,1,0.0,276.0, African-American,1.0,23.0,9
0,low,0.0,0,0.0,Female,Greater than 45,10401,M,0,0.0,564.0,caucasian,0.0,47.0,1
0,Low,0.0,0,0.0,Male,25 - 45,2963,F,0,0.0,408.0,caucasian,0.0,34.0,4
0,Low,0.0,0,0.0,Male,Greater than 45,623,M,0,0.0,672.0,Caucasian,0.0,56.0,1
0,Medium,5.0,0,0.0,Male,25 - 45,6971,F,1,0.0,300.0,African-American,5.0,25.0,5
0,Low,2.0,0,0.0,male,25 - 45,4120,M,0,0.0,468.0,caucasian,2.0,39.0,1
0,High,N/A,0,0.0,Male,Less than 25,5274,M,1,0.0,252.0,African-American,N/A,21.0,9
0,Low,0.0,0,0.0,Male,25 - 45,9049,M,0,0.0,468.0,African-American,0.0,39.0,1
0,Medium,2.0,0,0.0,Male,Less than 25,5887,,1,,288.0,African-American,2.0,24.0,7
0,Low,5.0,0,0.0,Male,25 - 45,867,M,1,0.0,324.0,African-American,5.0,27.0,4
0,Low,,0,0.0,Male,Greater than 45,3554,F,0,0.0,804.0,Caucasian,,67.0,1
0,Low,0.0,0,0.0,Male,25 - 45,5497,M,0,0.0,516.0,HISPANIC,0.0,43.0,1
0,Low,0.0,0,0.0,Male,25 - 45,2386,M,1,0.0,336.0,African-American,0.0,28.0,4
0,Medium,13.0,0,0.0,Male,25 - 45,5731,F,1,0.0,324.0,Caucasian,13.0,27.0,6
0,Low,-,0,0.0,Male,25 - 45,5439,M,1,0.0,432.0,Other,-,36.0,4
0,Low,4.0,0,0.0,Male,Greater than 45,4284,M,1,0.0,636.0,Other,4.0,53.0,1
0,Low,,0,0.0,Male,Greater than 45,2314,M,0,0.0,672.0,African-American,,56.0,2
0,Medium,15.0,0,0.0,Male,25 - 45,872,F,0,0.0,456.0,African-American,15.0,38.0,7
0,Medium,6.0,0,0.0,Male,25 - 45,9755,Felony,1,0.0,492.0,African-American,6.0,41.0,6
0,Medium,6.0,1,1.0,n/a,25 - 45,8309,M,0,0.0,312.0, African-American,6.0,26.0,5
0,Medium,1.0,0,0.0,Male,Less than 25,9698,,1,0.0,276.0,-,1.0,23.0,6
0,Low,,0,0.0,Female,Greater than 45,5246,M,0,0.0,636.0,Caucasian,,53.0,1
0,Medium,16.0,0,0.0,Male,Greater than 45,3661,F,1,0.0,696.0,African-American,16.0,58.0,6
0,LOW,0.0,0,0.0,Male,Greater than 45,3315,M,0,0.0,744.0,Caucasian,0.0,62.0,1
0,Low,,0,0.0,Male,Greater than 45,1353,F,1,0.0,624.0,Caucasian,,52.0,1
0,High,1.0,0,0.0,Male,Less than 25,3566,F,0,0.0,264.0,Caucasian,1.0,22.0,9
0,High,16.0,3,5.0,Male,25 - 45,10839,M,1,2.0,456.0,African-American,16.0,38.0,9
0,Medium,9.0,0,0.0,Male,25 - 45,9574,F,0,0.0,468.0,African-American,9.0,39.0,5
0,Low,3.0,0,0.0,Male,25 - 45,649,M,0,0.0,324.0,Caucasian,3.0,27.0,1
0,Low,0.0,0,0.0,Male,25 - 45,1941,M,0,0.0,336.0,African-American,0.0,28.0,1
0,Medium,1.0,0,0.0,Male,25 - 45,6450,F,0,0.0,408.0,African-American,1.0,34.0,5
0,Low,8.0,0,1.0,Male,25 - 45,1497,F,0,1.0,384.0,Caucasian,8.0,32.0,4
0,Medium,6.0,0,0.0,Male,25 - 45,5995,F,0,0.0,468.0,Caucasian,6.0,39.0,6
0,Low,0.0,0,0.0,Male,25 - 45,7343,F,0,0.0,300.0,Caucasian,0.0,25.0,3
0,Low,0.0,0,0.0,?,Less than 25,6800,F,0,0.0,240.0,African-American,0.0,20.0,3
0,Low,0.0,0,0.0,Male,25 - 45,3552,M,0,0.0,336.0,Caucasian,0.0,28.0,3
0,Medium,7.0,0,0.0,Male,25 - 45,8665,F,1,0.0,432.0,African-American,7.0,36.0,6
0,Medium,5.0,1,1.0,MALE,25 - 45,8594,F,1,0.0,384.0,Caucasian,5.0,32.0,7
0,Low,0.0,0,0.0,?,Less than 25,2789,M,1,,252.0,Hispanic,0.0,21.0,4
0,Medium,14.0,1,1.0,Male,25 - 45,10277,F,0,0.0,360.0,African-American,14.0,30.0,7
0,Low,0.0,0,0.0,Female,25 - 45,6731,M,0,0.0,348.0,Caucasian,0.0,29.0,2
0,High,14.0,1,1.0,Male,25 - 45,3023,Felony,1,0.0,-36.0,African-American,14.0,-3.0,9
0,Low,2.0,0,0.0,Male,25 - 45,3591,F,0,0.0,324.0,Hispanic,2.0,27.0,3
0,Low,1.0,0,1.0,Male,Less than 25,909,F,0,1.0,240.0,African-American,1.0,20.0,3
0,Low,1.0,0,0.0,Male,25 - 45,3944,M,1,0.0,420.0,Hispanic,1.0,35.0,1
0,Low,0.0,0,0.0,Male,Greater than 45,10999,F,0,0.0,684.0,Other,0.0,57.0,1
0,Low,11.0,0,0.0,Male,Greater than 45,8595,F,0,0.0,564.0,?,11.0,47.0,4
0,Low,0.0,0,0.0,Male,Less than 25,2355,M,1,0.0,240.0,African-American,0.0,20.0,3
0,Low,0.0,0,0.0,Male,25 - 45,1597,F,0,0.0,480.0,African-American,0.0,40.0,1
0,Low,4.0,0,0.0,Male,25 - 45,8727,F,0,0.0,528.0,Caucasian,4.0,44.0,1
0,Low,0.0,0,0.0,MALE,25 - 45,3146,Felony,1,0.0,444.0,Hispanic,0.0,37.0,3
0,Low,0.0,0,0.0,Male,25 - 45,1883,M,0,0.0,480.0,Hispanic,0.0,40.0,1
0,Medium,0.0,0,0.0,Male,Less than 25,1952,M,0,0.0,252.0,African-American,0.0,21.0,6
2,Low,0.0,0,2.0,Male,Less than 25,4212,M,1,0.0,264.0,Native American,0.0,22.0,4
0,High,0.0,0,0.0,Male,Less than 25,5349,F,1,0.0,240.0,Caucasian,0.0,20.0,10
0,Low,0.0,0,0.0,Male,Greater than 45,7603,F,0,0.0,624.0,Other,0.0,52.0,1
0,Low,1.0,0,0.0,Male,25 - 45,10952,F,0,0.0,408.0,Caucasian,1.0,34.0,2
0,Low,2.0,0,0.0,Male,Greater than 45,5266,Felony,0,0.0,600.0,CAUCASIAN,2.0,50.0,3
0,Low,2.0,0,0.0,Male,25 - 45,10271,M,0,0.0,396.0,Hispanic,2.0,33.0,3
1,Low,2.0,0,1.0,Male,Less than 25,3574,F,1,0.0,288.0,African-American,2.0,24.0,3
0,high,2.0,0,0.0,Male,Greater than 45,3137,M,0,0.0,576.0,Caucasian,2.0,48.0,8
0,Low,0.0,0,0.0,Male,Greater than 45,3907,F,0,0.0,804.0,Hispanic,0.0,67.0,1
0,Low,1.0,0,0.0,FEMALE,25 - 45,7190,F,1,0.0,336.0,Hispanic,1.0,28.0,3
0,Low,4.0,0,0.0,Male,25 - 45,4005,M,0,0.0,420.0,Caucasian,4.0,35.0,2
0,Low,3.0,0,0.0,Male,Greater than 45,4847,M,1,0.0,600.0,Caucasian,3.0,50.0,4
0,Medium,11.0,0,0.0,Female,25 - 45,9182,F,1,0.0,360.0,African-American,11.0,30.0,7
0,Low,0.0,0,0.0,Male,Greater than 45,1296,f,0,0.0,552.0,Caucasian,0.0,46.0,1
0,High,2.0,0,3.0,Male,Less than 25,9989,F,1,3.0,228.0,African-American,2.0,19.0,9
0,High,5.0,0,0.0,Male,Less than 25,8235,F,1,0.0,288.0,African-American,5.0,24.0,9
0,Low,0.0,0,0.0,Male,25 - 45,5315,M,0,0.0,456.0,Hispanic,0.0,38.0,1
0,Low,0.0,0,0.0,Male,Less than 25,8902,,0,0.0,276.0,Other,0.0,23.0,3
0,Low,0.0,0,0.0,Male,25 - 45,1349,m,0,0.0,516.0,Hispanic,0.0,43.0,1
0,Medium,2.0,0,1.0,Male,Less than 25,3242,F,0,1.0,276.0,African-American,2.0,23.0,7
0,medium,4.0,0,0.0,Male,25 - 45,7936,M,1,0.0,444.0,Caucasian,4.0,37.0,5
3,MEDIUM,2.0,1,4.0,Male,Less than 25,8858,F,0,0.0,264.0,African-American,2.0,22.0,6
0,medium,2.0,0,0.0,Male,25 - 45,3229,F,0,0.0,312.0, Caucasian,2.0,26.0,5
0,Medium,4.0,0,0.0,Male,25 - 45,6372,F,1,0.0,312.0,African-American,4.0,26.0,6
0,Low,3.0,0,0.0,Male,Greater than 45,8610,M,0,0.0,696.0,Caucasian,3.0,58.0,2
0,High,4.0,0,0.0,Male,Less than 25,4616,F,1,0.0,288.0,African-American,4.0,24.0,9
0,Medium,7.0,0,0.0,Male,25 - 45,6098,F,1,0.0,528.0,-,7.0,44.0,5
1,Medium,1.0,0,1.0,Male,Less than 25,4647,M,0,0.0,252.0,Caucasian,1.0,21.0,6
0,Medium,13.0,0,0.0,Male,Greater than 45,10058,M,0,0.0,636.0,African-American,13.0,53.0,5
0,Low,3.0,0,0.0,Female,Greater than 45,678,F,0,0.0,600.0,African-American,3.0,50.0,2
1,Low,1.0,0,1.0,Male,Less than 25,6892,F,1,0.0,240.0,African-American,1.0,20.0,4
0,Medium,5.0,0,0.0,Male,Greater than 45,2922,m,0,,612.0,African-American,5.0,51.0,7
0,MEDIUM,2.0,0,0.0,Male,25 - 45,7468,F,1,0.0,504.0,Caucasian,2.0,42.0,7
0,Low,0.0,0,0.0,Female,Greater than 45,7192,F,0,0.0,840.0,Other,0.0,70.0,1
0,Low,6.0,0,0.0,Male,Greater than 45,3792,F,0,0.0,780.0,Caucasian,6.0,65.0,4
0,Medium,3.0,0,0.0,Male,25 - 45,7560,F,1,0.0,300.0,Caucasian,3.0,25.0,7
0,Medium,21.0,0,0.0,Male,Greater than 45,3260,F,1,0.0,660.0,African-American,21.0,55.0,6
0,High,0.0,0,0.0,Male,Less than 25,7429,M,1,0.0,228.0,Caucasian,0.0,19.0,8
0,Low,1.0,0,0.0,Male,Greater than 45,4502,M,0,0.0,588.0,Caucasian,1.0,49.0,1
0,Low,1.0,0,0.0,Male,25 - 45,2682,F,0,0.0,300.0,African-American,1.0,25.0,2
0,Low,2.0,1,1.0,Female,Less than 25,6533,M,0,0.0,276.0,Hispanic,2.0,23.0,4
0,Low,1.0,0,0.0,Male,Less than 25,5251,F,0,0.0,252.0,Caucasian,1.0,21.0,3
0,Low,4.0,0,0.0,n/a,25 - 45,6427,Misdemeanor,0,0.0,432.0,African-American,4.0,36.0,2
0,Low,0.0,0,0.0,Female,25 - 45,16,M,0,0.0,444.0,Caucasian,0.0,37.0,1
1,Low,1.0,0,2.0,Male,Less than 25,4699,F,1,1.0,252.0,African-American,1.0,21.0,4
0,Low,0.0,0,0.0,FEMALE,25 - 45,8717,M,0,0.0,516.0,African-American,0.0,43.0,1
0,High,0.0,0,0.0,Female,25 - 45,6705,M,0,0.0,360.0,Caucasian,0.0,30.0,8
0,Low,12.0,0,0.0,Male,Greater than 45,6392,F,1,0.0,600.0,African-American,12.0,50.0,1
0,Low,3.0,0,0.0,Male,25 - 45,4060,M,0,0.0,444.0,African-American,3.0,37.0,2
0,Low,7.0,0,0.0,FEMALE,25 - 45,7214,M,1,0.0,360.0,African-American,7.0,30.0,3
1,High,12.0,0,1.0,Male,25 - 45,4000,M,1,0.0,312.0,African-American,12.0,26.0,9
0,low,0.0,0,0.0,Male,25 - 45,4961,F,1,0.0,324.0,Other,0.0,27.0,4
0,Low,0.0,0,0.0,Male,Less than 25,9081,F,0,0.0,240.0,Other,0.0,20.0,4
0,Medium,3.0,0,0.0,Male,Greater than 45,10586,M,1,0.0,564.0,African-American,3.0,47.0,5
0,Low,1.0,0,0.0,?,Greater than 45,3480,M,0,0.0,636.0,African-American,1.0,53.0,2
0,Medium,2.0,0,0.0,Male,25 - 45,656,F,0,0.0,348.0,African-American,2.0,29.0,6
0,Low,2.0,0,0.0,Male,Greater than 45,9789,M,0,0.0,756.0,AFRICAN-AMERICAN,2.0,63.0,1
0,Low,1.0,0,0.0,Male,25 - 45,8174,F,0,0.0,324.0,African-American,1.0,27.0,2
0,High,5.0,0,0.0,Male,25 - 45,2792,M,0,0.0,372.0,African-American,5.0,31.0,10
0,Low,1.0,0,0.0,Male,Greater than 45,5569,Misdemeanor,0,0.0,708.0,Other,1.0,59.0,1
0,Medium,1.0,0,0.0,Male,Less than 25,5060,F,1,0.0,288.0,African-American,1.0,24.0,5
0,Low,4.0,0,0.0,Female,25 - 45,5700,F,1,,,Caucasian,4.0,,3
0,Medium,2.0,0,0.0,Male,25 - 45,6719,F,1,0.0,456.0,?,2.0,38.0,7
0,Low,0.0,0,0.0,Female,25 - 45,5699,F,0,0.0,456.0,Hispanic,0.0,38.0,1
0,Medium,19.0,0,0.0,Male,25 - 45,7323,F,1,0.0,492.0,African-American,19.0,41.0,5
0,High,4.0,0,0.0,Male,25 - 45,7875,F,1,0.0,300.0,African-American,4.0,25.0,9
0,Low,1.0,0,0.0,Male,Less than 25,1151,F,1,0.0,252.0,Other,1.0,21.0,4
0,Low,5.0,0,0.0,Male,Greater than 45,4876,F,0,0.0,600.0,Other,5.0,50.0,1
0,Low,2.0,0,0.0,Male,Less than 25,6737,M,1,0.0,288.0,African-American,2.0,24.0,4
0,low,2.0,0,0.0,Male,25 - 45,6660,F,1,0.0,468.0,Caucasian,2.0,39.0,2
0,Low,4.0,0,0.0,Male,25 - 45,8854,F,0,0.0,420.0,African-American,4.0,35.0,4
0,Low,,0,0.0,Male,Greater than 45,2767,M,1,0.0,804.0,Caucasian,,67.0,1
0,Low,0.0,0,0.0,Male,Greater than 45,2352,M,0,0.0,540.0,African-American,0.0,45.0,1
0,Low,0.0,0,0.0,male,Greater than 45,1,Felony,0,0.0,828.0,Other,0.0,69.0,1
0,High,0.0,0,0.0,Female,Less than 25,7150,M,1,0.0,264.0,African-American,0.0,22.0,8
0,Medium,28.0,0,0.0,Male,Greater than 45,9438,F,0,0.0,672.0,African-American,28.0,56.0,7
0,Low,0.0,0,0.0,Female,25 - 45,9567,Felony,0,0.0,336.0,African-American,0.0,28.0,3
0,Medium,15.0,0,0.0,Male,25 - 45,3289,F,0,0.0,456.0,African-American,15.0,38.0,6
0,Medium,5.0,0,0.0,Male,25 - 45,4658,M,0,0.0,408.0,African-American,5.0,34.0,6
1,Low,2.0,0,1.0,Male,25 - 45,9420,F,0,0.0,312.0,African-American,2.0,26.0,3
0,Low,1.0,0,0.0,Female,25 - 45,2611,m,0,0.0,348.0, African-American,1.0,29.0,2
0,Low,0.0,0,0.0,Male,25 - 45,4305,M,0,0.0,456.0,Hispanic,0.0,38.0,1
0,Low,0.0,0,0.0,Male,25 - 45,9537,M,0,0.0,396.0,Hispanic,0.0,33.0,2
0,LOW,0.0,0,0.0,Male,25 - 45,5899,Felony,0,0.0,504.0,African-American,0.0,42.0,1
0,Low,2.0,0,0.0,n/a,25 - 45,9106,F,1,0.0,384.0,Caucasian,2.0,32.0,2
1,High,N/A,0,1.0,Male,25 - 45,4839,F,0,0.0,420.0,African-American,N/A,35.0,8
0,Medium,6.0,0,0.0,Male,25 - 45,4118,F,1,0.0,324.0,Caucasian,6.0,27.0,6
1,Low,0.0,0,1.0,Male,Less than 25,10900,,0,0.0,276.0,African-American,0.0,23.0,2
0,Medium,2.0,0,0.0,Male,Less than 25,7335,F,1,0.0,288.0,African-American,2.0,24.0,6
0,low,2.0,0,0.0,Male,25 - 45,5638,M,0,0.0,444.0,Hispanic,2.0,37.0,1
0,Low,8.0,0,1.0,Male,25 - 45,10015,Felony,1,1.0,516.0,African-American,8.0,43.0,4
1,High,25.0,0,1.0,Male,25 - 45,1341,M,1,0.0,456.0,Native American,25.0,38.0,10
0,medium,4.0,0,0.0,Male,Less than 25,193,F,1,0.0,264.0,Caucasian,4.0,22.0,6
0,Low,0.0,0,0.0,Male,25 - 45,4473,M,1,0.0,360.0,African-American,0.0,30.0,1
1,High,2.0,1,2.0,Male,Less than 25,4229,F,1,0.0,264.0,Caucasian,2.0,22.0,8
0,Low,0.0,0,0.0,Male,25 - 45,7121,F,0,0.0,480.0,Asian,0.0,40.0,1
0,Medium,6.0,1,2.0,Male,Less than 25,1436,F,1,1.0,264.0,African-American,6.0,22.0,7
0,Low,0.0,0,0.0,Male,25 - 45,2711,F,1,0.0,396.0, Caucasian,0.0,33.0,1
0,Low,2.0,0,0.0,Male,Less than 25,8981,M,1,0.0,264.0,Caucasian,2.0,22.0,4
1,High,3.0,2,3.0,Male,Less than 25,10571,F,1,0.0,252.0, Caucasian,3.0,21.0,10
0,Low,1.0,0,0.0,Female,Less than 25,10324,M,1,0.0,288.0,African-American,1.0,24.0,4
0,Low,0.0,0,0.0,Female,25 - 45,1859,M,0,0.0,408.0,African-American,0.0,34.0,3
0,Low,0.0,0,0.0,Male,25 - 45,10477,M,1,0.0,372.0,Hispanic,0.0,31.0,1
0,Low,1.0,0,0.0,Male,Less than 25,10497,F,1,0.0,264.0,Other,1.0,22.0,4
0,Medium,7.0,0,0.0,Male,25 - 45,763,F,1,0.0,312.0,Hispanic,7.0,26.0,5
0,Low,0.0,0,0.0,Male,25 - 45,5033,F,0,0.0,360.0,African American,0.0,30.0,1
0,Low,3.0,0,0.0,Male,25 - 45,7237,M,0,0.0,480.0,Caucasian,3.0,40.0,4
0,Low,1.0,0,0.0,Female,25 - 45,7298,F,0,0.0,504.0,African-American,1.0,42.0,2
0,Low,0.0,0,0.0,Male,25 - 45,6658,F,1,0.0,468.0,African-American,0.0,39.0,4
0,Low,1.0,0,0.0,Male,25 - 45,5150,M,0,0.0,456.0,african-american,1.0,38.0,1
0,Low,0.0,0,0.0,Male,25 - 45,3357,F,0,0.0,516.0,African-American,0.0,43.0,4
0,Low,1.0,0,0.0,Male,Greater than 45,3593,F,0,0.0,732.0,Caucasian,1.0,61.0,4
0,High,14.0,0,2.0,Male,25 - 45,9933,F,1,2.0,324.0,African American,14.0,27.0,10
0,Medium,1.0,0,0.0,Male,25 - 45,4365,F,0,0.0,516.0,Caucasian,1.0,43.0,5
0,Medium,2.0,0,0.0,male,25 - 45,1216,F,0,0.0,336.0,CAUCASIAN,2.0,28.0,6
0,LOW,1.0,0,0.0,Female,Greater than 45,3380,F,0,0.0,540.0,African-American,1.0,45.0,4
0,Low,0.0,0,0.0,Male,Greater than 45,1648,F,0,0.0,588.0,Caucasian,0.0,49.0,1
0,Low,0.0,0,0.0,Male,25 - 45,2643,F,0,0.0,384.0,Caucasian,0.0,32.0,1
0,MEDIUM,8.0,0,0.0,Male,25 - 45,5808,F,1,0.0,516.0,African-American,8.0,43.0,7
2,High,14.0,0,2.0,Male,25 - 45,10909,F,1,0.0,348.0,Caucasian,14.0,29.0,10
0,Low,2.0,0,0.0,Female,Less than 25,11001,F,1,0.0,276.0,Hispanic,2.0,23.0,4
0,High,3.0,0,0.0,Male,25 - 45,2150,F,1,0.0,324.0,African-American,3.0,27.0,8
0,Low,0.0,0,0.0,Male,25 - 45,4683,M,0,0.0,348.0,Hispanic,0.0,29.0,1
0,Low,0.0,0,0.0,Male,Greater than 45,8535,F,1,0.0,696.0,African-American,0.0,58.0,4
0,Low,,0,0.0,Male,Greater than 45,8695,F,0,0.0,600.0,Caucasian,,50.0,1
0,Low,4.0,0,0.0,Female,Less than 25,6943,F,1,0.0,288.0,African-American,4.0,24.0,3
0,LOW,1.0,0,0.0,Female,Less than 25,5964,,0,0.0,276.0,African American,1.0,23.0,3
0,High,8.0,0,0.0,Male,25 - 45,5403,f,1,0.0,384.0,African-American,8.0,32.0,10
0,Medium,5.0,0,0.0,Male,25 - 45,3512,F,1,0.0,312.0,African-American,5.0,26.0,7
0,Medium,2.0,0,0.0,Male,25 - 45,3446,M,1,0.0,324.0,African-American,2.0,27.0,6
0,high,28.0,0,0.0,Male,Greater than 45,6471,F,1,0.0,564.0,Caucasian,28.0,47.0,9
0,High,9.0,0,0.0,n/a,25 - 45,9646,M,1,0.0,336.0,African-American,9.0,28.0,9
0,Low,1.0,0,0.0,Male,Greater than 45,2610,F,0,0.0,612.0,African-American,1.0,51.0,2
0,Low,0.0,0,0.0,Female,25 - 45,6906,M,0,0.0,444.0,Hispanic,0.0,37.0,3
0,High,4.0,0,0.0,Female,25 - 45,3316,M,1,0.0,324.0,Caucasian,4.0,27.0,8
0,High,0.0,0,0.0,Male,Less than 25,6860,M,1,0.0,252.0,Hispanic,0.0,21.0,8
0,Low,-,0,0.0,Male,25 - 45,3177,F,1,0.0,408.0,African-American,-,34.0,2
0,Low,2.0,0,0.0,Male,25 - 45,1097,m,0,0.0,492.0,Caucasian,2.0,41.0,2
0,Low,0.0,0,0.0,Female,25 - 45,875,M,0,0.0,300.0,African-American,0.0,25.0,3
0,High,8.0,0,0.0,Male,Less than 25,5205,,0,0.0,,Caucasian,8.0,,9
0,Low,0.0,0,0.0,Male,25 - 45,7634,F,0,0.0,432.0,African-American,0.0,36.0,1
0,Low,5.0,0,0.0,MALE,Greater than 45,697,F,1,0.0,660.0,African-American,5.0,55.0,3
0,Low,0.0,0,0.0,Male,Less than 25,8484,M,1,,264.0,Caucasian,0.0,22.0,3
2,Medium,1.0,1,3.0,Male,Less than 25,4372,M,1,0.0,240.0,African-American,1.0,20.0,5
1,Low,3.0,0,1.0,Male,Less than 25,4065,F,1,0.0,276.0,Caucasian,3.0,23.0,4
0,Low,0.0,0,0.0,Male,Greater than 45,9530,M,0,0.0,588.0,HISPANIC,0.0,49.0,2
0,Low,0.0,0,0.0,Male,Greater than 45,6580,M,0,0.0,588.0,Caucasian,0.0,49.0,1
0,Low,,0,0.0,Female,Greater than 45,3904,M,0,0.0,708.0,African-American,,59.0,2
0,Medium,,0,0.0,Male,Greater than 45,8783,F,1,0.0,684.0, African-American,,57.0,7
0,Medium,0.0,0,0.0,Male,25 - 45,7351,F,0,0.0,480.0,Hispanic,0.0,40.0,5
0,Low,1.0,0,0.0,Female,25 - 45,4566,M,0,0.0,360.0,?,1.0,30.0,4
0,Low,0.0,0,0.0,Male,Less than 25,5701,M,1,0.0,240.0,Hispanic,0.0,20.0,4
0,Medium,5.0,0,0.0,Male,25 - 45,5312,f,1,0.0,372.0,Caucasian,5.0,31.0,5
0,low,0.0,0,0.0,Male,Less than 25,1913,F,0,0.0,252.0,African-American,0.0,21.0,4
0,High,8.0,0,0.0, Male,25 - 45,7689,F,1,0.0,336.0,AFRICAN-AMERICAN,8.0,28.0,8
0,Low,0.0,0,0.0,Female,25 - 45,6398,M,0,0.0,504.0,Caucasian,0.0,42.0,2
0,Medium,1.0,0,0.0,Female,25 - 45,6740,Felony,1,0.0,432.0,AFRICAN-AMERICAN,1.0,36.0,5
2,Medium,0.0,0,2.0,Male,Less than 25,6149,F,1,0.0,240.0,African-American,0.0,20.0,5
0,High,0.0,0,0.0,Female,Less than 25,10219,F,1,0.0,240.0,Caucasian,0.0,20.0,8
0,Medium,5.0,0,0.0,Male,25 - 45,3910,M,1,0.0,300.0,African-American,5.0,25.0,5
0,Low,0.0,0,0.0,Male,Less than 25,4276,F,1,0.0,252.0,African American,0.0,21.0,4
0,High,10.0,1,1.0,Male,25 - 45,176,f,1,0.0,492.0,African-American,10.0,41.0,9
0,Medium,N/A,0,0.0,Male,25 - 45,10174,F,1,0.0,528.0,Caucasian,N/A,44.0,7
0,Low,0.0,0,0.0,Male,25 - 45,8212,F,0,0.0,396.0,Caucasian,0.0,33.0,1
0,High,9.0,2,2.0,Male,25 - 45,5445,M,1,0.0,408.0,African-American,9.0,34.0,10
0,Low,3.0,0,0.0,Male,25 - 45,8746,F,0,0.0,444.0,Caucasian,3.0,37.0,4
0,Medium,5.0,0,0.0,Male,25 - 45,5405,M,0,0.0,492.0,African-American,5.0,41.0,5
0,high,26.0,0,1.0,Male,25 - 45,5179,F,1,1.0,432.0,African-American,26.0,36.0,8
0,High,0.0,0,0.0,Male,Less than 25,5398,M,0,0.0,276.0,African-American,0.0,23.0,8
0,Low,0.0,0,0.0,Female,Greater than 45,886,M,0,0.0,552.0,Caucasian,0.0,46.0,1
0,MEDIUM,10.0,0,0.0,Male,25 - 45,1456,f,1,0.0,324.0,African-American,10.0,27.0,6
0,Low,0.0,0,0.0,Male,25 - 45,9460,M,0,0.0,480.0,hispanic,0.0,40.0,3
1,Low,3.0,1,2.0,Male,Less than 25,8942,M,1,0.0,264.0,Caucasian,3.0,22.0,4
0,Medium,0.0,0,0.0,Female,25 - 45,5364,M,0,0.0,324.0,Caucasian,0.0,27.0,5
0,High,6.0,0,0.0,Male,25 - 45,4824,M,0,0.0,372.0,African-American,6.0,31.0,8
0,Low,,0,0.0,Male,Greater than 45,1646,M,0,0.0,564.0,Hispanic,,47.0,1
0,low,0.0,0,0.0,Female,Greater than 45,7555,M,0,0.0,768.0,Caucasian,0.0,64.0,1
0,Low,0.0,0,0.0,male,Greater than 45,4130,F,0,0.0,684.0,Caucasian,0.0,57.0,1
0,Low,4.0,0,0.0,Male,25 - 45,5314,F,0,0.0,396.0,African-American,4.0,33.0,2
0,Medium,1.0,0,0.0,Female,Less than 25,8686,M,0,0.0,252.0,Caucasian,1.0,21.0,7
0,High,4.0,0,0.0,Male,25 - 45,3326,F,0,0.0,396.0,African-American,4.0,33.0,10
1,High,3.0,1,2.0,Male,Less than 25,653,F,1,0.0,288.0,Caucasian,3.0,24.0,8
0,Low,1.0,0,0.0,Male,25 - 45,8889,F,0,0.0,432.0,?,1.0,36.0,2
3,Low,0.0,0,3.0,n/a,Less than 25,10698,F,1,0.0,288.0,African-American,0.0,24.0,3
0,High,3.0,0,0.0,Male,Greater than 45,2349,F,0,0.0,540.0,African-American,3.0,45.0,9
0,High,10.0,0,0.0,Male,25 - 45,2606,F,0,0.0,324.0,African-American,10.0,27.0,9
0,Medium,0.0,0,0.0,Male,Less than 25,2667,f,0,0.0,288.0,Caucasian,0.0,24.0,5
0,Low,0.0,0,0.0,Male,Greater than 45,2780,M,0,,696.0,Caucasian,0.0,58.0,1
1,Low,1.0,0,1.0,Male,25 - 45,2829,F,0,0.0,300.0,Hispanic,1.0,25.0,3
0,High,0.0,0,0.0,Male,Less than 25,1625,,1,0.0,252.0,African-American,0.0,21.0,10
0,High,1.0,0,0.0,Female,25 - 45,317,F,0,0.0,336.0,African-American,1.0,28.0,9
0,Medium,0.0,0,0.0,Male,25 - 45,6073,F,0,0.0,504.0,Caucasian,0.0,42.0,5
0,Medium,9.0,0,0.0,Male,25 - 45,4794,F,1,0.0,336.0,African-American,9.0,28.0,7
0,Low,0.0,0,0.0,Male,25 - 45,2482,M,0,0.0,360.0,African-American,0.0,30.0,1
0,LOW,0.0,0,0.0,Male,Less than 25,4450,F,0,0.0,252.0,African-American,0.0,21.0,3
0,Medium,10.0,0,0.0,Male,25 - 45,8326,F,1,0.0,312.0,Caucasian,10.0,26.0,5
0,Low,0.0,0,0.0,Male,25 - 45,1562,F,0,0.0,312.0,Hispanic,0.0,26.0,3
0,Low,1.0,0,0.0,Male,25 - 45,163,F,0,0.0,516.0, Caucasian,1.0,43.0,1
0,Low,5.0,0,0.0,Male,25 - 45,24,F,1,0.0,372.0,Caucasian,5.0,31.0,3
0,Low,0.0,0,0.0,Male,Greater than 45,9774,M,1,0.0,552.0,Caucasian,0.0,46.0,2
0,Medium,2.0,0,0.0,Male,25 - 45,2959,M,0,0.0,312.0,African-American,2.0,26.0,7
0,Medium,1.0,0,0.0,Male,25 - 45,2548,F,1,0.0,360.0,African-American,1.0,30.0,6
0,Low,1.0,0,0.0,Male,25 - 45,4388,F,1,0.0,312.0,Caucasian,1.0,26.0,3
0,Low,1.0,0,0.0,Male,25 - 45,10510,F,0,0.0,468.0,Caucasian,1.0,39.0,1
0,Low,1.0,0,0.0,Male,25 - 45,8075,F,0,0.0,300.0,African-American,1.0,25.0,3
0,Low,2.0,0,0.0,Male,25 - 45,9245,M,0,0.0,312.0,African-American,2.0,26.0,3
0,High,3.0,0,0.0,Male,25 - 45,7144,M,0,0.0,408.0,African-American,3.0,34.0,9
1,High,4.0,1,2.0,Male,Less than 25,959,,1,0.0,,African-American,4.0,,9
0,Low,,0,0.0,Male,Greater than 45,260,F,0,0.0,744.0,African-American,,62.0,4
1,High,22.0,2,5.0,Male,25 - 45,272,F,1,2.0,456.0,African-American,22.0,38.0,8
0,Low,2.0,0,0.0,Male,Greater than 45,7692,M,0,0.0,540.0,Caucasian,2.0,45.0,4
0,Medium,6.0,0,0.0,Male,25 - 45,1272,F,1,0.0,444.0,African-American,6.0,37.0,5
0,Medium,17.0,1,1.0,Male,25 - 45,1542,M,1,0.0,420.0,African-American,17.0,35.0,7
0,Medium,3.0,0,0.0,Male,25 - 45,503,F,1,0.0,336.0,African-American,3.0,28.0,6
0,Low,1.0,0,0.0,Male,25 - 45,6503,F,1,0.0,444.0,Hispanic,1.0,37.0,2
0,Medium,4.0,0,0.0,Female,25 - 45,6947,F,1,0.0,336.0,African-American,4.0,28.0,5
0,Medium,2.0,0,0.0, Male,Less than 25,8744,F,1,0.0,264.0,African-American,2.0,22.0,7
0,Low,3.0,0,0.0,Male,25 - 45,651,F,0,0.0,312.0,African-American,3.0,26.0,4
0,Medium,10.0,0,1.0,Male,Greater than 45,3616,F,1,1.0,576.0,African-American,10.0,48.0,7
0,High,,0,0.0,Male,Greater than 45,1001,F,0,0.0,564.0,African-American,,47.0,9
0,Low,0.0,0,0.0,Female,Greater than 45,9593,F,0,0.0,552.0,Caucasian,0.0,46.0,1
0,Low,1.0,0,0.0,MALE,Greater than 45,851,Misdemeanor,0,0.0,756.0,Caucasian,1.0,63.0,1
0,Low,1.0,0,0.0,Male,25 - 45,1087,F,1,0.0,312.0,Caucasian,1.0,26.0,2
0,Medium,4.0,0,0.0,Male,25 - 45,3981,M,1,0.0,516.0,African-American,4.0,43.0,5
0,Low,0.0,0,0.0, Male,Greater than 45,2687,M,0,0.0,648.0,Caucasian,0.0,54.0,1
1,Medium,0.0,0,1.0,Male,Less than 25,3542,F,1,0.0,240.0,Caucasian,0.0,20.0,6
0,Low,250,0,0.0,Female,Greater than 45,4494,F,0,0.0,588.0,African-American,250,49.0,1
0,Low,0.0,0,0.0,Male,25 - 45,2943,F,0,0.0,504.0,Caucasian,0.0,42.0,1
0,Low,0.0,0,0.0,Male,25 - 45,5561,F,0,0.0,,African-American,0.0,,1
0,Low,1.0,0,0.0,Male,Greater than 45,8641,M,0,0.0,924.0,Caucasian,1.0,77.0,1
0,Low,0.0,0,0.0,Female,25 - 45,1881,m,1,,504.0,African-American,0.0,42.0,1
0,Low,1.0,0,0.0,Male,Greater than 45,2475,F,0,0.0,576.0,Other,1.0,48.0,1
0,Medium,1.0,0,0.0,Male,Less than 25,10386,,0,0.0,264.0,Caucasian,1.0,22.0,7
0,Low,0.0,0,0.0,Male,25 - 45,5272,f,0,0.0,504.0,Caucasian,0.0,42.0,1
1,Low,0.0,0,1.0,male,Less than 25,3110,M,1,0.0,252.0,Caucasian,0.0,21.0,4
0,Low,0.0,0,0.0,Male,25 - 45,6341,M,0,0.0,432.0,Other,0.0,36.0,1
0,Medium,2.0,0,0.0,Female,25 - 45,9980,F,1,0.0,492.0,African-American,2.0,41.0,6
1,Medium,11.0,0,1.0,Male,25 - 45,10678,F,1,0.0,396.0,Hispanic,11.0,33.0,6
0,Low,0.0,0,0.0,Male,25 - 45,2147,f,0,0.0,372.0,African-American,0.0,31.0,2
0,Medium,0.0,0,0.0,Male,25 - 45,641,M,1,0.0,348.0,Caucasian,0.0,29.0,6
0,High,6.0,0,0.0,Male,Less than 25,10621,F,1,0.0,276.0,Other,6.0,23.0,8
0,High,3.0,0,0.0,male,Less than 25,4377,F,1,0.0,276.0,African-American,3.0,23.0,8
0,Low,0.0,0,0.0,Male,25 - 45,3246,M,0,0.0,360.0,Caucasian,0.0,30.0,3
1,Medium,1.0,0,1.0,Male,Less than 25,7772,,1,0.0,288.0,African American,1.0,24.0,6
0,Low,1.0,0,0.0,Male,25 - 45,9864,M,1,0.0,348.0,African-American,1.0,29.0,1
0,Low,8.0,0,0.0,Male,Greater than 45,4461,F,0,0.0,768.0,Caucasian,8.0,64.0,1
0,Medium,15.0,0,0.0,Male,Greater than 45,2155,F,0,0.0,684.0,CAUCASIAN,15.0,57.0,7
0,Medium,3.0,0,0.0,Male,25 - 45,1747,M,0,0.0,372.0,caucasian,3.0,31.0,5
0,Low,0.0,0,0.0,Male,Less than 25,9214,F,0,0.0,276.0,African-American,0.0,23.0,4
0,Low,3.0,0,0.0,Female,Greater than 45,8877,F,0,0.0,672.0,Caucasian,3.0,56.0,1
0,Low,0.0,0,0.0,Male,Less than 25,2294,,0,0.0,276.0,Caucasian,0.0,23.0,3
1,high,7.0,3,4.0,Female,Less than 25,5778,M,1,0.0,276.0,Hispanic,7.0,23.0,8
0,Low,0.0,0,0.0,Male,Less than 25,2655,F,0,0.0,264.0,african-american,0.0,22.0,3
0,Low,2.0,0,0.0,Male,25 - 45,7099,f,0,0.0,408.0,African-American,2.0,34.0,2
0,Medium,0.0,0,0.0, Male,Less than 25,2495,F,0,0.0,252.0,Caucasian,0.0,21.0,5
0,Medium,0.0,0,0.0,Male,Less than 25,4165,F,0,0.0,264.0,African-American,0.0,22.0,7
0,Low,0.0,0,0.0,Female,25 - 45,6554,F,0,0.0,312.0,African-American,0.0,26.0,4
0,Low,0.0,0,0.0,Male,25 - 45,7332,F,1,0.0,444.0,Other,0.0,37.0,1
0,Low,,0,0.0,Female,Greater than 45,399,Felony,0,0.0,624.0,African-American,,52.0,1
0,Low,1.0,0,0.0,MALE,Less than 25,1674,F,0,0.0,288.0,African-American,1.0,24.0,2
0,Low,0.0,0,0.0,Male,Less than 25,4568,F,1,0.0,288.0,Caucasian,0.0,24.0,2
0,Low,0.0,0,0.0,Female,Less than 25,7467,M,0,0.0,252.0,Other,0.0,21.0,4
2,High,15.0,0,3.0,Male,25 - 45,2250,F,1,1.0,360.0,African-American,15.0,30.0,10
0,Low,2.0,0,0.0,Male,25 - 45,298,M,1,0.0,432.0,Other,2.0,36.0,3
0,Low,1.0,0,0.0,Male,Less than 25,4323,M,1,0.0,276.0,African-American,1.0,23.0,3
0,Low,0.0,0,0.0,Male,25 - 45,7581,M,1,0.0,324.0,African-American,0.0,27.0,1
0,Low,1.0,0,0.0,Female,Greater than 45,2033,F,0,0.0,756.0,African-American,1.0,63.0,4
0,Low,3.0,0,0.0,Male,Greater than 45,2221,M,1,0.0,732.0,Caucasian,3.0,61.0,2
0,Low,0.0,0,0.0,Female,25 - 45,2162,M,0,0.0,444.0,African-American,0.0,37.0,4
1,High,4.0,0,1.0,Male,25 - 45,8360,F,1,0.0,300.0,african-american,4.0,25.0,9
0,Low,1.0,0,0.0,Male,25 - 45,1066,F,0,0.0,480.0,caucasian,1.0,40.0,2
0,Medium,0.0,0,0.0,Female,Less than 25,7447,M,0,0.0,288.0,African-American,0.0,24.0,7
0,Medium,3.0,0,0.0,Female,25 - 45,2212,F,1,0.0,312.0,African-American,3.0,26.0,5
0,Low,1.0,0,0.0,Male,Less than 25,13,F,1,0.0,252.0,Caucasian,1.0,21.0,3
0,Low,0.0,0,0.0,Female,25 - 45,6226,M,1,0.0,528.0,Caucasian,0.0,44.0,1
0,Medium,2.0,0,0.0,Male,25 - 45,584,F,0,0.0,420.0,African-American,2.0,35.0,5
0,Medium,8.0,0,0.0,?,25 - 45,10539,M,1,0.0,384.0,Caucasian,8.0,32.0,5
0,Low,1.0,0,0.0,male,25 - 45,7188,M,0,0.0,300.0,African-American,1.0,25.0,4
0,Low,0.0,0,0.0,Female,Less than 25,6500,F,0,0.0,288.0,Caucasian,0.0,24.0,4
0,Low,1.0,0,1.0,Male,Less than 25,9538,F,1,1.0,240.0,African-American,1.0,20.0,3
0,Low,0.0,0,0.0,Male,Greater than 45,4579,F,1,0.0,624.0,African-American,0.0,52.0,4
0,Medium,8.0,0,0.0,Male,Greater than 45,7148,F,0,0.0,540.0,Hispanic,8.0,45.0,7
1,Low,4.0,0,1.0,Female,25 - 45,5455,F,0,0.0,384.0,caucasian,4.0,32.0,2
0,Medium,2.0,0,0.0,Female,Less than 25,10604,F,1,0.0,264.0,Caucasian,2.0,22.0,6
0,HIGH,7.0,1,1.0,Male,25 - 45,8959,F,1,0.0,396.0,Other,7.0,33.0,8
0,High,0.0,0,0.0,Male,Less than 25,2006,F,1,0.0,264.0,African-American,0.0,22.0,8
0,Low,3.0,0,0.0,Male,25 - 45,6633,F,0,0.0,360.0,Caucasian,3.0,30.0,4
0,Low,,0,0.0,Male,Greater than 45,4774,M,0,0.0,732.0,Caucasian,,61.0,1
0,Medium,6.0,0,0.0,Female,25 - 45,10059,F,0,0.0,516.0,african-american,6.0,43.0,7
0,Medium,1.0,0,0.0,Male,Less than 25,10538,M,0,0.0,276.0,African-American,1.0,23.0,6
0,Low,0.0,0,0.0,Male,Less than 25,7015,Felony,0,0.0,276.0,?,0.0,23.0,2
0,Low,0.0,0,0.0,Male,25 - 45,10490,F,1,0.0,324.0,Caucasian,0.0,27.0,2
0,Low,4.0,0,0.0,Male,Greater than 45,10922,m,0,0.0,612.0,Caucasian,4.0,51.0,1
0,Low,0.0,0,0.0,Male,25 - 45,1486,F,0,0.0,300.0,Hispanic,0.0,25.0,3
0,High,16.0,0,3.0,Male,25 - 45,8140,F,1,3.0,372.0,African-American,16.0,31.0,10
0,Medium,3.0,0,0.0,Male,25 - 45,7460,M,1,0.0,360.0,Hispanic,3.0,30.0,5
0,High,8.0,0,0.0,Male,Less than 25,864,F,0,0.0,288.0,Hispanic,8.0,24.0,8
0,Low,0.0,0,0.0,Female,Greater than 45,10670,F,0,0.0,540.0,African-American,0.0,45.0,1
0,Medium,6.0,0,0.0,Female ,25 - 45,8760,F,1,0.0,300.0,African-American,6.0,25.0,7
0,High,4.0,0,0.0,Male,25 - 45,7073,M,1,0.0,372.0,African-American,4.0,31.0,10
0,Low,1.0,0,0.0,Male,25 - 45,5316,M,1,0.0,312.0,African-American,1.0,26.0,3
0,High,4.0,1,1.0,Male,Less than 25,4955,F,1,0.0,276.0,African-American,4.0,23.0,9
0,High,1.0,0,1.0,Male,Less than 25,8282,F,1,1.0,252.0,Hispanic,1.0,21.0,8
0,Medium,2.0,0,0.0,Male,25 - 45,9871,F,0,0.0,468.0,Caucasian,2.0,39.0,6
0,Low,0.0,0,0.0,Male,Greater than 45,5108,m,0,0.0,660.0,Caucasian,0.0,55.0,1
0,Low,1.0,0,0.0,Female,Greater than 45,240,F,0,0.0,552.0,?,1.0,46.0,2
0,Low,1.0,0,0.0,Female,Greater than 45,5726,m,1,0.0,576.0,?,1.0,48.0,1
0,Low,0.0,0,0.0,Male,25 - 45,7597,M,0,0.0,372.0,Other,0.0,31.0,1
0,Medium,2.0,0,0.0,Female,Less than 25,4439,,0,0.0,264.0,caucasian,2.0,22.0,5
0,Low,2.0,0,0.0,Male,25 - 45,392,M,0,0.0,372.0,Caucasian,2.0,31.0,4
0,Low,1.0,0,0.0,Male,25 - 45,5976,F,1,0.0,336.0,Caucasian,1.0,28.0,1
0,Medium,-,0,0.0, Male,Greater than 45,3976,F,1,0.0,576.0,African-American,-,48.0,7
0,Medium,0.0,0,0.0,Female,Greater than 45,1752,F,0,0.0,720.0,Caucasian,0.0,60.0,7
0,Medium,2.0,0,0.0,Male,25 - 45,3987,F,1,0.0,300.0,Caucasian,2.0,25.0,5
0,High,0.0,0,0.0,Female,25 - 45,310,F,0,,336.0,African American,0.0,28.0,8
0,Low,0.0,0,0.0,Female,Less than 25,6527,M,0,0.0,276.0,African-American,0.0,23.0,2
0,LOW,0.0,0,0.0,Male,25 - 45,6808,F,0,0.0,384.0,Other,0.0,32.0,1
0,Low,0.0,0,0.0, Male,Less than 25,6859,F,1,0.0,,Caucasian,0.0,,4
0,Low,0.0,0,0.0,Female,Greater than 45,1557,F,0,0.0,648.0,African-American,0.0,54.0,1
0,Medium,0.0,0,0.0,Male,25 - 45,9494,F,0,0.0,336.0,Caucasian,0.0,28.0,7
0,Medium,5.0,0,0.0,Female,25 - 45,6534,F,0,0.0,396.0,African-American,5.0,33.0,7
0,Medium,0.0,0,0.0,Female,25 - 45,8791,M,0,0.0,348.0,Caucasian,0.0,29.0,6
0,High,1.0,0,0.0,Female,25 - 45,1138,M,0,0.0,300.0,african-american,1.0,25.0,9
0,Low,0.0,0,0.0,Male,25 - 45,7847,M,0,0.0,360.0,Caucasian,0.0,30.0,1
0,Low,2.0,0,0.0,Male,25 - 45,208,M,1,0.0,528.0,Caucasian,2.0,44.0,2
0,Low,1.0,0,0.0,Female,Greater than 45,7574,M,0,0.0,600.0,Caucasian,1.0,50.0,1
0,High,16.0,0,0.0,Male,25 - 45,8873,F,1,0.0,348.0,African-American,16.0,29.0,10
0,Low,1.0,0,0.0,Male,25 - 45,7157,M,0,0.0,324.0,Hispanic,1.0,27.0,2
0,Low,0.0,0,0.0,Female,Less than 25,4419,F,0,0.0,240.0,Caucasian,0.0,20.0,3
0,medium,2.0,0,0.0,Male,25 - 45,8764,F,0,0.0,324.0,African-American,2.0,27.0,6
0,Low,0.0,0,0.0,Male,25 - 45,1862,M,1,0.0,348.0,African-American,0.0,29.0,2
0,Medium,1.0,0,0.0,Male,25 - 45,7640,F,1,0.0,444.0,Caucasian,1.0,37.0,7
0,medium,2.0,0,0.0,Male,Less than 25,9300,f,1,0.0,288.0,-,2.0,24.0,5
0,Medium,0.0,0,0.0,Male,25 - 45,2961,F,1,0.0,396.0,African-American,0.0,33.0,5
0,Low,0.0,0,0.0,Female,25 - 45,6937,F,0,0.0,348.0,Caucasian,0.0,29.0,4
0,Low,3.0,0,0.0,Male,25 - 45,2619,F,0,0.0,324.0,African-American,3.0,27.0,3
0,Low,5.0,0,0.0,Male,25 - 45,2520,F,1,0.0,348.0,African-American,5.0,29.0,3
1,Medium,5.0,0,1.0,Male,25 - 45,887,F,1,0.0,360.0,African-American,5.0,30.0,6
3,Medium,0.0,0,3.0,Male,Less than 25,4432,,0,0.0,264.0,Caucasian,0.0,22.0,7
0,Low,1.0,0,0.0,Female,25 - 45,4891,F,0,0.0,324.0,-,1.0,27.0,4
0,Low,1.0,0,0.0,Male,25 - 45,8381,m,0,0.0,420.0,African-American,1.0,35.0,4
0,Low,0.0,0,0.0,Male,Less than 25,4496,F,0,0.0,288.0,African American,0.0,24.0,3
0,High,1.0,0,0.0,Male,25 - 45,4848,M,0,0.0,360.0,African-American,1.0,30.0,8
0,Medium,0.0,0,0.0,Male,Greater than 45,2372,F,0,0.0,,African-American,0.0,,7
0,Medium,3.0,0,0.0,Male,25 - 45,7846,F,1,0.0,300.0,-,3.0,25.0,6
0,Low,8.0,0,0.0,Male,Greater than 45,2430,F,1,0.0,648.0,African-American,8.0,54.0,1
0,High,20.0,0,0.0,Female,25 - 45,7437,F,1,0.0,,Caucasian,20.0,,10
0,Low,0.0,0,0.0,Male,25 - 45,70,F,0,0.0,348.0,African-American,0.0,29.0,4
0,Low,,0,0.0,Female,Greater than 45,7538,F,0,0.0,588.0,African American,,49.0,1
0,Low,1.0,0,0.0,Male,Greater than 45,7605,M,1,0.0,588.0,African-American,1.0,49.0,1
0,Low,1.0,0,0.0,Male,25 - 45,8121,F,0,0.0,480.0,African-American,1.0,40.0,1
0,Medium,2.0,0,0.0,Male,Greater than 45,9589,M,0,0.0,600.0,African-American,2.0,50.0,6
0,High,1.0,0,0.0,Male,25 - 45,4428,M,0,0.0,420.0, African-American,1.0,35.0,9
0,Low,0.0,0,0.0,Male,Greater than 45,4965,M,0,0.0,576.0,Other,0.0,48.0,1
0,Low,0.0,0,0.0,Male,25 - 45,3329,Misdemeanor,1,0.0,516.0,?,0.0,43.0,4
0,Low,2.0,0,0.0,?,25 - 45,3842,F,0,0.0,420.0,Hispanic,2.0,35.0,1
0,High,9.0,0,0.0,Male,Greater than 45,2824,F,1,0.0,636.0,Hispanic,9.0,53.0,8
0,Low,5.0,0,0.0,Male,Less than 25,2133,F,1,0.0,264.0,Other,5.0,22.0,4
0,Low,0.0,0,0.0,Male,Less than 25,1127,F,0,0.0,276.0,African-American,0.0,23.0,2
0,Medium,9.0,0,0.0,Male,25 - 45,9889,F,0,0.0,420.0,African-American,9.0,35.0,6
0,Low,1.0,0,0.0,Male,Greater than 45,5520,F,0,0.0,600.0,Caucasian,1.0,50.0,1
0,High,16.0,0,0.0,Male,25 - 45,4225,F,1,0.0,408.0,African-American,16.0,34.0,9
2,High,3.0,2,5.0,Male,Less than 25,3398,,1,1.0,252.0,African-American,3.0,21.0,10
0,Low,9.0,1,1.0,Male,25 - 45,5298,M,0,0.0,336.0,Caucasian,9.0,28.0,4
1,Low,10.0,0,1.0,Male,25 - 45,2392,F,1,0.0,456.0,African-American,10.0,38.0,4
0,High,,0,0.0,Male,Greater than 45,7495,M,0,0.0,588.0,Caucasian,,49.0,8
1,Medium,3.0,0,1.0,Male,25 - 45,6722,M,0,0.0,408.0,Caucasian,3.0,34.0,5
0,High,15.0,2,2.0,Male,25 - 45,3359,f,1,0.0,372.0,African-American,15.0,31.0,9
0,Low,2.0,0,0.0,Male,Less than 25,3780,M,0,0.0,288.0,Caucasian,2.0,24.0,3
0,Low,1.0,0,0.0,Male,25 - 45,7874,F,1,0.0,312.0,Caucasian,1.0,26.0,2
0,Low,7.0,0,0.0,Male,Greater than 45,1990,F,1,0.0,,?,7.0,,1
0,High,5.0,0,0.0,Male,25 - 45,9441,M,1,0.0,396.0,African-American,5.0,33.0,9
0,Medium,11.0,0,0.0,Male,25 - 45,2425,F,1,0.0,516.0,Caucasian,11.0,43.0,7
0,Low,1.0,0,0.0,Female,25 - 45,5255,F,0,0.0,420.0,African-American,1.0,35.0,1
0,Medium,1.0,0,0.0,Male,25 - 45,7747,M,0,0.0,336.0,Hispanic,1.0,28.0,7
0,Low,4.0,0,0.0,Female,Greater than 45,971,F,1,0.0,696.0,African-American,4.0,58.0,2
0,Low,4.0,0,0.0,Male,25 - 45,4362,F,1,0.0,480.0,Other,4.0,40.0,1
0,Medium,5.0,0,0.0,Male,25 - 45,7259,M,0,0.0,312.0,Caucasian,5.0,26.0,5
0,Low,-,0,0.0,Male,25 - 45,1538,F,0,0.0,528.0,caucasian,-,44.0,3
0,Low,2.0,0,0.0,Female,Greater than 45,9465,F,0,0.0,660.0,African-American,2.0,55.0,1
0,Low,4.0,0,0.0,Male,25 - 45,7240,M,0,0.0,396.0,African-American,4.0,33.0,3
0,High,6.0,0,0.0,Male,25 - 45,2527,Felony,1,0.0,408.0,African-American,6.0,34.0,9
0,Medium,3.0,0,0.0,Male,Less than 25,2900,M,0,0.0,288.0,African-American,3.0,24.0,7
0,High,15.0,0,0.0,Male,25 - 45,320,F,0,0.0,456.0,African-American,15.0,38.0,9
0,Medium,1.0,0,0.0,Male,Greater than 45,3834,F,0,0.0,756.0,African-American,1.0,63.0,6
0,Low,0.0,0,0.0,Female,25 - 45,6002,M,0,0.0,420.0,African-American,0.0,35.0,2
0,High,0.0,0,0.0,Male,Less than 25,2448,F,1,0.0,252.0,African-American,0.0,21.0,8
0,High,2.0,0,2.0,Male,Less than 25,2993,F,1,2.0,240.0,Hispanic,2.0,20.0,8
0,High,8.0,0,0.0,Male,25 - 45,2283,M,1,0.0,300.0,African-American,8.0,25.0,10
0,High,1.0,0,0.0,Male,Less than 25,8325,,1,0.0,252.0,African-American,1.0,21.0,10
0,Low,3.0,0,0.0,Male,25 - 45,10525,F,1,0.0,468.0,African-American,3.0,39.0,4
0,Low,0.0,0,0.0,Male,25 - 45,6573,F,1,0.0,300.0,Other,0.0,25.0,2
1,High,1.0,0,1.0,MALE,25 - 45,4673,m,0,0.0,300.0,African-American,1.0,25.0,8
0,High,9.0,1,3.0,Male,25 - 45,1786,M,0,2.0,492.0,African-American,9.0,41.0,9
0,Medium,4.0,0,1.0,Male,Less than 25,9210,F,1,1.0,288.0,Hispanic,4.0,24.0,6
0,Medium,4.0,0,0.0,Male,25 - 45,9253,F,0,0.0,480.0,Caucasian,4.0,40.0,7
0,Low,1.0,0,0.0,Male,25 - 45,771,F,0,0.0,420.0,Caucasian,1.0,35.0,2
0,Low,0.0,0,0.0,Male,25 - 45,7729,F,0,0.0,468.0,Hispanic,0.0,39.0,1
0,Low,5.0,0,0.0,Male,25 - 45,438,F,1,0.0,408.0,African-American,5.0,34.0,4
0,Low,9.0,0,0.0,Male,Greater than 45,2104,Felony,0,0.0,672.0,Other,9.0,56.0,1
0,Low,3.0,0,0.0,Male,Greater than 45,6239,F,0,0.0,612.0,African-American,3.0,51.0,1
0,High,5.0,0,0.0,Male,25 - 45,5579,F,0,0.0,516.0,African-American,5.0,43.0,9
0,High,4.0,0,0.0,Male,25 - 45,5932,F,1,0.0,432.0,Caucasian,4.0,36.0,8
0,Low,-,0,0.0,Male,Greater than 45,1088,F,0,0.0,744.0,Caucasian,-,62.0,1
0,Low,1.0,0,0.0,Male,25 - 45,504,F,1,0.0,360.0,Other,1.0,30.0,2
0,Low,4.0,0,0.0,Male,Greater than 45,10345,F,0,0.0,552.0,African-American,4.0,46.0,1
0,Medium,1.0,0,0.0,Male,Less than 25,3005,F,0,0.0,252.0,African-American,1.0,21.0,6
0,Low,0.0,0,0.0,Female,25 - 45,5532,M,1,0.0,,Hispanic,0.0,,1
0,Medium,1.0,0,0.0,Female,25 - 45,6629,M,1,0.0,336.0,Caucasian,1.0,28.0,5
0,Low,0.0,0,0.0,Female,Less than 25,4812,M,0,0.0,264.0,Caucasian,0.0,22.0,9
0,Medium,2.0,0,0.0,Male,Less than 25,5723,M,1,0.0,264.0,African-American,2.0,22.0,6
0,Low,1.0,0,0.0,Male,Greater than 45,325,F,0,0.0,732.0,Caucasian,1.0,61.0,1
2,Medium,0.0,0,2.0,Male,25 - 45,4136,F,0,0.0,312.0,African-American,0.0,26.0,5
0,Low,0.0,0,0.0,Male,25 - 45,389,F,0,0.0,468.0,Other,0.0,39.0,1
0,Low,0.0,0,0.0,Female,25 - 45,4748,m,0,0.0,360.0,African-American,0.0,30.0,3
0,Low,0.0,0,0.0,Male,25 - 45,323,M,0,0.0,336.0,Hispanic,0.0,28.0,2
0,Low,,0,0.0,Male,Greater than 45,10159,F,0,0.0,588.0,Caucasian,,49.0,1
0,Medium,27.0,1,1.0,Male,25 - 45,5346,M,0,0.0,408.0,African-American,27.0,34.0,7
0,High,8.0,0,0.0,Male,25 - 45,7077,F,1,0.0,372.0,African-American,8.0,31.0,9
0,Medium,9.0,0,0.0,Female,25 - 45,5575,F,1,0.0,348.0,African-American,9.0,29.0,7
0,medium,16.0,1,1.0,Male,25 - 45,7624,F,1,0.0,420.0,Caucasian,16.0,35.0,6
0,Low,,0,0.0,Male,Greater than 45,7236,F,0,,900.0,Hispanic,,75.0,1
0,Medium,0.0,0,0.0,Female,25 - 45,9233,F,0,0.0,444.0,African-American,0.0,37.0,5
0,Low,0.0,0,0.0,Male,Less than 25,10272,M,0,0.0,264.0,African-American,0.0,22.0,4
0,High,11.0,0,0.0,Male,25 - 45,334,F,1,0.0,324.0,African-American,11.0,27.0,10
0,High,1.0,0,0.0,Male,Less than 25,4307,,0,0.0,252.0,African-American,1.0,21.0,8
0,High,8.0,0,0.0,Male,25 - 45,10531,F,1,0.0,480.0,Caucasian,8.0,40.0,8
0,Medium,0.0,0,0.0,Male,25 - 45,8134,M,1,0.0,348.0,Caucasian,0.0,29.0,7
0,High,0.0,0,0.0,Male,Less than 25,469,F,1,0.0,240.0,AFRICAN-AMERICAN,0.0,20.0,10
0,Medium,2.0,0,0.0,Male,Less than 25,10835,F,0,0.0,276.0,Hispanic,2.0,23.0,5
0,Low,1.0,0,0.0,Male,Greater than 45,2381,F,1,0.0,576.0,Hispanic,1.0,48.0,1
0,Low,1.0,0,0.0,Male,25 - 45,8452,M,0,0.0,324.0,Caucasian,1.0,27.0,3
0,High,14.0,0,0.0,Female,25 - 45,3759,f,0,0.0,372.0,African-American,14.0,31.0,8
1,High,8.0,1,2.0,Male,Less than 25,9857,F,1,0.0,276.0,African-American,8.0,23.0,9
0,Medium,1.0,0,0.0,Female,Less than 25,1645,F,1,0.0,264.0,African-American,1.0,22.0,6
0,High,3.0,0,0.0,Male,25 - 45,8803,F,0,0.0,336.0,Hispanic,3.0,28.0,8
0,High,5.0,0,0.0,Male,25 - 45,9892,f,1,0.0,324.0,African-American,5.0,27.0,10
0,MEDIUM,2.0,0,0.0,Male,Less than 25,2870,M,1,0.0,288.0,African-American,2.0,24.0,7
0,Low,2.0,0,0.0,Male,25 - 45,4397,F,1,0.0,444.0,African-American,2.0,37.0,4
0,Low,1.0,0,0.0,Female,Greater than 45,2599,M,0,0.0,540.0,Native American,1.0,45.0,2
0,Low,1.0,0,0.0,Male,Greater than 45,2534,F,1,0.0,588.0,Caucasian,1.0,49.0,1
0,Medium,14.0,0,0.0,Male,25 - 45,7968,F,1,0.0,492.0,African-American,14.0,41.0,6
0,Medium,1.0,0,0.0,Female,Less than 25,4636,,1,,240.0,African-American,1.0,20.0,6
0,High,0.0,0,0.0,Male,Less than 25,5083,m,1,0.0,252.0,Hispanic,0.0,21.0,10
0,Low,1.0,0,0.0,Male,Less than 25,6224,F,0,0.0,,Hispanic,1.0,,4
0,Low,1.0,0,0.0,MALE,25 - 45,923,m,0,0.0,516.0,African-American,1.0,43.0,1
0,Low,0.0,0,0.0,Male,25 - 45,7420,F,1,0.0,348.0,Caucasian,0.0,29.0,2
0,Low,N/A,0,0.0,Male,Greater than 45,1061,F,0,0.0,552.0,African-American,N/A,46.0,1
0,Low,2.0,0,0.0,Male,25 - 45,5923,f,0,0.0,348.0, Caucasian,2.0,29.0,2
0,high,23.0,0,0.0,Male,25 - 45,3189,F,1,,396.0,African-American,23.0,33.0,9
0,Low,8.0,0,0.0,Male,Greater than 45,7891,M,1,0.0,612.0,African-American,8.0,51.0,1
0,Low,2.0,0,0.0,Female,Greater than 45,3843,M,1,0.0,672.0,Hispanic,2.0,56.0,1
0,Medium,1.0,0,0.0,Male,Less than 25,6654,F,1,0.0,240.0,African-American,1.0,20.0,7
0,Medium,1.0,1,1.0,Male,Less than 25,6361,F,0,0.0,288.0,African-American,1.0,24.0,7
0,low,0.0,0,0.0,Male,Less than 25,806,F,0,0.0,288.0,Caucasian,0.0,24.0,2
0,High,20.0,0,0.0,Male,Greater than 45,4672,F,1,0.0,576.0,Caucasian,20.0,48.0,8
0,Medium,8.0,0,0.0,Male,Greater than 45,85,F,0,0.0,636.0,Caucasian,8.0,53.0,5
0,Low,1.0,0,0.0,Male,Less than 25,8303,F,0,0.0,288.0,African-American,1.0,24.0,4
1,High,0.0,0,1.0,male,Less than 25,604,M,1,0.0,264.0,African-American,0.0,22.0,9
0,Medium,0.0,0,0.0,male,Less than 25,2407,F,1,0.0,252.0,Hispanic,0.0,21.0,6
0,Medium,2.0,0,0.0,Male,25 - 45,2465,F,0,0.0,444.0,African-American,2.0,37.0,7
0,Medium,2.0,0,0.0,Male,25 - 45,6369,F,0,0.0,432.0,Caucasian,2.0,36.0,5
0,Medium,1.0,1,1.0,Female,Less than 25,8656,M,0,0.0,264.0,African-American,1.0,22.0,6
0,High,5.0,0,0.0,Male,25 - 45,1239,M,1,0.0,396.0,African-American,5.0,33.0,8
0,Low,1.0,0,0.0,Male,Less than 25,4112,F,0,0.0,252.0,African-American,1.0,21.0,3
0,Medium,1.0,0,0.0,MALE,Less than 25,6701,F,0,0.0,276.0,African-American,1.0,23.0,5
1,High,1.0,0,1.0,Male,Less than 25,6096,M,1,,240.0,African-American,1.0,20.0,9
0,LOW,0.0,0,0.0,Male,25 - 45,364,F,0,0.0,300.0, African-American,0.0,25.0,3
0,Low,0.0,0,0.0,Male,25 - 45,462,M,0,0.0,324.0,African-American,0.0,27.0,1
0,Low,2.0,0,0.0,Female,25 - 45,7355,M,0,0.0,420.0,Caucasian,2.0,35.0,3
0,Low,4.0,0,0.0,Male,25 - 45,1385,M,1,0.0,336.0,?,4.0,28.0,2
0,Medium,10.0,0,0.0,Male,25 - 45,8018,F,1,0.0,480.0,Caucasian,10.0,40.0,7
1,High,17.0,0,1.0,Male,25 - 45,6882,F,1,0.0,348.0,African-American,17.0,29.0,9
0,High,-,0,0.0,Male,Less than 25,429,M,1,0.0,252.0,African-American,-,21.0,9
0,Low,0.0,0,0.0,Male,Less than 25,3322,F,1,0.0,264.0,African-American,0.0,22.0,4
0,Low,0.0,0,0.0,Male,Less than 25,10375,M,1,0.0,276.0,African-American,0.0,23.0,4
0,Medium,2.0,0,0.0,Male,25 - 45,7127,M,0,0.0,300.0,Other,2.0,25.0,6
0,Low,0.0,0,0.0,Male,Greater than 45,9725,M,0,,576.0,Other,0.0,48.0,1
1,High,21.0,13,14.0,Male,25 - 45,4739,F,1,0.0,300.0,African-American,21.0,25.0,9
0,Low,1.0,0,0.0,Male,Greater than 45,3517,F,1,0.0,588.0,Hispanic,1.0,49.0,1
0,low,1.0,0,0.0,Female,25 - 45,5189,F,0,0.0,468.0,Caucasian,1.0,39.0,4
0,High,7.0,0,0.0,Male,Less than 25,5489,F,1,0.0,288.0,African-American,7.0,24.0,8
0,LOW,N/A,0,0.0,MALE,Greater than 45,2132,F,1,0.0,576.0,Other,N/A,48.0,1
0,Medium,3.0,1,3.0,Male,Less than 25,8315,M,1,2.0,288.0,African-American,3.0,24.0,6
0,Medium,4.0,0,0.0,Female,25 - 45,6006,F,0,0.0,468.0,African-American,4.0,39.0,6
0,Low,0.0,0,0.0,Female,25 - 45,7517,M,0,0.0,492.0,African-American,0.0,41.0,1
0,High,3.0,0,0.0,Female,25 - 45,4720,F,0,0.0,336.0,Caucasian,3.0,28.0,8
0,LOW,-,0,0.0,Male,25 - 45,4062,F,0,0.0,312.0,Caucasian,-,26.0,2
4,High,5.0,0,4.0,Male,25 - 45,2518,Felony,0,0.0,300.0,Hispanic,5.0,25.0,8
0,Low,0.0,0,0.0,Female,25 - 45,745,M,0,0.0,360.0,Caucasian,0.0,30.0,2
1,Medium,20.0,0,2.0,Male,Greater than 45,5809,M,0,1.0,540.0,African-American,20.0,45.0,7
0,High,7.0,0,0.0,Male,25 - 45,5098,F,1,0.0,324.0,African-American,7.0,27.0,9
0,Low,3.0,0,0.0,n/a,Greater than 45,5258,M,0,0.0,660.0,Caucasian,3.0,55.0,3
0,High,2.0,0,0.0,Female,Less than 25,8052,M,1,0.0,276.0,African-American,2.0,23.0,8
0,Low,0.0,0,0.0,Male,25 - 45,9242,F,0,0.0,456.0,CAUCASIAN,0.0,38.0,1
1,Medium,9.0,0,1.0,MALE,25 - 45,6256,M,1,0.0,384.0,African-American,9.0,32.0,7
0,Low,7.0,0,0.0,Male,25 - 45,7910,M,0,0.0,372.0,African-American,7.0,31.0,4
1,Low,2.0,0,1.0,Male,Less than 25,5725,F,1,0.0,264.0,African-American,2.0,22.0,3
0,Medium,2.0,0,0.0,Male,Less than 25,9732,,1,0.0,240.0,African-American,2.0,20.0,6
1,Low,0.0,0,1.0,Male,Less than 25,3371,F,0,0.0,264.0,African-American,0.0,22.0,3
0,medium,4.0,0,0.0,Male,25 - 45,8118,M,0,0.0,408.0,African-American,4.0,34.0,6
0,Low,0.0,0,0.0,Male,25 - 45,5633,M,0,0.0,444.0,African-American,0.0,37.0,2
0,High,7.0,0,0.0, Male,25 - 45,5657,F,1,0.0,384.0,African-American,7.0,32.0,9
3,High,7.0,1,4.0,Male,25 - 45,7216,F,1,0.0,384.0, African-American,7.0,32.0,8
0,Low,0.0,0,0.0,Male,Less than 25,2952,F,0,0.0,264.0,African-American,0.0,22.0,3
0,Medium,0.0,0,0.0, Male,Less than 25,4732,F,0,0.0,252.0,African-American,0.0,21.0,5
0,Medium,9.0,0,0.0,Male,25 - 45,4992,F,1,0.0,504.0,African-American,9.0,42.0,6
2,Low,0.0,0,2.0,Male,Less than 25,3925,F,1,,264.0,African-American,0.0,22.0,3
0,Medium,0.0,0,0.0,Female,Less than 25,8277,M,0,0.0,,Other,0.0,,6
0,Medium,0.0,0,0.0,Male,25 - 45,4002,M,0,0.0,,African-American,0.0,,5
0,Low,0.0,0,0.0,Female,25 - 45,4534,M,0,0.0,384.0,African-American,0.0,32.0,2
0,Medium,1.0,0,0.0,Male,25 - 45,180,M,0,0.0,372.0,African-American,1.0,31.0,7
0,High,10.0,1,6.0,Male,Less than 25,8821,F,1,5.0,288.0,African-American,10.0,24.0,10
2,Low,0.0,0,2.0,male,Less than 25,9143,F,0,0.0,240.0,Caucasian,0.0,20.0,2
1,Low,0.0,0,1.0,?,Less than 25,10656,F,0,0.0,240.0,African-American,0.0,20.0,4
0,Medium,1.0,0,0.0,Male,25 - 45,9074,F,0,0.0,408.0,African-American,1.0,34.0,7
0,Medium,0.0,0,0.0,Female,Less than 25,10607,M,1,0.0,252.0,Caucasian,0.0,21.0,5
0,Low,2.0,0,0.0,Male,25 - 45,439,F,0,0.0,360.0,African-American,2.0,30.0,1
0,Medium,0.0,0,0.0,Male,25 - 45,3422,F,1,0.0,420.0,Caucasian,0.0,35.0,5
0,Low,0.0,0,0.0,Female,25 - 45,8574,Misdemeanor,0,0.0,504.0,Caucasian,0.0,42.0,2
0,Medium,15.0,0,0.0,Female,Greater than 45,10410,F,0,0.0,732.0,Caucasian,15.0,61.0,6
0,Low,0.0,0,0.0,Female,Greater than 45,4567,M,0,0.0,564.0,African-American,0.0,47.0,2
0,Low,1.0,0,0.0,Male,25 - 45,8039,M,0,0.0,504.0,Caucasian,1.0,42.0,2
0,Low,1.0,0,0.0, Male,25 - 45,349,F,0,0.0,336.0,Caucasian,1.0,28.0,1
0,Low,5.0,0,0.0,Male,Greater than 45,5675,M,1,0.0,564.0,Caucasian,5.0,47.0,3
0,High,1.0,0,0.0,MALE,25 - 45,5631,M,0,0.0,432.0,Hispanic,1.0,36.0,9
0,Medium,1.0,0,0.0,Male,25 - 45,9416,F,0,0.0,312.0,African-American,1.0,26.0,5
0,High,10.0,1,1.0,Male,25 - 45,1065,F,1,0.0,324.0,African-American,10.0,27.0,8
0,Low,1.0,0,0.0,Male,Less than 25,1099,F,0,0.0,252.0,Caucasian,1.0,21.0,3
9,High,-,1,10.0,Male,Less than 25,4293,F,1,0.0,288.0,Other,-,24.0,10
0,Low,0.0,0,0.0,Female,25 - 45,10380,M,0,0.0,456.0,Other,0.0,38.0,1
0,Medium,0.0,0,0.0,Female,25 - 45,7347,f,0,0.0,300.0,African-American,0.0,25.0,7
0,Medium,0.0,0,0.0,Female,25 - 45,9444,F,0,0.0,300.0,Caucasian,0.0,25.0,5
0,Medium,0.0,0,0.0,Male,Greater than 45,9045,F,0,0.0,552.0,Caucasian,0.0,46.0,5
0,High,2.0,0,0.0,Male,25 - 45,9676,F,0,0.0,444.0,African-American,2.0,37.0,9
2,High,2.0,0,2.0,Male,Less than 25,5531,F,1,0.0,,Caucasian,2.0,,9
0,low,0.0,0,0.0,Female,Less than 25,5697,M,0,0.0,264.0,African-American,0.0,22.0,3
0,Low,1.0,0,0.0,male,25 - 45,5130,Felony,0,0.0,480.0,African-American,1.0,40.0,1
0,medium,2.0,0,0.0,Male,Greater than 45,9808,F,0,0.0,552.0,Caucasian,2.0,46.0,5
0,Low,1.0,0,0.0,Male,Greater than 45,2538,M,0,0.0,792.0,Caucasian,1.0,66.0,1
0,Low,1.0,0,0.0,Male,Less than 25,5963,F,1,0.0,264.0,Caucasian,1.0,22.0,3
0,Low,0.0,0,0.0,Male,25 - 45,9041,M,0,0.0,432.0,Caucasian,0.0,36.0,1
0,Low,1.0,0,0.0,Female,Greater than 45,10335,F,0,0.0,540.0,Other,1.0,45.0,1
0,High,7.0,0,1.0,Male,25 - 45,10935,M,1,1.0,372.0,Hispanic,7.0,31.0,9
0,Medium,6.0,0,0.0,Male,25 - 45,1163,F,0,0.0,300.0,African-American,6.0,25.0,6
0,Medium,2.0,0,0.0,Male,25 - 45,9523,Felony,1,0.0,360.0,African-American,2.0,30.0,5
0,Low,4.0,0,0.0,Male,Less than 25,10761,F,1,0.0,288.0,African-American,4.0,24.0,4
0,High,11.0,0,0.0,Male,25 - 45,7100,M,1,0.0,300.0,african-american,11.0,25.0,9
0,Low,3.0,0,0.0,Male,Less than 25,9983,F,1,0.0,264.0,African-American,3.0,22.0,3
0,LOW,0.0,0,0.0,Male,25 - 45,3349,M,1,0.0,432.0,African-American,0.0,36.0,3
0,Low,6.0,0,0.0,Male,25 - 45,6161,F,0,0.0,372.0,African-American,6.0,31.0,4
0,Low,1.0,0,0.0,Male,25 - 45,1904,F,0,0.0,384.0,African-American,1.0,32.0,4
0,Medium,1.0,0,1.0,Female,Less than 25,3328,,1,1.0,252.0,African-American,1.0,21.0,6
0,Low,0.0,0,0.0,Male,Less than 25,4282,,0,0.0,252.0,Hispanic,0.0,21.0,3
0,High,9.0,0,1.0,Male,Greater than 45,1258,M,1,1.0,624.0,African-American,9.0,52.0,8
0,High,7.0,0,0.0,Male,25 - 45,8472,F,1,0.0,336.0,African-American,7.0,28.0,10
0,High,N/A,0,0.0,male,25 - 45,5814,M,1,0.0,480.0,Caucasian,N/A,40.0,8
0,Medium,6.0,0,0.0,Male,25 - 45,23,F,1,0.0,372.0,Caucasian,6.0,31.0,5
0,Low,0.0,0,0.0,Male,25 - 45,4611,M,0,0.0,324.0,African-American,0.0,27.0,1
0,Low,0.0,0,0.0,Male,25 - 45,4227,M,1,0.0,384.0,Hispanic,0.0,32.0,1
0,Medium,5.0,0,0.0,Male,25 - 45,5112,F,1,0.0,480.0,African-American,5.0,40.0,7
0,High,15.0,0,0.0,Female,25 - 45,5297,M,1,0.0,360.0,African-American,15.0,30.0,8
0,Low,5.0,0,0.0,Male,25 - 45,8781,M,1,0.0,492.0,Caucasian,5.0,41.0,4
0,MEDIUM,0.0,0,0.0,Male,Less than 25,8386,F,0,0.0,288.0,African-American,0.0,24.0,5
0,Medium,0.0,0,0.0,Male,Greater than 45,2752,M,0,0.0,660.0,Caucasian,0.0,55.0,5
0,Medium,3.0,0,0.0,Male,25 - 45,2060,F,1,0.0,-36.0,African-American,3.0,-3.0,5
2,High,1.0,0,3.0,Male,Less than 25,9741,F,1,1.0,252.0,African-American,1.0,21.0,10
0,Low,0.0,0,0.0,Male,25 - 45,9397,F,1,0.0,312.0,Other,0.0,26.0,1
0,Low,1.0,0,0.0,Female,25 - 45,9076,M,1,0.0,372.0,African-American,1.0,31.0,2
0,Medium,6.0,0,0.0,Female,Less than 25,1482,M,0,0.0,276.0,African-American,6.0,23.0,7
0,Medium,3.0,0,0.0,Male,Less than 25,8409,F,1,0.0,276.0,Hispanic,3.0,23.0,7
0,Medium,7.0,0,0.0,Male,Greater than 45,10309,F,1,0.0,600.0,African-American,7.0,50.0,5
0,Low,15.0,0,0.0, Male,Greater than 45,6205,f,1,0.0,636.0,African-American,15.0,53.0,1
0,Low,0.0,0,0.0,Male,25 - 45,4193,M,0,0.0,528.0,Hispanic,0.0,44.0,1
0,Low,0.0,0,0.0,Female,25 - 45,227,Felony,1,0.0,372.0,African American,0.0,31.0,3
0,Low,0.0,0,0.0,Male,25 - 45,7304,F,0,0.0,324.0,Caucasian,0.0,27.0,2
0,Medium,2.0,0,0.0, Male,25 - 45,5574,F,1,0.0,324.0,African-American,2.0,27.0,7
0,High,17.0,0,0.0,Male,Greater than 45,1595,F,1,0.0,660.0,African-American,17.0,55.0,10
0,Low,1.0,0,0.0,Male,Greater than 45,6394,F,0,0.0,564.0,African-American,1.0,47.0,2
0,Low,0.0,0,0.0,Female,25 - 45,4250,F,0,0.0,324.0,African-American,0.0,27.0,3
0,Medium,3.0,0,0.0,Male,25 - 45,9446,F,0,0.0,372.0,Other,3.0,31.0,6
0,High,5.0,0,0.0,Male,25 - 45,10051,Felony,1,,300.0,Caucasian,5.0,25.0,10
0,Low,5.0,0,0.0,Male,25 - 45,8268,F,0,0.0,432.0,Caucasian,5.0,36.0,3
0,Low,1.0,0,0.0,Male,Less than 25,3538,F,0,0.0,252.0,African-American,1.0,21.0,2
0,Low,0.0,0,0.0,Male,25 - 45,10934,M,0,0.0,492.0,Caucasian,0.0,41.0,1
0,Low,3.0,1,1.0,Male,Less than 25,6522,F,1,0.0,264.0,African-American,3.0,22.0,4
0,Low,0.0,0,0.0,Male,Less than 25,177,F,1,0.0,264.0,African-American,0.0,22.0,4
2,High,1.0,0,2.0,Male,Less than 25,6531,M,1,0.0,288.0,African-American,1.0,24.0,9
0,Low,5.0,0,0.0,MALE,25 - 45,8827,F,0,0.0,312.0,Hispanic,5.0,26.0,3
0,Medium,9.0,0,0.0,Male,25 - 45,1923,M,1,0.0,360.0,Caucasian,9.0,30.0,6
0,High,17.0,0,0.0,Male,25 - 45,5669,F,1,0.0,384.0,African-American,17.0,32.0,8
1,High,7.0,1,2.0,Male,25 - 45,4013,M,1,0.0,,Caucasian,7.0,,9
0,Low,0.0,0,0.0, Male,Less than 25,6302,M,0,0.0,288.0,African-American,0.0,24.0,3
0,Low,2.0,0,0.0,Male,Less than 25,983,,1,0.0,264.0,CAUCASIAN,2.0,22.0,4
0,High,5.0,0,0.0,Male,25 - 45,6439,Felony,1,0.0,300.0,AFRICAN-AMERICAN,5.0,25.0,9
0,Medium,3.0,0,0.0,Male,25 - 45,7852,M,1,0.0,336.0,Caucasian,3.0,28.0,5
0,Low,0.0,0,0.0,Male,25 - 45,288,F,1,0.0,468.0,Caucasian,0.0,39.0,4
0,low,6.0,0,0.0,Male,Greater than 45,249,F,1,0.0,552.0,Caucasian,6.0,46.0,1
0,Low,0.0,0,0.0,Female,25 - 45,2765,M,0,0.0,312.0,African-American,0.0,26.0,2
0,Medium,1.0,0,0.0,Male,Less than 25,4146,,1,0.0,252.0,African-American,1.0,21.0,5
0,Medium,3.0,0,0.0,Male,Less than 25,7955,F,1,0.0,276.0,African-American,3.0,23.0,7
1,HIGH,2.0,0,1.0,Male,Less than 25,1034,M,1,0.0,276.0,African-American,2.0,23.0,10
0,Low,0.0,0,0.0,Female,Greater than 45,6818,M,1,0.0,612.0,Caucasian,0.0,51.0,4
0,High,0.0,0,0.0,Female,Less than 25,6749,M,0,0.0,,Caucasian,0.0,,10
0,Low,3.0,0,0.0,Female ,Greater than 45,1876,M,0,0.0,540.0,Caucasian,3.0,45.0,3
0,Low,0.0,0,0.0,Male,25 - 45,7734,F,1,0.0,312.0,African-American,0.0,26.0,4
0,Medium,7.0,0,0.0,MALE,25 - 45,1852,f,1,,336.0,African-American,7.0,28.0,7
0,Low,1.0,0,0.0,Male,Less than 25,4336,F,0,0.0,276.0,African-American,1.0,23.0,4
0,Low,,0,0.0,Male,Greater than 45,9320,M,0,0.0,708.0,African-American,,59.0,1
0,Medium,4.0,0,0.0,Male,25 - 45,2078,F,1,0.0,516.0,Caucasian,4.0,43.0,5
0,Medium,1.0,0,0.0,Male,Less than 25,1086,F,0,0.0,264.0,African-American,1.0,22.0,5
0,Low,,0,0.0,Male,Greater than 45,1205,M,0,0.0,756.0,African-American,,63.0,1
0,MEDIUM,4.0,0,0.0,Male,Greater than 45,1470,M,1,0.0,648.0,African-American,4.0,54.0,5
1,Medium,15.0,0,1.0,Male,Greater than 45,2402,Felony,1,0.0,552.0,African-American,15.0,46.0,7
0,Low,0.0,0,0.0,Male,Greater than 45,2095,f,0,0.0,,Caucasian,0.0,,1
0,Low,1.0,0,0.0,Male,25 - 45,329,M,1,0.0,432.0,Other,1.0,36.0,1
0,High,3.0,0,0.0,Male,25 - 45,6957,F,1,0.0,324.0,African-American,3.0,27.0,9
0,High,5.0,0,0.0,Male,Less than 25,4821,M,1,0.0,264.0,African-American,5.0,22.0,10
0,Low,1.0,0,0.0,Female,25 - 45,8254,F,0,0.0,408.0,Asian,1.0,34.0,1
0,Low,,0,0.0,Male,Greater than 45,3885,M,1,0.0,600.0,Caucasian,,50.0,1
7,high,2.0,2,9.0,Male,Less than 25,9150,F,1,0.0,252.0,CAUCASIAN,2.0,21.0,9
0,Medium,,0,0.0,Male,Greater than 45,6339,M,1,0.0,588.0,African-American,,49.0,5
0,Medium,3.0,0,0.0,Male,25 - 45,7804,F,1,0.0,396.0,African-American,3.0,33.0,6
0,Medium,0.0,0,0.0,Male,25 - 45,4525,F,1,0.0,348.0,Hispanic,0.0,29.0,5
0,Low,1.0,0,0.0,Male,25 - 45,7535,F,1,0.0,444.0,African-American,1.0,37.0,3
0,Low,1.0,0,0.0,Male,Greater than 45,8579,M,0,0.0,540.0,?,1.0,45.0,1
0,Medium,,0,0.0,Male,Greater than 45,7265,M,0,0.0,768.0,african-american,,64.0,6
0,Low,0.0,0,0.0,Female,25 - 45,3319,F,0,0.0,480.0,Caucasian,0.0,40.0,2
0,Low,2.0,0,0.0,Male,25 - 45,9784,m,0,,468.0,African-American,2.0,39.0,2
0,Medium,N/A,0,1.0,Male,Greater than 45,8204,F,0,1.0,540.0,African-American,N/A,45.0,7
0,Medium,1.0,0,0.0,Male,Less than 25,1573,M,0,0.0,288.0,African-American,1.0,24.0,6
0,Low,1.0,0,0.0,Male,25 - 45,2962,M,0,0.0,480.0,African-American,1.0,40.0,1
0,Low,4.0,0,0.0,Male,Greater than 45,9854,F,1,,648.0,African-American,4.0,54.0,3
0,Low,5.0,0,0.0,Male,Greater than 45,10244,M,1,0.0,564.0,Other,5.0,47.0,1
0,High,31.0,0,0.0,Male,25 - 45,7294,F,1,0.0,492.0,?,31.0,41.0,9
0,MEDIUM,2.0,0,0.0,male,Less than 25,6034,F,1,0.0,276.0,Caucasian,2.0,23.0,7
0,Low,1.0,0,0.0,Male,25 - 45,9699,f,0,0.0,504.0,Other,1.0,42.0,2
0,Medium,1.0,0,0.0,Male,Less than 25,2891,M,1,0.0,252.0,Hispanic,1.0,21.0,5
0,Low,2.0,0,0.0,Male,25 - 45,7657,F,0,0.0,,hispanic,2.0,,2
0,Low,0.0,0,0.0,Male,Less than 25,3882,F,0,0.0,264.0,Caucasian,0.0,22.0,3
0,Low,5.0,0,0.0,Male,Greater than 45,6022,F,1,0.0,696.0,Caucasian,5.0,58.0,3
0,Low,1.0,0,0.0,female,25 - 45,10139,F,1,0.0,372.0,African-American,1.0,31.0,3
0,High,1.0,0,0.0,Female,25 - 45,6139,M,0,0.0,324.0,African-American,1.0,27.0,10
0,Low,0.0,0,0.0,Male,25 - 45,4593,M,0,0.0,456.0,Asian,0.0,38.0,1
0,Low,0.0,0,0.0,Male,25 - 45,5813,F,1,0.0,504.0,African-American,0.0,42.0,1
0,High,0.0,0,0.0,Female,25 - 45,9027,M,1,0.0,336.0,African-American,0.0,28.0,8
0,High,,0,0.0,Male,Greater than 45,8375,f,1,0.0,612.0,African-American,,51.0,8
2,Medium,N/A,1,3.0,Male,25 - 45,9727,F,1,0.0,384.0,African-American,N/A,32.0,5
0,Low,1.0,0,0.0,Male,Greater than 45,3410,F,0,0.0,540.0,African-American,1.0,45.0,3
0,High,3.0,0,0.0,Male,25 - 45,9363,F,1,0.0,384.0,African-American,3.0,32.0,8
0,Low,0.0,0,0.0,Male,Greater than 45,475,M,0,0.0,672.0,Caucasian,0.0,56.0,1
0,High,5.0,0,5.0,Male,Less than 25,5902,,1,5.0,288.0,African-American,5.0,24.0,8
0,High,N/A,0,0.0,Male,25 - 45,6961,M,1,0.0,396.0,African-American,N/A,33.0,8
0,Low,6.0,0,0.0,Female,Greater than 45,6560,F,0,0.0,648.0,African-American,6.0,54.0,4
0,Medium,0.0,0,0.0,Male,25 - 45,404,F,0,0.0,300.0,Caucasian,0.0,25.0,5
0,Medium,1.0,0,0.0,Female,25 - 45,10886,F,1,0.0,468.0,African-American,1.0,39.0,7
0,High,4.0,0,1.0,Male,Less than 25,6177,F,0,1.0,276.0,African-American,4.0,23.0,9
0,Low,0.0,0,0.0,Male,Greater than 45,7645,F,1,0.0,684.0,African-American,0.0,57.0,1
0,Low,-,0,0.0,Male,25 - 45,8890,F,0,,360.0,African-American,-,30.0,1
0,Medium,9.0,0,0.0,Male,25 - 45,9509,F,1,,324.0,African-American,9.0,27.0,7
0,MEDIUM,0.0,0,0.0,Male,25 - 45,171,F,0,0.0,408.0,caucasian,0.0,34.0,5
0,Medium,1.0,0,0.0,Male,25 - 45,6518,M,0,0.0,336.0,African-American,1.0,28.0,5
0,Medium,1.0,0,0.0,Male,Less than 25,9563,F,0,0.0,264.0,Caucasian,1.0,22.0,6
0,High,8.0,0,0.0,Male,25 - 45,1632,F,1,0.0,360.0,African-American,8.0,30.0,10
0,Medium,1.0,0,0.0,Male,Less than 25,859,F,0,0.0,276.0, African-American,1.0,23.0,5
0,Low,0.0,0,0.0, Male,Greater than 45,2613,F,0,0.0,552.0,Caucasian,0.0,46.0,1
1,Medium,1.0,0,1.0,Male,Less than 25,3014,,1,0.0,264.0,African-American,1.0,22.0,7
0,Low,0.0,0,0.0,Male,25 - 45,1843,m,1,0.0,516.0,hispanic,0.0,43.0,2
0,Medium,2.0,0,0.0,Male,25 - 45,3415,F,1,0.0,372.0,African-American,2.0,31.0,5
0,Low,1.0,0,0.0,Female ,25 - 45,7443,M,0,0.0,348.0,African-American,1.0,29.0,2
1,High,2.0,0,1.0, Male,25 - 45,8203,F,1,0.0,324.0,African-American,2.0,27.0,9
0,Low,6.0,0,0.0,Male,25 - 45,9357,Misdemeanor,0,0.0,432.0,African-American,6.0,36.0,4
0,HIGH,29.0,0,0.0,Male,Greater than 45,7078,F,1,0.0,732.0,African-American,29.0,61.0,8
0,Low,6.0,0,0.0,Male,25 - 45,440,F,1,0.0,468.0,African-American,6.0,39.0,3
0,Low,0.0,0,0.0,Male,Greater than 45,8162,F,0,0.0,576.0,Asian,0.0,48.0,2
0,High,14.0,2,3.0,Male,25 - 45,10700,F,1,1.0,432.0,African-American,14.0,36.0,10
0,Medium,24.0,0,0.0,Male,25 - 45,415,M,0,0.0,528.0,African-American,24.0,44.0,7
0,Medium,9.0,1,4.0,Male,25 - 45,9358,Felony,1,3.0,408.0,African-American,9.0,34.0,7
0,High,9.0,1,1.0, Male,Less than 25,6420,M,1,0.0,288.0,african-american,9.0,24.0,9
0,Low,2.0,0,0.0,Female,25 - 45,10079,F,1,0.0,372.0,Hispanic,2.0,31.0,3
0,High,16.0,0,1.0,Male,Greater than 45,9749,F,1,1.0,600.0,Caucasian,16.0,50.0,10
0,Low,2.0,0,0.0,Female ,25 - 45,3481,M,1,0.0,324.0,?,2.0,27.0,4
0,Low,0.0,0,0.0,Male,25 - 45,4178,F,0,0.0,324.0,Caucasian,0.0,27.0,3
0,High,14.0,0,0.0, Male,Greater than 45,2568,F,1,0.0,576.0,African-American,14.0,48.0,9
0,Medium,2.0,0,0.0,Male,25 - 45,7286,F,0,0.0,372.0,Caucasian,2.0,31.0,5
0,LOW,0.0,0,0.0, Male,25 - 45,1643,F,0,0.0,312.0,Caucasian,0.0,26.0,4
0,Medium,7.0,0,0.0,Male,25 - 45,7178,F,1,0.0,516.0,?,7.0,43.0,6
0,Low,1.0,0,0.0,Male,25 - 45,546,F,0,0.0,432.0,Hispanic,1.0,36.0,3
0,Low,4.0,0,0.0,Male,25 - 45,8448,F,0,0.0,360.0,African-American,4.0,30.0,3
0,Low,2.0,0,0.0,Female,25 - 45,7578,M,0,0.0,516.0,African-American,2.0,43.0,2
0,Low,0.0,0,0.0,Female,25 - 45,5309,M,0,0.0,300.0,Caucasian,0.0,25.0,4
0,Low,3.0,0,0.0,Female,25 - 45,4872,F,0,0.0,336.0,African-American,3.0,28.0,3
0,Medium,0.0,0,0.0,Male,Less than 25,8217,,0,0.0,288.0,Hispanic,0.0,24.0,5
0,Medium,0.0,0,0.0,Male,Less than 25,10992,M,1,0.0,252.0,Caucasian,0.0,21.0,6
0,Medium,23.0,0,0.0,Male,Greater than 45,2732,F,1,0.0,564.0,African-American,23.0,47.0,7
1,Medium,1.0,0,2.0,Male,Less than 25,10801,F,1,1.0,240.0,African-American,1.0,20.0,5
0,Low,1.0,1,1.0,Male,25 - 45,3310,M,0,0.0,372.0,Hispanic,1.0,31.0,3
0,Low,8.0,0,0.0,Male,25 - 45,4826,F,1,0.0,372.0,Hispanic,8.0,31.0,3
2,High,4.0,0,3.0,Male,25 - 45,10313,F,0,1.0,384.0,African American,4.0,32.0,10
0,MEDIUM,2.0,0,0.0,Male,25 - 45,9417,F,1,0.0,468.0,Caucasian,2.0,39.0,6
0,Medium,0.0,0,0.0,female,Less than 25,1460,M,1,0.0,252.0,Hispanic,0.0,21.0,7
0,Low,2.0,0,0.0,Male,Greater than 45,445,F,0,0.0,696.0,Caucasian,2.0,58.0,3
0,Low,0.0,0,0.0,Female,25 - 45,1022,M,0,0.0,372.0,African-American,0.0,31.0,1
0,Medium,1.0,0,1.0,Male,Less than 25,3204,F,0,1.0,252.0,Other,1.0,21.0,7
0,Medium,1.0,0,0.0,Male,25 - 45,4041,F,0,0.0,336.0,African-American,1.0,28.0,7
0,Low,0.0,0,0.0,Male,Less than 25,2188,,1,0.0,264.0,African-American,0.0,22.0,3
0,Medium,37.0,5,5.0,Male,25 - 45,3340,M,1,0.0,456.0,African-American,37.0,38.0,7
0,Low,0.0,0,0.0,Male,Less than 25,6588,F,0,0.0,252.0,African-American,0.0,21.0,4
0,Medium,4.0,0,0.0,Male,25 - 45,9350,F,0,0.0,408.0,Caucasian,4.0,34.0,5
0,High,1.0,0,1.0,Male,Less than 25,7781,F,1,1.0,240.0,African-American,1.0,20.0,8
0,Low,6.0,0,0.0,Male,25 - 45,9708,F,1,0.0,444.0,African-American,6.0,37.0,2
0,Low,0.0,0,0.0,MALE,25 - 45,8049,M,0,0.0,492.0,-,0.0,41.0,1
0,Low,8.0,0,0.0,Male,25 - 45,8765,M,1,0.0,312.0,African-American,8.0,26.0,4
0,Medium,6.0,0,0.0,Female,25 - 45,8232,F,1,0.0,312.0,African-American,6.0,26.0,6
0,High,0.0,0,0.0,Male,25 - 45,2131,F,0,0.0,432.0,African-American,0.0,36.0,8
1,High,5.0,2,3.0,Male,Less than 25,10990,M,1,0.0,276.0,Caucasian,5.0,23.0,10
0,Medium,3.0,0,0.0,Female,Greater than 45,10647,F,0,0.0,600.0,Caucasian,3.0,50.0,5
0,LOW,7.0,0,0.0,Male,25 - 45,5800,M,0,0.0,408.0,African-American,7.0,34.0,3
0,Low,,0,0.0,Male,Greater than 45,4712,F,0,0.0,672.0,African-American,,56.0,2
0,Low,4.0,0,0.0,Male,Greater than 45,1262,M,0,0.0,672.0,Caucasian,4.0,56.0,1
0,Medium,,0,0.0,Female,Greater than 45,2269,F,0,0.0,564.0, African-American,,47.0,6
0,High,0.0,0,0.0,Male,Less than 25,396,f,0,0.0,240.0,African-American,0.0,20.0,8
0,Low,2.0,0,0.0,Male,Greater than 45,7392,F,0,0.0,612.0, African-American,2.0,51.0,3
0,Low,0.0,0,0.0,Male,Less than 25,629,M,0,0.0,252.0,Hispanic,0.0,21.0,3
0,LOW,0.0,0,0.0,Male,25 - 45,10469,M,0,0.0,348.0,african-american,0.0,29.0,1
0,Medium,10.0,0,0.0,Male,25 - 45,4789,F,1,0.0,444.0,African-American,10.0,37.0,7
0,low,,0,0.0,Female,Greater than 45,6615,F,0,0.0,564.0,Other,,47.0,1
0,Medium,3.0,0,2.0,Male,Less than 25,10573,,0,2.0,276.0,african-american,3.0,23.0,6
0,High,4.0,0,0.0,Male,25 - 45,1915,F,1,0.0,420.0,African-American,4.0,35.0,8
0,Medium,5.0,0,0.0,Male,25 - 45,10526,F,0,0.0,504.0,Caucasian,5.0,42.0,6
0,Low,1.0,0,0.0,Female,25 - 45,10730,M,0,0.0,432.0,African-American,1.0,36.0,2
0,Medium,11.0,0,0.0,?,25 - 45,2661,F,1,0.0,528.0,Caucasian,11.0,44.0,7
0,High,1.0,0,0.0,Male,Less than 25,26,F,1,0.0,252.0,African-American,1.0,21.0,9
0,Low,1.0,0,0.0,Male,Greater than 45,6206,F,0,0.0,564.0,Hispanic,1.0,47.0,1
0,Medium,11.0,0,0.0,Female ,25 - 45,5293,F,0,0.0,384.0,African-American,11.0,32.0,7
0,High,1.0,1,1.0,Male,Less than 25,3270,F,1,0.0,252.0,African-American,1.0,21.0,10
2,HIGH,2.0,1,3.0,Male,Less than 25,95,F,1,0.0,264.0,African-American,2.0,22.0,10
0,Low,6.0,0,1.0,MALE,25 - 45,9003,F,0,1.0,456.0,African-American,6.0,38.0,4
0,Medium,4.0,0,0.0,Male,25 - 45,9451,F,1,0.0,336.0,African-American,4.0,28.0,7
0,Low,0.0,0,0.0,Male,Greater than 45,10178,F,0,0.0,552.0,Caucasian,0.0,46.0,1
0,Low,0.0,0,0.0,Male,Greater than 45,7668,M,0,0.0,684.0,Hispanic,0.0,57.0,1
0,Low,0.0,0,0.0,Male,25 - 45,4558,F,0,0.0,396.0,Caucasian,0.0,33.0,1
0,Low,,0,0.0,Female,Greater than 45,5695,M,0,0.0,780.0,Caucasian,,65.0,1
0,High,6.0,0,0.0,Male,Greater than 45,3826,M,1,0.0,684.0,African-American,6.0,57.0,9
0,Low,1.0,0,0.0,Female,Less than 25,408,f,0,0.0,264.0,Caucasian,1.0,22.0,3
0,Low,2.0,0,0.0,Female,Less than 25,6305,M,0,0.0,252.0,African-American,2.0,21.0,3
0,Low,2.0,0,0.0,Male,25 - 45,1601,M,1,0.0,384.0,Caucasian,2.0,32.0,2
0,medium,2.0,0,0.0, Male,25 - 45,10359,M,0,0.0,300.0,African-American,2.0,25.0,6
0,Medium,5.0,0,0.0,Male,Less than 25,10589,M,1,0.0,252.0,African-American,5.0,21.0,5
0,Low,3.0,0,0.0,Male,Greater than 45,6578,F,0,0.0,924.0,Caucasian,3.0,77.0,1
0,Low,1.0,0,0.0,Male,Greater than 45,3129,F,0,0.0,672.0,African-American,1.0,56.0,2
0,Low,3.0,0,0.0,Male,25 - 45,10234,F,1,0.0,324.0,African-American,3.0,27.0,1
0,High,8.0,0,0.0,Male,25 - 45,7976,F,1,0.0,444.0,Caucasian,8.0,37.0,8
0,Low,1.0,0,0.0,Male,25 - 45,4769,F,0,0.0,480.0,Caucasian,1.0,40.0,3
0,Low,,0,0.0,Male,Greater than 45,6837,M,1,0.0,612.0,Caucasian,,51.0,1
0,Low,1.0,0,0.0,Male,25 - 45,5508,M,0,0.0,360.0,African-American,1.0,30.0,4
0,Low,0.0,0,0.0,Female,25 - 45,5989,M,0,0.0,528.0,Caucasian,0.0,44.0,1
0,High,2.0,0,0.0,Male,25 - 45,4624,F,1,0.0,384.0,African-American,2.0,32.0,8
1,Medium,13.0,2,3.0,Male,25 - 45,10808,F,1,0.0,324.0,Caucasian,13.0,27.0,5
1,Medium,0.0,0,1.0,Male,Less than 25,2058,F,1,0.0,240.0,African-American,0.0,20.0,7
0,Low,0.0,0,0.0,Female,25 - 45,6721,M,0,0.0,444.0,African-American,0.0,37.0,1
0,Low,2.0,0,0.0,Male,Greater than 45,9088,F,0,0.0,540.0,Caucasian,2.0,45.0,0
0,Medium,6.0,0,0.0,Male,25 - 45,4483,F,1,0.0,384.0,African-American,6.0,32.0,7
0,LOW,0.0,0,0.0,male,25 - 45,3673,F,0,0.0,396.0,Other,0.0,33.0,1
0,Medium,2.0,0,0.0,Male,25 - 45,9691,F,0,0.0,348.0,African-American,2.0,29.0,6
0,Medium,1.0,0,0.0,Male,25 - 45,774,F,0,0.0,312.0,African-American,1.0,26.0,7
0,High,6.0,0,4.0,Male,25 - 45,3111,M,0,4.0,336.0,African-American,6.0,28.0,9
0,Medium,10.0,0,0.0,Female,25 - 45,8534,F,1,0.0,528.0,Caucasian,10.0,44.0,5
0,High,13.0,0,4.0,Male,25 - 45,4162,F,1,4.0,300.0,African-American,13.0,25.0,10
0,Low,0.0,0,0.0,Male,25 - 45,7586,F,0,0.0,528.0,Other,0.0,44.0,1
0,Low,,0,0.0,Male,Greater than 45,4692,M,0,0.0,564.0,Caucasian,,47.0,1
0,Medium,1.0,0,0.0,Female,Less than 25,377,m,1,0.0,288.0,Caucasian,1.0,24.0,7
0,low,8.0,0,0.0,?,25 - 45,3918,F,1,0.0,492.0,African-American,8.0,41.0,1
0,Low,2.0,0,0.0,Male,Greater than 45,3989,F,1,0.0,1152.0,Hispanic,2.0,96.0,2
0,High,7.0,0,0.0,Male,25 - 45,566,F,1,0.0,300.0,African-American,7.0,25.0,8
0,Low,0.0,0,0.0,Male,Less than 25,2354,F,1,0.0,288.0,AFRICAN-AMERICAN,0.0,24.0,3
0,Low,0.0,0,0.0,Male,25 - 45,792,M,0,0.0,300.0,Other,0.0,25.0,1
0,Low,1.0,1,1.0,Male,Less than 25,5831,F,0,0.0,288.0,African-American,1.0,24.0,2
0,Low,0.0,0,0.0,Male,25 - 45,5487,F,0,0.0,408.0,African-American,0.0,34.0,3
0,Medium,3.0,1,1.0,Male,25 - 45,9798,M,0,0.0,312.0,African-American,3.0,26.0,6
0,Low,1.0,0,0.0,Male,25 - 45,10528,M,0,0.0,492.0,Hispanic,1.0,41.0,1
0,Low,0.0,0,0.0,Male,25 - 45,5934,F,1,0.0,360.0,African-American,0.0,30.0,3
1,High,5.0,0,1.0,Male,Less than 25,6747,F,1,,276.0,African-American,5.0,23.0,9
0,Low,0.0,0,0.0,Male,25 - 45,7020,F,1,0.0,360.0,Caucasian,0.0,30.0,2
0,High,3.0,0,0.0,Male,Greater than 45,4932,F,1,0.0,564.0,African-American,3.0,47.0,8
0,Medium,5.0,0,0.0,Male,25 - 45,3033,F,0,,372.0,Other,5.0,31.0,6
0,Low,0.0,0,0.0,Female,25 - 45,5127,M,0,0.0,300.0,Caucasian,0.0,25.0,4
0,Low,0.0,0,0.0,Female,Greater than 45,4686,Misdemeanor,0,0.0,600.0,African-American,0.0,50.0,1
0,Low,0.0,0,0.0,MALE,25 - 45,7639,F,0,0.0,384.0,African-American,0.0,32.0,3
0,High,1.0,0,0.0,Male,25 - 45,2914,F,0,0.0,348.0,African-American,1.0,29.0,9
0,Low,,0,0.0,MALE,Greater than 45,6010,M,0,0.0,612.0,Caucasian,,51.0,1
0,High,0.0,0,0.0,Male,25 - 45,6884,Felony,0,0.0,348.0,Caucasian,0.0,29.0,8
0,Low,14.0,0,0.0,Male,Greater than 45,10302,M,0,0.0,732.0,African-American,14.0,61.0,2
0,High,2.0,0,0.0,Male,Less than 25,6347,F,1,0.0,252.0,African-American,2.0,21.0,10
0,Low,9.0,0,0.0,Female,25 - 45,8800,M,1,0.0,492.0,Caucasian,9.0,41.0,4
0,LOW,0.0,0,0.0,Male,Less than 25,5946,M,0,0.0,288.0,Hispanic,0.0,24.0,2
0,Medium,0.0,0,0.0,Male,Greater than 45,1443,F,1,0.0,540.0,?,0.0,45.0,5
0,Low,0.0,0,0.0,Male,Greater than 45,5459,M,0,0.0,576.0,African-American,0.0,48.0,1
0,Low,3.0,0,0.0,Male,Greater than 45,7649,F,1,0.0,552.0,African-American,3.0,46.0,1
0,High,6.0,0,0.0,Male,25 - 45,7540,F,1,0.0,372.0,African-American,6.0,31.0,8
0,Medium,5.0,0,0.0,Male,25 - 45,2507,M,0,0.0,336.0, African-American,5.0,28.0,6
0,Low,1.0,0,0.0,Male,25 - 45,1584,F,0,,300.0,Other,1.0,25.0,2
0,Low,0.0,0,0.0,Female,Greater than 45,285,M,1,,624.0,Other,0.0,52.0,3
0,Medium,6.0,0,0.0,Male,25 - 45,2467,F,0,0.0,528.0,African-American,6.0,44.0,6
0,Medium,0.0,0,0.0,Male,Less than 25,6284,f,0,0.0,252.0,African-American,0.0,21.0,5
0,Low,1.0,0,0.0,male,25 - 45,8629,F,0,0.0,456.0,Other,1.0,38.0,1
0,Low,5.0,0,0.0,Female,25 - 45,10451,F,1,0.0,348.0,African-American,5.0,29.0,4
0,Medium,1.0,0,0.0,Male,Less than 25,1860,F,1,0.0,252.0,Caucasian,1.0,21.0,6
0,Medium,0.0,0,0.0,Male,Less than 25,1200,F,1,0.0,288.0,African-American,0.0,24.0,5
0,High,1.0,0,0.0,Male,Less than 25,6250,F,1,0.0,252.0,African-American,1.0,21.0,9
0,Low,3.0,0,0.0,Male,25 - 45,7318,F,0,0.0,300.0,African-American,3.0,25.0,3
0,Medium,1.0,0,0.0,Female,25 - 45,5603,M,1,0.0,348.0,Caucasian,1.0,29.0,5
0,Low,0.0,0,0.0,Male,Greater than 45,1020,F,0,0.0,648.0,Other,0.0,54.0,1
0,High,4.0,0,0.0,Male,25 - 45,8314,F,0,0.0,312.0,African-American,4.0,26.0,9
0,Low,3.0,0,0.0,Male,25 - 45,511,F,0,0.0,396.0,Other,3.0,33.0,1
0,Medium,,0,0.0,Male,Greater than 45,4134,M,1,0.0,612.0, African-American,,51.0,6
0,low,0.0,0,0.0,Male,25 - 45,8390,F,0,0.0,432.0,Caucasian,0.0,36.0,3
0,Low,3.0,0,0.0,Male,25 - 45,3299,F,1,0.0,348.0,African-American,3.0,29.0,2
0,Medium,2.0,0,0.0,Male,25 - 45,7055,F,0,0.0,300.0,Caucasian,2.0,25.0,5
0,High,11.0,0,0.0,Male,25 - 45,7799,M,1,0.0,300.0,African-American,11.0,25.0,8
0,Low,1.0,0,0.0,Male,25 - 45,1578,F,0,0.0,468.0,Caucasian,1.0,39.0,1
0,Low,0.0,0,0.0,Male,Less than 25,7177,,0,0.0,264.0,Hispanic,0.0,22.0,2
0,Low,1.0,0,0.0,Male,Less than 25,2516,f,0,0.0,288.0,African-American,1.0,24.0,3
0,Low,3.0,0,0.0,Male,25 - 45,1051,M,1,0.0,396.0,African-American,3.0,33.0,2
0,High,0.0,0,0.0,MALE,Less than 25,10237,F,1,0.0,252.0,Caucasian,0.0,21.0,9
3,High,9.0,0,3.0,Female,25 - 45,3391,Misdemeanor,1,0.0,348.0,African-American,9.0,29.0,8
0,High,11.0,0,0.0,Male,Greater than 45,10260,F,1,0.0,648.0,Caucasian,11.0,54.0,9
0,High,8.0,1,3.0,Male,25 - 45,2813,M,1,2.0,,African-American,8.0,,10
0,Low,7.0,0,0.0,Male,Greater than 45,5335,F,0,0.0,624.0,Caucasian,7.0,52.0,2
0,Low,0.0,0,0.0,Male,25 - 45,1639,F,0,0.0,456.0,Hispanic,0.0,38.0,4
0,High,5.0,0,0.0,Male,25 - 45,7411,M,0,0.0,360.0,African-American,5.0,30.0,9
1,Medium,2.0,1,2.0,Female,Less than 25,4022,F,0,,264.0,Caucasian,2.0,22.0,7
0,Low,5.0,0,0.0,Male,25 - 45,1447,F,0,0.0,492.0,Caucasian,5.0,41.0,1
0,Medium,9.0,0,0.0,Male,Greater than 45,7572,M,1,0.0,600.0,Caucasian,9.0,50.0,6
0,High,0.0,0,0.0,Male,25 - 45,1541,F,0,,372.0,African-American,0.0,31.0,10
0,Low,2.0,0,0.0, Male,25 - 45,6708,F,0,0.0,372.0,African-American,2.0,31.0,2
0,Medium,0.0,0,0.0,Female,Less than 25,1736,F,0,0.0,288.0,African-American,0.0,24.0,7
0,High,10.0,0,0.0,Female,25 - 45,1696,F,0,0.0,420.0,Hispanic,10.0,35.0,8
0,Medium,2.0,0,0.0,Male,Less than 25,9745,M,1,0.0,276.0,African-American,2.0,23.0,7
1,Low,4.0,1,2.0,Male,25 - 45,8469,F,1,0.0,348.0,African-American,4.0,29.0,4
0,Low,12.0,0,0.0,Male,25 - 45,6451,F,1,0.0,348.0,African-American,12.0,29.0,2
0,Medium,,0,0.0,Male,Greater than 45,6406,F,0,0.0,552.0,Hispanic,,46.0,6
0,Low,4.0,0,0.0,Male,25 - 45,4281,M,0,0.0,348.0,African-American,4.0,29.0,4
0,Medium,2.0,1,1.0,Male,Less than 25,6946,F,1,0.0,264.0,African-American,2.0,22.0,7
0,Medium,0.0,0,0.0,Male,Less than 25,10305,f,1,,240.0,African-American,0.0,20.0,6
0,Low,0.0,0,0.0,Female,25 - 45,8590,M,0,0.0,312.0,HISPANIC,0.0,26.0,3
0,Low,2.0,0,0.0,Male,Greater than 45,266,F,0,0.0,,Hispanic,2.0,,1
0,High,13.0,0,0.0,Male,25 - 45,7807,F,1,0.0,408.0,?,13.0,34.0,8
2,Low,1.0,1,3.0,Male,Less than 25,9145,M,1,0.0,276.0,African-American,1.0,23.0,2
1,Medium,5.0,0,2.0,Male,Less than 25,2184,,1,1.0,276.0,Caucasian,5.0,23.0,5
0,Low,0.0,0,0.0,Male,Less than 25,3647,,0,0.0,240.0,African-American,0.0,20.0,3
0,Medium,0.0,0,0.0,Female,Less than 25,533,F,1,0.0,276.0,African-American,0.0,23.0,5
1,Low,0.0,0,1.0,Male,Less than 25,975,f,0,0.0,252.0,African-American,0.0,21.0,3
0,Medium,8.0,0,2.0,?,25 - 45,10444,F,0,2.0,360.0,African-American,8.0,30.0,6
0,Medium,1.0,0,0.0,Male,Less than 25,6166,M,1,0.0,240.0,Caucasian,1.0,20.0,5
0,High,-,0,0.0,Male,25 - 45,7890,M,0,0.0,312.0,African-American,-,26.0,8
0,Medium,0.0,0,0.0,Male,25 - 45,2109,F,0,0.0,312.0,Caucasian,0.0,26.0,5
0,Medium,9.0,0,0.0,Male,25 - 45,10766,F,1,0.0,432.0,African-American,9.0,36.0,7
0,Low,0.0,0,0.0,Male,25 - 45,5382,F,0,0.0,360.0,Other,0.0,30.0,1
1,High,1.0,0,1.0,Male,Less than 25,366,M,1,0.0,264.0,Caucasian,1.0,22.0,8
0,Low,N/A,0,0.0,Male,Greater than 45,9092,F,1,0.0,540.0,Caucasian,N/A,45.0,1
0,Medium,2.0,0,0.0,Female,Less than 25,6227,F,1,0.0,276.0,African-American,2.0,23.0,7
0,Low,2.0,0,0.0,Male,25 - 45,3993,F,0,0.0,492.0,Hispanic,2.0,41.0,2
0,Low,1.0,0,0.0,MALE,25 - 45,10588,F,0,0.0,300.0,Hispanic,1.0,25.0,3
0,high,1.0,0,0.0,Male,Less than 25,9341,F,1,0.0,240.0,Hispanic,1.0,20.0,10
0,High,1.0,1,1.0,Male,Less than 25,4939,F,1,0.0,240.0,African-American,1.0,20.0,8
0,High,7.0,0,0.0,Male,25 - 45,2637,f,1,0.0,396.0,CAUCASIAN,7.0,33.0,8
0,Low,3.0,0,0.0,Male,Greater than 45,3758,M,0,0.0,540.0,African-American,3.0,45.0,2
0,Low,2.0,0,0.0,Female,25 - 45,7864,F,0,0.0,480.0,African-American,2.0,40.0,1
0,Medium,4.0,0,0.0,Male,25 - 45,6089,F,1,0.0,324.0,African-American,4.0,27.0,5
0,Medium,,0,0.0,Male,Greater than 45,4332,F,1,0.0,648.0, Caucasian,,54.0,7
0,Low,,0,0.0,MALE,Greater than 45,3248,F,1,0.0,840.0,-,,70.0,1
0,High,7.0,0,0.0,Male,25 - 45,4170,F,1,0.0,336.0,Caucasian,7.0,28.0,9
0,Medium,11.0,0,0.0,Male,25 - 45,10148,M,1,0.0,372.0,African-American,11.0,31.0,7
0,Low,0.0,0,0.0,Male,25 - 45,3605,F,0,0.0,528.0,African-American,0.0,44.0,1
0,Low,N/A,0,0.0,Male,25 - 45,5196,F,0,0.0,396.0,Hispanic,N/A,33.0,4
0,Low,0.0,0,0.0,Male,25 - 45,5858,M,0,0.0,348.0,Caucasian,0.0,29.0,2
0,Low,4.0,0,0.0,Female,25 - 45,8759,F,0,0.0,432.0,African-American,4.0,36.0,2
0,Low,0.0,0,0.0,Male,Less than 25,4825,M,1,0.0,264.0,African-American,0.0,22.0,3
0,Medium,7.0,2,2.0, Male,25 - 45,7678,F,1,0.0,336.0,African-American,7.0,28.0,7
0,Medium,2.0,0,0.0,Male,25 - 45,5918,M,1,0.0,456.0,African-American,2.0,38.0,7
0,High,0.0,0,0.0,Male,25 - 45,9259,F,1,0.0,360.0,CAUCASIAN,0.0,30.0,9
0,Low,1.0,0,0.0,Male,25 - 45,5792,M,1,0.0,,Caucasian,1.0,,4
0,low,1.0,0,0.0,Male,25 - 45,1554,F,0,0.0,300.0,Hispanic,1.0,25.0,2
0,Low,0.0,0,0.0,Male,Greater than 45,7027,M,1,0.0,588.0, African-American,0.0,49.0,1
0,Medium,,0,0.0,Male,Greater than 45,837,F,1,0.0,552.0,Caucasian,,46.0,6
0,Low,0.0,0,0.0,Male,Less than 25,5050,M,0,0.0,252.0,African-American,0.0,21.0,4
0,Medium,1.0,1,1.0,Female,Less than 25,6866,M,0,0.0,276.0,African-American,1.0,23.0,5
0,High,4.0,1,1.0,Male,Less than 25,9323,M,1,0.0,276.0,caucasian,4.0,23.0,9
0,Low,2.0,0,0.0,Male,Greater than 45,5423,F,0,0.0,708.0,Caucasian,2.0,59.0,1
0,Low,0.0,0,0.0,Male,25 - 45,4909,M,0,0.0,300.0,Hispanic,0.0,25.0,2
0,Medium,1.0,0,0.0,Male,25 - 45,7562,F,0,0.0,312.0,african-american,1.0,26.0,6
0,Low,1.0,0,0.0,Female,25 - 45,4462,F,0,0.0,312.0,African-American,1.0,26.0,3
0,Low,4.0,0,0.0,Male,25 - 45,3474,F,1,0.0,432.0,Caucasian,4.0,36.0,3
0,Low,0.0,0,0.0,Male,Less than 25,7838,M,1,0.0,252.0,African-American,0.0,21.0,3
0,High,1.0,0,0.0,Male,25 - 45,5152,F,1,0.0,312.0,African-American,1.0,26.0,10
0,High,11.0,0,0.0,Male,Less than 25,5825,F,1,0.0,288.0,African-American,11.0,24.0,9
0,Low,3.0,0,0.0,Male,25 - 45,4464,M,0,0.0,444.0,African-American,3.0,37.0,2
0,Medium,0.0,0,0.0,Male,25 - 45,840,F,0,0.0,324.0,African-American,0.0,27.0,5
0,Low,0.0,0,0.0,Male,25 - 45,5880,F,0,0.0,300.0,African-American,0.0,25.0,2
0,Low,1.0,0,0.0,Male,Greater than 45,10735,F,0,0.0,756.0,African-American,1.0,63.0,1
0,High,12.0,0,4.0,Male,25 - 45,7966,F,1,4.0,396.0,African-American,12.0,33.0,10
0,Medium,0.0,0,0.0,MALE,Less than 25,10636,M,0,0.0,252.0,Caucasian,0.0,21.0,7
0,Low,,0,0.0,Male,Greater than 45,4018,M,0,0.0,648.0,African-American,,54.0,1
0,Medium,1.0,0,0.0,Male,25 - 45,963,F,0,0.0,300.0,caucasian,1.0,25.0,5
0,Medium,7.0,0,0.0,Male,25 - 45,3550,F,1,0.0,372.0,African-American,7.0,31.0,7
0,Medium,1.0,0,0.0,Male,25 - 45,2621,F,1,0.0,372.0,Caucasian,1.0,31.0,7
0,Low,2.0,0,0.0,Male,25 - 45,294,M,0,0.0,408.0,African-American,2.0,34.0,2
0,Low,5.0,0,0.0,Male,25 - 45,10963,F,0,0.0,504.0,Caucasian,5.0,42.0,4
0,Medium,2.0,1,1.0,Male,25 - 45,5816,F,1,0.0,300.0,African American,2.0,25.0,7
0,High,2.0,0,0.0,Male,Less than 25,9908,,1,,252.0,African-American,2.0,21.0,10
0,Low,1.0,0,0.0,Male,25 - 45,1169,M,0,0.0,348.0,African-American,1.0,29.0,4
0,Medium,6.0,0,0.0,Female,25 - 45,2493,F,1,0.0,384.0,Caucasian,6.0,32.0,6
0,Low,1.0,0,0.0,Female,Greater than 45,4117,M,0,0.0,576.0,Caucasian,1.0,48.0,1
0,Medium,6.0,0,0.0,Male,25 - 45,5790,F,0,0.0,372.0,Other,6.0,31.0,5
0,Medium,4.0,0,0.0,Female,25 - 45,2573,F,1,0.0,528.0,Caucasian,4.0,44.0,6
0,Medium,6.0,2,3.0,Male,25 - 45,6528,F,1,1.0,348.0,African-American,6.0,29.0,6
0,Low,0.0,0,0.0,Male,25 - 45,8816,F,0,0.0,420.0,CAUCASIAN,0.0,35.0,2
0,Low,1.0,0,0.0,Female,25 - 45,10530,F,0,0.0,300.0,African-American,1.0,25.0,3
0,low,1.0,0,0.0,Male,25 - 45,5558,M,0,0.0,300.0,Caucasian,1.0,25.0,3
0,Low,1.0,0,0.0,Male,Less than 25,3134,M,1,0.0,288.0,African-American,1.0,24.0,4
0,Low,0.0,0,0.0,Female,25 - 45,5567,F,0,0.0,396.0,African-American,0.0,33.0,2
0,Medium,0.0,0,0.0,Male,Greater than 45,7423,F,1,0.0,624.0,AFRICAN-AMERICAN,0.0,52.0,7
1,HIGH,1.0,1,2.0,Male,Less than 25,1283,F,1,0.0,252.0,African-American,1.0,21.0,9
0,low,,0,0.0,Male,Greater than 45,609,f,0,0.0,816.0,Caucasian,,68.0,1
0,High,12.0,0,0.0,Male,25 - 45,8681,F,1,0.0,396.0,African-American,12.0,33.0,9
0,High,1.0,0,0.0,Male,Less than 25,3273,Felony,1,0.0,252.0,African-American,1.0,21.0,9
0,Medium,0.0,0,0.0,Male,25 - 45,6948,F,0,0.0,360.0,African-American,0.0,30.0,5
0,Low,2.0,0,0.0,Male,Greater than 45,1005,M,1,0.0,780.0,African-American,2.0,65.0,2
0,Low,1.0,0,0.0,Male,25 - 45,5518,M,0,0.0,372.0,Caucasian,1.0,31.0,1
0,Low,1.0,0,0.0, Male,25 - 45,1354,M,0,0.0,324.0,Hispanic,1.0,27.0,1
0,Low,4.0,0,0.0,Male,25 - 45,10932,F,0,0.0,444.0,African-American,4.0,37.0,3
0,Medium,,0,0.0,Male,Greater than 45,6878,F,1,0.0,564.0,Caucasian,,47.0,6
0,Low,0.0,0,0.0,Male,Greater than 45,1551,M,0,0.0,636.0,Hispanic,0.0,53.0,1
0,Low,0.0,0,0.0,Male,Greater than 45,2418,F,0,0.0,552.0,Caucasian,0.0,46.0,1
0,Low,0.0,0,0.0,Female,Less than 25,2405,F,0,0.0,288.0,African-American,0.0,24.0,3
0,Low,1.0,0,0.0,Male,Greater than 45,4516,M,1,0.0,540.0,Caucasian,1.0,45.0,1
0,Low,1.0,0,0.0,Male,25 - 45,1956,M,1,0.0,312.0,Hispanic,1.0,26.0,2
0,Low,0.0,0,0.0,Male,Less than 25,1707,,0,0.0,288.0,African-American,0.0,24.0,2
0,Low,0.0,0,0.0,?,25 - 45,3431,m,0,0.0,336.0,African-American,0.0,28.0,2
2,Medium,3.0,0,2.0,Male,25 - 45,4247,M,0,0.0,300.0,African-American,3.0,25.0,6
0,Low,0.0,0,0.0,Male,Greater than 45,727,F,0,0.0,672.0,Caucasian,0.0,56.0,1
0,High,3.0,0,0.0,Male,25 - 45,8188,m,0,0.0,312.0,Caucasian,3.0,26.0,10
4,High,6.0,0,5.0,Male,Less than 25,829,F,1,1.0,264.0,Caucasian,6.0,22.0,10
0,Low,0.0,0,0.0,Male,25 - 45,3799,M,0,0.0,324.0,African-American,0.0,27.0,2
0,Low,3.0,0,0.0,Male,Greater than 45,4416,F,0,0.0,696.0,-,3.0,58.0,2
0,Low,0.0,0,0.0,Male,25 - 45,8673,M,0,0.0,300.0,Caucasian,0.0,25.0,2
0,Low,,0,0.0,Male,Greater than 45,6240,F,0,0.0,600.0,African-American,,50.0,1
0,Low,2.0,0,0.0, Male,Greater than 45,10179,M,0,0.0,684.0,African-American,2.0,57.0,1
0,Medium,0.0,0,0.0,Male,Less than 25,9467,F,1,0.0,264.0,African-American,0.0,22.0,7
0,Low,0.0,0,0.0,MALE,Less than 25,2996,f,0,0.0,252.0,Other,0.0,21.0,4
0,Low,2.0,0,0.0,Male,25 - 45,6881,F,0,0.0,420.0,Hispanic,2.0,35.0,1
1,High,2.0,2,3.0,Male,Less than 25,1187,F,1,0.0,252.0,Caucasian,2.0,21.0,9
0,Medium,1.0,0,0.0,Female,25 - 45,6589,F,1,0.0,324.0,African-American,1.0,27.0,5
0,Medium,3.0,0,0.0,Male,25 - 45,8754,F,0,0.0,384.0,Caucasian,3.0,32.0,5
0,Low,1.0,0,0.0,Male,Less than 25,7345,F,1,0.0,264.0,African-American,1.0,22.0,4
0,Low,0.0,0,0.0,Female,25 - 45,6064,M,0,0.0,372.0,Caucasian,0.0,31.0,2
1,High,9.0,0,1.0, Male,25 - 45,9225,M,1,0.0,396.0,-,9.0,33.0,8
0,Medium,7.0,0,0.0,Male,Greater than 45,9115,F,1,0.0,696.0,Caucasian,7.0,58.0,7
1,Medium,1.0,0,1.0,Male,Less than 25,10233,F,0,0.0,276.0,African-American,1.0,23.0,5
0,Low,0.0,0,0.0,Male,25 - 45,2420,M,1,0.0,336.0,Caucasian,0.0,28.0,2
0,High,13.0,0,0.0,Male,25 - 45,8565,F,1,0.0,360.0,-,13.0,30.0,10
0,Low,,0,0.0,Female,Greater than 45,8983,M,0,0.0,660.0,Caucasian,,55.0,1
0,Low,1.0,0,0.0,Female,25 - 45,625,F,1,0.0,324.0,African-American,1.0,27.0,2
0,Low,0.0,0,0.0,Male,Less than 25,5222,F,1,0.0,276.0,African-American,0.0,23.0,3
0,medium,4.0,0,0.0,Male,25 - 45,10559,M,0,0.0,324.0,African-American,4.0,27.0,6
0,High,10.0,1,1.0,Male,25 - 45,7042,F,1,0.0,300.0,African-American,10.0,25.0,9
0,Low,1.0,0,0.0,Male,25 - 45,743,F,0,0.0,312.0,African-American,1.0,26.0,2
0,Medium,500,0,0.0,Female,25 - 45,6432,F,0,0.0,,Caucasian,500,,5
0,High,2.0,0,0.0,Female,25 - 45,4024,F,1,0.0,300.0,African-American,2.0,25.0,8
0,High,1.0,1,1.0,Male,Less than 25,5,F,0,0.0,276.0,African-American,1.0,23.0,8
0,Low,3.0,0,0.0,Female,25 - 45,6498,Felony,0,0.0,324.0,Caucasian,3.0,27.0,3
0,Low,0.0,0,0.0,Male,Greater than 45,9377,Felony,0,0.0,732.0,hispanic,0.0,61.0,1
0,Low,4.0,0,0.0,Female,Greater than 45,2042,f,0,0.0,696.0,African-American,4.0,58.0,1
0,Low,,0,0.0,Male,Greater than 45,8426,F,0,0.0,660.0,Caucasian,,55.0,1
0,Low,2.0,0,0.0,Male,Greater than 45,6570,f,0,0.0,564.0,Caucasian,2.0,47.0,4
0,Low,1.0,0,0.0,MALE,Less than 25,621,M,0,0.0,276.0,Hispanic,1.0,23.0,3
0,High,7.0,0,0.0,Male,25 - 45,478,F,0,0.0,348.0,African-American,7.0,29.0,9
0,Low,0.0,0,0.0,Male,Less than 25,7189,M,1,0.0,252.0,Caucasian,0.0,21.0,4
0,Low,0.0,0,0.0,Male,Greater than 45,6596,F,1,0.0,612.0,African-American,0.0,51.0,1
0,Medium,4.0,0,0.0,Male,25 - 45,1706,M,1,0.0,396.0,African-American,4.0,33.0,5
0,Medium,0.0,0,0.0,Male,Less than 25,9172,F,0,0.0,252.0,African-American,0.0,21.0,7
0,Low,4.0,0,0.0,Male,25 - 45,10208,M,0,0.0,396.0,Caucasian,4.0,33.0,3
0,Low,1.0,0,0.0,Male,Greater than 45,9776,F,0,0.0,756.0,Caucasian,1.0,63.0,1
0,Low,0.0,0,0.0,Female,25 - 45,5410,F,0,0.0,468.0,Other,0.0,39.0,1
0,High,4.0,2,4.0,Male,Less than 25,7591,,1,2.0,240.0,African-American,4.0,20.0,9
0,Medium,2.0,0,0.0,Male,25 - 45,8732,M,0,0.0,384.0,African-American,2.0,32.0,5
0,Low,2.0,0,0.0,Male,25 - 45,10989,M,0,0.0,360.0,African-American,2.0,30.0,4
0,Low,13.0,0,2.0,Male,Greater than 45,6046,F,0,2.0,588.0,African-American,13.0,49.0,3
0,high,0.0,0,0.0,Male,25 - 45,7516,M,1,0.0,420.0,African-American,0.0,35.0,8
0,low,1.0,0,0.0,Male,Less than 25,2964,F,1,0.0,264.0,Caucasian,1.0,22.0,2
1,Medium,-,0,1.0,Male,Less than 25,7759,,1,0.0,264.0,African-American,-,22.0,7
0,High,1.0,0,0.0,Male,25 - 45,9743,Felony,0,0.0,372.0,African-American,1.0,31.0,10
0,Low,7.0,0,0.0,Male,25 - 45,9883,F,1,0.0,348.0,African-American,7.0,29.0,4
1,High,14.0,0,1.0,Male,25 - 45,6245,F,0,0.0,396.0,Caucasian,14.0,33.0,9
0,Low,0.0,0,0.0,Female,Greater than 45,10043,F,0,,588.0, Caucasian,0.0,49.0,1
0,Low,7.0,0,0.0,Male,25 - 45,4236,F,1,0.0,420.0,African-American,7.0,35.0,2
0,Medium,5.0,0,0.0,Male,25 - 45,7742,F,1,0.0,408.0,Hispanic,5.0,34.0,6
0,Low,3.0,0,0.0,Male,25 - 45,2040,F,0,0.0,468.0,Hispanic,3.0,39.0,4
0,Low,,0,0.0,Male,Greater than 45,1689,M,1,0.0,648.0,Caucasian,,54.0,1
0,High,1.0,1,1.0,Male,Less than 25,1197,F,1,0.0,264.0,African-American,1.0,22.0,9
0,Low,0.0,0,0.0,Male,Greater than 45,3658,M,0,0.0,672.0,Other,0.0,56.0,1
0,Low,0.0,0,0.0,?,25 - 45,4865,M,0,0.0,420.0,Hispanic,0.0,35.0,2
0,LOW,,0,0.0,Female,Greater than 45,973,M,1,0.0,684.0,Caucasian,,57.0,4
0,Low,1.0,0,0.0,Male,25 - 45,10253,F,0,0.0,516.0,Other,1.0,43.0,1
0,low,3.0,0,0.0,Male,25 - 45,2588,F,0,0.0,372.0,Hispanic,3.0,31.0,3
0,Low,5.0,0,0.0,Male,Greater than 45,8659,M,0,0.0,636.0,African-American,5.0,53.0,2
0,Low,17.0,0,0.0,Male,Greater than 45,9528,F,0,0.0,708.0,African-American,17.0,59.0,4
0,LOW,1.0,0,1.0,Male,Less than 25,6535,F,1,1.0,252.0,Caucasian,1.0,21.0,3
0,Low,1.0,0,0.0,Male,25 - 45,4980,M,0,0.0,348.0,Caucasian,1.0,29.0,3
0,Low,5.0,0,0.0,Male,25 - 45,5716,F,0,0.0,408.0,African-American,5.0,34.0,1
0,Medium,2.0,0,0.0,Male,25 - 45,321,M,0,0.0,336.0,African-American,2.0,28.0,5
0,Medium,0.0,0,0.0,Female,25 - 45,509,M,0,0.0,360.0,Caucasian,0.0,30.0,6
0,Low,,0,0.0,Male,Greater than 45,7914,M,0,0.0,660.0,Caucasian,,55.0,1
0,Medium,0.0,0,0.0,Male,Less than 25,3085,F,0,0.0,252.0,African-American,0.0,21.0,5
0,Low,8.0,0,0.0,Male,25 - 45,3291,M,1,0.0,444.0,African-American,8.0,37.0,2
0,Low,0.0,0,0.0,Female,25 - 45,7868,F,0,0.0,444.0,African-American,0.0,37.0,3
0,Low,,0,0.0,Male,Greater than 45,7758,F,1,0.0,552.0,Other,,46.0,1
0,LOW,2.0,0,0.0,Male,25 - 45,457,F,1,0.0,516.0,Other,2.0,43.0,2
0,Low,1.0,0,0.0,Male,Greater than 45,7613,Felony,0,0.0,612.0,Hispanic,1.0,51.0,1
0,Low,0.0,0,0.0,Male,Greater than 45,4211,F,0,0.0,552.0,Other,0.0,46.0,1
0,Medium,12.0,0,0.0,Male,Greater than 45,4254,M,0,0.0,552.0,African-American,12.0,46.0,6
0,High,2.0,0,0.0,Male,25 - 45,7184,F,1,0.0,312.0,African-American,2.0,26.0,8
0,Low,0.0,0,0.0,Male,Greater than 45,1475,M,0,0.0,672.0,?,0.0,56.0,1
0,medium,1.0,0,0.0,Female,25 - 45,8093,M,0,0.0,432.0,African-American,1.0,36.0,5
0,High,24.0,3,4.0,Male,25 - 45,5075,M,1,1.0,312.0,AFRICAN-AMERICAN,24.0,26.0,10
0,Low,2.0,0,0.0,Male,25 - 45,4340,Felony,1,0.0,312.0,African-American,2.0,26.0,2
0,High,0.0,0,0.0,Male,25 - 45,4893,F,0,0.0,396.0,African-American,0.0,33.0,10
0,Low,1.0,0,0.0,Male,Less than 25,7149,,0,0.0,264.0,-,1.0,22.0,4
0,Low,4.0,0,0.0,Male,25 - 45,8095,F,1,0.0,420.0,Caucasian,4.0,35.0,2
0,Low,6.0,0,0.0,Male,25 - 45,8440,F,0,0.0,,Caucasian,6.0,,4
0,Low,3.0,0,0.0,Male,25 - 45,6356,F,1,0.0,,Hispanic,3.0,,1
0,Medium,5.0,0,0.0,Male,25 - 45,2445,F,1,0.0,372.0,African-American,5.0,31.0,5
0,Medium,10.0,0,0.0,Male,25 - 45,2835,F,1,0.0,348.0,Caucasian,10.0,29.0,6
0,Low,4.0,0,0.0,Female,25 - 45,4164,F,0,0.0,480.0,Caucasian,4.0,40.0,4
0,High,-,0,0.0,Male,25 - 45,7116,F,0,0.0,384.0,African-American,-,32.0,8
0,High,3.0,0,1.0,Male,25 - 45,3939,F,1,1.0,312.0,African-American,3.0,26.0,10
0,HIGH,7.0,0,0.0,Male,25 - 45,8776,F,1,0.0,300.0,Caucasian,7.0,25.0,10
0,Low,0.0,0,0.0,Female,Greater than 45,3835,M,0,0.0,744.0,?,0.0,62.0,1
0,Medium,11.0,0,0.0,Male,25 - 45,10884,F,0,0.0,336.0,Caucasian,11.0,28.0,6
0,Low,0.0,0,0.0,Male,25 - 45,10239,F,0,0.0,432.0,African-American,0.0,36.0,1
0,High,0.0,0,0.0,Male,25 - 45,4684,M,1,0.0,420.0,Caucasian,0.0,35.0,10
0,Medium,0.0,0,0.0,Male,25 - 45,5068,F,0,,372.0,Caucasian,0.0,31.0,7
0,Low,8.0,0,0.0,Male,25 - 45,4661,M,0,0.0,516.0,African-American,8.0,43.0,2
0,Low,1.0,0,0.0,Female,Greater than 45,5852,Felony,0,0.0,660.0,African-American,1.0,55.0,1
0,Medium,11.0,0,0.0,Male,25 - 45,7606,M,1,0.0,432.0,Caucasian,11.0,36.0,6
0,low,3.0,0,0.0,Male,Greater than 45,147,F,0,0.0,792.0,Caucasian,3.0,66.0,1
0,Low,0.0,0,0.0,Female,Greater than 45,6735,m,0,0.0,612.0,Hispanic,0.0,51.0,1
0,Low,0.0,0,0.0,Female,Less than 25,8168,M,1,0.0,240.0,African-American,0.0,20.0,4
0,Medium,5.0,2,3.0,Male,25 - 45,10456,F,1,1.0,336.0,African-American,5.0,28.0,7
0,HIGH,22.0,2,2.0,Female,25 - 45,5730,F,1,0.0,468.0,African-American,22.0,39.0,10
0,Low,0.0,0,0.0,Male,25 - 45,1823,F,0,0.0,456.0,Hispanic,0.0,38.0,1
0,Low,11.0,0,0.0,Male,25 - 45,10568,F,0,0.0,408.0,Caucasian,11.0,34.0,4
0,Low,0.0,0,0.0,Male,25 - 45,5672,Misdemeanor,0,0.0,444.0,Other,0.0,37.0,1
0,Low,11.0,0,0.0,Male,25 - 45,1105,F,1,0.0,456.0,Caucasian,11.0,38.0,4
0,Medium,1.0,0,0.0,Male,25 - 45,6927,M,1,,516.0,African-American,1.0,43.0,5
0,Low,0.0,0,0.0,Male,25 - 45,7697,M,0,0.0,348.0,African-American,0.0,29.0,2
0,Medium,7.0,0,0.0,Male,Greater than 45,4119,F,1,0.0,672.0,Caucasian,7.0,56.0,6
0,Low,0.0,0,0.0,Female,25 - 45,3582,M,1,0.0,384.0,Hispanic,0.0,32.0,3
0,Medium,0.0,0,0.0,Female,25 - 45,9266,F,0,0.0,348.0,African-American,0.0,29.0,5
1,Medium,7.0,0,1.0, Male,25 - 45,7211,M,1,0.0,492.0,African-American,7.0,41.0,7
0,Low,1.0,0,0.0,Female,25 - 45,115,F,1,0.0,312.0,African-American,1.0,26.0,4
0,Medium,2.0,0,0.0,Male,Greater than 45,2444,M,0,0.0,540.0,African-American,2.0,45.0,6
0,Medium,0.0,0,0.0,Male,Less than 25,10554,F,1,0.0,264.0,African-American,0.0,22.0,7
0,Low,,0,0.0,Female,Greater than 45,3973,Felony,1,0.0,600.0,Caucasian,,50.0,1
0,Low,1.0,0,0.0,Male,Less than 25,3743,F,0,0.0,276.0,African-American,1.0,23.0,4
0,Low,0.0,0,0.0,Female,25 - 45,10145,M,0,0.0,528.0,Hispanic,0.0,44.0,1
0,Medium,1.0,0,0.0,Male,25 - 45,3247,F,0,0.0,408.0,Caucasian,1.0,34.0,6
0,low,0.0,0,0.0,Male,Less than 25,7912,F,1,0.0,252.0,Caucasian,0.0,21.0,4
0,High,3.0,0,0.0,Female,Less than 25,7175,F,0,0.0,276.0,African-American,3.0,23.0,8
0,Low,1.0,0,0.0,Male,25 - 45,9515,F,0,0.0,312.0,African-American,1.0,26.0,4
0,Low,1.0,0,0.0,Male,Less than 25,102,F,0,0.0,264.0,Hispanic,1.0,22.0,4
3,High,2.0,0,3.0,Female,Less than 25,2385,F,1,0.0,240.0,African-American,2.0,20.0,10
0,High,14.0,0,0.0,Female,25 - 45,2148,F,1,0.0,456.0,African-American,14.0,38.0,10
0,Low,0.0,0,0.0,Male,Less than 25,293,F,1,,276.0,African-American,0.0,23.0,3
0,Medium,0.0,0,0.0,Female,Less than 25,662,F,0,0.0,288.0,Caucasian,0.0,24.0,5
0,High,5.0,0,0.0,Male,Less than 25,1624,F,1,0.0,264.0,African-American,5.0,22.0,8
0,Low,1.0,0,0.0,Male,25 - 45,9207,M,0,0.0,300.0,African-American,1.0,25.0,2
3,High,14.0,1,4.0,Male,25 - 45,2376,F,1,0.0,312.0,African-American,14.0,26.0,9
0,Low,2.0,0,0.0,Male,Greater than 45,6323,M,1,0.0,696.0,Caucasian,2.0,58.0,1
0,Low,7.0,0,0.0,Male,Greater than 45,10774,F,1,0.0,564.0,African-American,7.0,47.0,1
0,Low,4.0,0,0.0,Female,Greater than 45,2690,F,1,0.0,636.0,Caucasian,4.0,53.0,1
0,Medium,6.0,0,0.0,male,25 - 45,9616,F,0,0.0,324.0,African-American,6.0,27.0,5
0,Low,0.0,0,0.0,Male,25 - 45,3941,M,0,0.0,444.0,Caucasian,0.0,37.0,3
0,Low,8.0,0,0.0,Male,25 - 45,7994,F,1,0.0,444.0,Hispanic,8.0,37.0,2
0,High,9.0,0,0.0,Male,25 - 45,66,Misdemeanor,1,0.0,300.0,Caucasian,9.0,25.0,10
0,Low,,0,0.0,Male,Greater than 45,8313,F,1,0.0,672.0,Other,,56.0,2
0,Low,0.0,0,0.0,Female ,Greater than 45,4061,M,0,0.0,624.0,Caucasian,0.0,52.0,1
0,Low,1.0,0,0.0,Male,25 - 45,3652,F,1,0.0,336.0,African-American,1.0,28.0,4
0,Medium,1.0,0,0.0,Female,25 - 45,10546,M,0,0.0,312.0,CAUCASIAN,1.0,26.0,6
0,Medium,3.0,0,0.0,Male,25 - 45,7288,F,1,0.0,396.0,African-American,3.0,33.0,6
0,low,2.0,0,0.0,Male,25 - 45,7944,M,0,0.0,432.0,Caucasian,2.0,36.0,1
0,Medium,0.0,0,0.0,Male,Less than 25,10045,,1,0.0,252.0, African-American,0.0,21.0,6
0,Low,0.0,0,0.0,Male,25 - 45,4029,M,1,0.0,336.0,Hispanic,0.0,28.0,2
0,High,0.0,0,0.0,male,Greater than 45,8359,F,1,0.0,576.0,Caucasian,0.0,48.0,8
0,MEDIUM,3.0,0,0.0,Male,25 - 45,6649,M,1,0.0,492.0,Caucasian,3.0,41.0,5
0,High,15.0,0,0.0,Male,Greater than 45,8062,F,1,0.0,612.0,African-American,15.0,51.0,8
0,Low,1.0,0,0.0,Male,Greater than 45,6982,F,1,0.0,708.0,Hispanic,1.0,59.0,2
0,Medium,2.0,0,0.0,Female,Less than 25,758,F,1,0.0,264.0,Hispanic,2.0,22.0,5
0,Low,0.0,0,0.0,Female,25 - 45,8819,F,0,0.0,348.0,Other,0.0,29.0,3
0,Low,0.0,0,0.0,Male,25 - 45,5692,M,1,0.0,480.0,Caucasian,0.0,40.0,1
3,high,11.0,2,5.0,Male,25 - 45,8834,F,1,0.0,396.0,African-American,11.0,33.0,8
0,Medium,0.0,0,0.0,Female,25 - 45,9729,F,1,0.0,468.0,African-American,0.0,39.0,5
0,Medium,2.0,0,0.0,Male,Less than 25,2677,F,0,0.0,264.0,Caucasian,2.0,22.0,5
0,Low,1.0,0,0.0,Male,25 - 45,10357,F,0,0.0,432.0,Caucasian,1.0,36.0,2
0,Medium,6.0,0,0.0,Male,Less than 25,1976,F,1,0.0,276.0,Caucasian,6.0,23.0,5
1,Low,0.0,0,1.0,Male,25 - 45,9693,F,0,0.0,312.0,Hispanic,0.0,26.0,2
2,Medium,0.0,0,2.0,Male,Less than 25,1143,F,1,0.0,240.0,African-American,0.0,20.0,5
0,Low,1.0,0,0.0,Male,25 - 45,4928,F,0,0.0,300.0,Other,1.0,25.0,3
0,Low,3.0,0,0.0,Male,25 - 45,1575,M,1,0.0,336.0,African-American,3.0,28.0,3
0,Low,,0,0.0,Male,Greater than 45,10329,M,0,0.0,636.0,-,,53.0,1
0,Medium,1.0,0,0.0,male,25 - 45,6296,m,1,0.0,372.0,African-American,1.0,31.0,5
0,Low,0.0,0,0.0,FEMALE,25 - 45,3411,F,0,0.0,324.0,CAUCASIAN,0.0,27.0,2
0,Medium,0.0,0,0.0,MALE,Less than 25,8222,F,1,0.0,252.0,Caucasian,0.0,21.0,5
0,Low,0.0,0,0.0,Male,Greater than 45,5505,F,0,0.0,720.0,African-American,0.0,60.0,1
0,low,0.0,0,0.0,Male,25 - 45,7618,F,0,0.0,384.0,Other,0.0,32.0,1
0,Low,0.0,0,0.0,Female,Greater than 45,10443,m,0,0.0,540.0,Hispanic,0.0,45.0,1
0,Medium,1.0,0,0.0,Male,25 - 45,7234,F,0,0.0,444.0,?,1.0,37.0,5
0,Low,0.0,0,0.0,Male,25 - 45,3192,M,0,0.0,444.0,Caucasian,0.0,37.0,1
2,Medium,4.0,0,7.0,Male,Less than 25,9604,,1,5.0,216.0,African-American,4.0,18.0,5
0,Low,0.0,0,0.0,Male,Greater than 45,5985,M,0,0.0,780.0,Caucasian,0.0,65.0,1
0,High,3.0,1,1.0,Male,25 - 45,9826,F,1,0.0,348.0,African-American,3.0,29.0,10
0,Low,10.0,0,1.0,Male,25 - 45,9600,F,1,1.0,456.0,Caucasian,10.0,38.0,4
0,Medium,1.0,0,0.0,Male,Less than 25,10193,M,0,0.0,,African-American,1.0,,5
1,High,4.0,0,2.0,Male,25 - 45,454,M,1,1.0,324.0,African-American,4.0,27.0,8
0,Low,2.0,0,0.0,MALE,25 - 45,8151,M,0,0.0,492.0,Hispanic,2.0,41.0,2
0,Low,1.0,0,0.0,Male,Less than 25,3854,Felony,1,0.0,264.0,African-American,1.0,22.0,3
0,High,5.0,0,0.0,Female,25 - 45,9811,F,1,0.0,300.0,-,5.0,25.0,9
0,Medium,3.0,0,0.0,Male,25 - 45,10652,Misdemeanor,1,0.0,396.0,African-American,3.0,33.0,6
0,Low,3.0,0,0.0,Male,Greater than 45,7726,M,0,0.0,,Caucasian,3.0,,2
0,High,11.0,0,1.0,Male,25 - 45,4014,F,1,1.0,408.0,African-American,11.0,34.0,8
0,high,6.0,0,0.0,Male,25 - 45,7587,M,1,0.0,372.0,African-American,6.0,31.0,10
0,Medium,11.0,0,0.0, Male,25 - 45,9436,F,1,0.0,324.0,African-American,11.0,27.0,7
0,High,12.0,0,0.0,Male,Greater than 45,9788,Felony,0,0.0,660.0,African-American,12.0,55.0,8
0,Low,,0,0.0,Female,Greater than 45,8112,M,0,0.0,660.0,African-American,,55.0,1
0,Medium,2.0,0,0.0,Female,25 - 45,1780,F,0,0.0,420.0,African-American,2.0,35.0,5
0,High,6.0,0,0.0,Male,25 - 45,6160,F,1,0.0,348.0,African-American,6.0,29.0,8
0,Low,0.0,0,0.0,Male,Greater than 45,2990,M,0,0.0,660.0,Caucasian,0.0,55.0,1
0,Low,,0,0.0,Male,Greater than 45,3860,M,0,0.0,636.0,Caucasian,,53.0,1
0,Medium,0.0,0,0.0,Male,25 - 45,6685,M,0,0.0,528.0,African-American,0.0,44.0,5
0,High,0.0,0,0.0,Female,25 - 45,4404,F,1,0.0,336.0,African-American,0.0,28.0,10
0,High,0.0,0,0.0,Male,Less than 25,9670,f,0,0.0,276.0,Caucasian,0.0,23.0,2
0,Medium,4.0,0,0.0,Female,25 - 45,8483,F,0,0.0,360.0,African-American,4.0,30.0,5
0,Low,1.0,0,0.0,Male,25 - 45,9753,M,0,0.0,372.0,Other,1.0,31.0,1
0,Medium,1.0,0,0.0,Female,25 - 45,1938,M,0,0.0,528.0,Caucasian,1.0,44.0,5
1,Low,2.0,0,1.0,Male,25 - 45,4032,M,0,0.0,336.0, Caucasian,2.0,28.0,4
0,Low,-,0,0.0,Male,25 - 45,10484,M,0,0.0,348.0,Caucasian,-,29.0,1
0,Low,0.0,0,0.0,Male,25 - 45,7123,M,1,0.0,324.0,African-American,0.0,27.0,2
0,Low,0.0,0,0.0,Female,25 - 45,1242,Misdemeanor,1,0.0,444.0,Other,0.0,37.0,1
1,Medium,0.0,0,1.0,male,Less than 25,398,F,0,0.0,264.0,Hispanic,0.0,22.0,7
0,Medium,5.0,0,0.0,Male,Greater than 45,10084,F,0,0.0,552.0,Caucasian,5.0,46.0,5
0,Low,1.0,0,0.0,Male,25 - 45,6979,M,0,0.0,336.0,Caucasian,1.0,28.0,2
0,Medium,11.0,0,0.0,Male,25 - 45,5551,F,0,0.0,456.0,African-American,11.0,38.0,6
0,Low,0.0,0,0.0,Male,25 - 45,1848,F,1,0.0,528.0, Caucasian,0.0,44.0,2
0,Low,2.0,0,0.0,Female,25 - 45,3345,F,0,0.0,408.0,Caucasian,2.0,34.0,3
0,Low,6.0,0,0.0,Male,25 - 45,2276,M,0,0.0,444.0,Other,6.0,37.0,1
0,Low,1.0,0,0.0,Female,Greater than 45,6883,M,0,0.0,648.0,Caucasian,1.0,54.0,2
0,Low,3.0,0,0.0,Male,Greater than 45,4888,F,0,0.0,708.0,African-American,3.0,59.0,3
0,Low,,0,0.0,Male,Greater than 45,9428,M,0,0.0,624.0,Caucasian,,52.0,2
0,Low,3.0,0,0.0,Male,Greater than 45,3855,Misdemeanor,0,0.0,720.0,Caucasian,3.0,60.0,1
0,Low,1.0,0,0.0,Male,Greater than 45,1069,F,0,0.0,636.0,Caucasian,1.0,53.0,1
0,High,2.0,0,0.0,Male,Less than 25,7825,F,1,0.0,276.0,African-American,2.0,23.0,8
0,Low,1.0,0,0.0,Male,25 - 45,932,M,0,0.0,516.0,-,1.0,43.0,1
0,Low,3.0,0,0.0,MALE,25 - 45,5176,M,0,0.0,324.0,African-American,3.0,27.0,2
0,Medium,-,0,0.0,Male,25 - 45,2654,M,0,0.0,324.0,African-American,-,27.0,7
0,Low,2.0,0,0.0,Female,Less than 25,6123,F,0,0.0,264.0,Caucasian,2.0,22.0,3
0,Low,2.0,0,0.0,Male,25 - 45,6774,M,0,0.0,456.0,Hispanic,2.0,38.0,2
0,Medium,1.0,0,0.0,Female,25 - 45,10052,F,0,0.0,504.0,African-American,1.0,42.0,5
0,Low,,0,0.0,Female,Greater than 45,756,M,0,0.0,708.0,Caucasian,,59.0,1
0,High,8.0,0,0.0,Male,25 - 45,2933,F,1,0.0,312.0,African-American,8.0,26.0,8
0,Low,N/A,0,0.0,Male,25 - 45,3573,F,0,0.0,504.0,African-American,N/A,42.0,1
0,High,1.0,0,1.0,Male,Less than 25,6732,F,1,1.0,240.0,Caucasian,1.0,20.0,9
0,High,0.0,0,0.0,Male,25 - 45,10606,M,0,0.0,300.0,Caucasian,0.0,25.0,9
0,Low,5.0,0,0.0,Male,25 - 45,1361,M,1,0.0,324.0,African-American,5.0,27.0,3
0,High,5.0,0,0.0,Male,25 - 45,9531,F,1,0.0,312.0,Hispanic,5.0,26.0,9
0,Low,1.0,0,0.0,Male,Less than 25,3957,M,0,0.0,288.0,Hispanic,1.0,24.0,2
0,Low,1.0,0,0.0,Male,Greater than 45,4411,F,0,0.0,600.0,Caucasian,1.0,50.0,3
0,Medium,3.0,0,0.0,Male,Less than 25,4488,F,1,0.0,276.0,Hispanic,3.0,23.0,6
0,Low,3.0,0,0.0,Male,Greater than 45,5738,F,0,,612.0,African-American,3.0,51.0,3
0,Low,1.0,0,0.0,Male,25 - 45,32,M,0,0.0,516.0,Caucasian,1.0,43.0,1
0,High,1.0,0,0.0,Male,Less than 25,5438,,1,0.0,240.0,African-American,1.0,20.0,10
0,Medium,12.0,0,1.0,Male,25 - 45,7770,F,0,1.0,336.0,African-American,12.0,28.0,5
0,Low,0.0,0,0.0,Female,Greater than 45,6267,M,1,0.0,612.0,Caucasian,0.0,51.0,1
0,High,0.0,0,0.0,Female,25 - 45,3170,M,1,,324.0,African-American,0.0,27.0,8
0,MEDIUM,11.0,0,0.0,Male,25 - 45,311,Felony,1,0.0,516.0,Caucasian,11.0,43.0,5
0,High,,0,0.0,Female,Greater than 45,3681,f,0,0.0,624.0,African-American,,52.0,9
0,High,14.0,0,0.0,Female,25 - 45,1737,F,0,0.0,408.0,African-American,14.0,34.0,9
0,Low,0.0,0,0.0,Male,25 - 45,5330,M,1,0.0,348.0,African-American,0.0,29.0,1
0,LOW,1.0,0,0.0,Male,25 - 45,9123,F,0,0.0,468.0,Caucasian,1.0,39.0,1
0,Low,0.0,0,0.0,Male,Greater than 45,3965,M,0,0.0,804.0,Caucasian,0.0,67.0,1
0,High,1.0,0,0.0,Female,Less than 25,5383,F,1,0.0,228.0,African-American,1.0,19.0,9
0,Medium,1.0,0,0.0,Male,25 - 45,5078,F,0,0.0,324.0,African-American,1.0,27.0,7
0,Low,0.0,0,0.0,Female,25 - 45,3666,M,0,0.0,372.0,African-American,0.0,31.0,2
0,Medium,4.0,0,0.0,?,25 - 45,5900,F,0,0.0,384.0,Caucasian,4.0,32.0,5
0,Low,1.0,0,0.0,Male,25 - 45,6949,M,1,0.0,,Caucasian,1.0,,1
0,Low,2.0,0,0.0,Male,Greater than 45,10543,M,1,0.0,612.0,Caucasian,2.0,51.0,1
0,Medium,1.0,0,0.0,Male,Less than 25,1535,,1,0.0,264.0,Hispanic,1.0,22.0,7
0,Low,0.0,0,0.0,Male,25 - 45,1094,f,1,0.0,300.0,Caucasian,0.0,25.0,2
1,Low,1.0,0,1.0, Male,Less than 25,93,F,1,0.0,264.0,-,1.0,22.0,4
1,High,2.0,0,3.0,Male,Less than 25,2048,F,1,2.0,252.0,African-American,2.0,21.0,10
0,Medium,3.0,0,0.0,Male,25 - 45,6321,M,0,0.0,384.0,African-American,3.0,32.0,6
0,Low,0.0,0,0.0,Male,25 - 45,8544,M,1,0.0,348.0,Caucasian,0.0,29.0,1
0,Low,5.0,0,0.0,Male,Greater than 45,9344,F,1,0.0,576.0,African-American,5.0,48.0,4
2,Medium,6.0,0,2.0,Male,25 - 45,2759,m,0,0.0,384.0,Caucasian,6.0,32.0,7
2,Low,0.0,0,2.0,Male,Less than 25,9030,F,0,0.0,240.0,Hispanic,0.0,20.0,3
0,High,3.0,3,3.0,Male,Less than 25,9061,F,1,0.0,240.0,African-American,3.0,20.0,8
3,High,12.0,1,4.0,Male,25 - 45,4643,M,1,0.0,384.0,African-American,12.0,32.0,10
0,Low,1.0,1,1.0,Male,25 - 45,810,M,1,0.0,300.0,African-American,1.0,25.0,3
0,Medium,5.0,0,0.0,Male,25 - 45,6229,M,1,0.0,456.0,Caucasian,5.0,38.0,5
1,High,0.0,0,1.0,Male,Less than 25,5043,F,1,0.0,276.0, Caucasian,0.0,23.0,9
0,Low,17.0,0,0.0,Male,25 - 45,7884,F,1,0.0,468.0,CAUCASIAN,17.0,39.0,2
0,Low,7.0,0,0.0,Female,Greater than 45,3038,M,0,0.0,768.0, Caucasian,7.0,64.0,3
0,High,16.0,1,1.0,Male,25 - 45,1240,F,0,0.0,348.0,African-American,16.0,29.0,10
0,Low,3.0,0,0.0,Female,25 - 45,1821,M,0,0.0,312.0,Caucasian,3.0,26.0,3
0,High,2.0,0,2.0,Male,Less than 25,2019,F,1,2.0,240.0,African-American,2.0,20.0,8
0,Medium,8.0,0,0.0,MALE,25 - 45,8288,F,0,0.0,444.0,African-American,8.0,37.0,5
0,Low,0.0,0,0.0,Male,25 - 45,344,M,0,0.0,492.0,african-american,0.0,41.0,1
0,Low,0.0,0,0.0,Male,Less than 25,7707,F,1,0.0,264.0,Hispanic,0.0,22.0,4
0,Low,5.0,0,0.0,Male,25 - 45,10803,F,0,0.0,408.0,Caucasian,5.0,34.0,1
0,High,0.0,0,0.0,Female,Less than 25,3891,F,1,0.0,252.0,African-American,0.0,21.0,8
0,Low,1.0,0,0.0,Female,Greater than 45,1676,M,0,0.0,648.0,Caucasian,1.0,54.0,3
0,Low,0.0,0,0.0,Male,25 - 45,7651,F,0,0.0,360.0,Other,0.0,30.0,2
0,Medium,10.0,0,0.0,Male,25 - 45,9318,F,1,,360.0,African-American,10.0,30.0,6
0,Medium,1.0,0,0.0,Male,25 - 45,6986,M,0,,432.0,Hispanic,1.0,36.0,5
0,Medium,6.0,0,0.0, Male,25 - 45,265,M,1,0.0,336.0,African American,6.0,28.0,6
0,Medium,5.0,0,0.0,Female,25 - 45,7264,M,1,0.0,396.0,Caucasian,5.0,33.0,6
0,High,0.0,0,0.0,MALE,Less than 25,1131,F,1,0.0,252.0,African-American,0.0,21.0,10
0,Low,0.0,0,0.0,Male,25 - 45,7388,Misdemeanor,0,0.0,384.0,Asian,0.0,32.0,1
1,High,7.0,0,1.0,Male,25 - 45,6094,F,1,0.0,360.0,Caucasian,7.0,30.0,10
0,Low,0.0,0,0.0,Male,Greater than 45,7472,M,0,0.0,960.0,Caucasian,0.0,80.0,1
0,LOW,0.0,0,0.0,Male,Less than 25,1605,M,0,0.0,264.0,Hispanic,0.0,22.0,3
0,High,7.0,0,0.0,Male,25 - 45,8343,F,1,0.0,360.0,Hispanic,7.0,30.0,8
0,medium,0.0,0,0.0,Male,Less than 25,8319,F,1,0.0,276.0,Hispanic,0.0,23.0,5
0,Low,0.0,0,0.0,male,25 - 45,3991,M,0,0.0,348.0,Hispanic,0.0,29.0,2
3,LOW,1.0,0,3.0,Male,Less than 25,9953,f,1,0.0,276.0,African-American,1.0,23.0,3
0,Low,0.0,0,0.0,Female,25 - 45,10243,M,0,0.0,348.0,Hispanic,0.0,29.0,3
0,Medium,5.0,0,0.0,Male,25 - 45,1849,F,1,,336.0,African-American,5.0,28.0,6
0,High,0.0,0,0.0,Female,Less than 25,9174,F,1,0.0,240.0,Caucasian,0.0,20.0,8
0,Low,1.0,0,0.0,Male,Greater than 45,9937,F,1,0.0,540.0,African-American,1.0,45.0,1
0,Low,0.0,0,0.0,Male,25 - 45,9148,F,0,0.0,360.0,Caucasian,0.0,30.0,3
0,Low,0.0,0,0.0,Female,25 - 45,10270,M,1,0.0,348.0,Hispanic,0.0,29.0,2
4,High,14.0,0,5.0,MALE,25 - 45,7183,F,0,1.0,456.0,African-American,14.0,38.0,8
0,Medium,0.0,0,0.0,Female,25 - 45,8741,f,1,0.0,360.0,Caucasian,0.0,30.0,6
0,Medium,4.0,0,0.0,Male,25 - 45,9072,M,1,0.0,444.0,African-American,4.0,37.0,7
0,Low,5.0,0,0.0,Female,25 - 45,8475,F,0,0.0,384.0,Caucasian,5.0,32.0,2
0,Low,1.0,0,0.0,Male,Less than 25,113,M,1,0.0,264.0,African-American,1.0,22.0,3
0,High,0.0,0,0.0,Male,Less than 25,9506,Misdemeanor,1,0.0,288.0,African-American,0.0,24.0,9
0,Low,8.0,0,0.0, Male,Greater than 45,5360,F,0,0.0,624.0,Caucasian,8.0,52.0,2
0,Low,0.0,0,0.0,Male,Greater than 45,10300,M,0,0.0,672.0,CAUCASIAN,0.0,56.0,1
0,Medium,-,0,0.0,Male,25 - 45,4403,F,0,0.0,480.0,African-American,-,40.0,7
0,Low,1.0,0,0.0,Male,Greater than 45,3963,F,0,0.0,588.0,Caucasian,1.0,49.0,1
0,High,9.0,0,0.0,Male,25 - 45,1791,F,1,0.0,336.0,African-American,9.0,28.0,8
0,Medium,3.0,0,0.0,Male,25 - 45,6322,F,1,0.0,348.0,Caucasian,3.0,29.0,6
0,Low,1.0,0,0.0,Female,25 - 45,9979,M,0,0.0,408.0,Caucasian,1.0,34.0,1
0,Low,2.0,0,0.0,Male,25 - 45,9434,F,0,0.0,420.0,African-American,2.0,35.0,1
0,Low,,0,0.0,Male,Greater than 45,7672,M,0,,564.0,Other,,47.0,1
0,Medium,9.0,0,0.0,Female,25 - 45,7766,F,1,0.0,372.0,Caucasian,9.0,31.0,7
0,Medium,0.0,0,0.0,Female,Less than 25,2828,,1,0.0,-36.0,African-American,0.0,-3.0,7
0,High,2.0,2,2.0,Male,Less than 25,523,F,1,0.0,228.0,African-American,2.0,19.0,10
1,High,6.0,0,1.0,Male,25 - 45,5952,F,0,0.0,372.0,African-American,6.0,31.0,9
0,Low,2.0,0,0.0,Male,25 - 45,2874,M,1,0.0,396.0,African-American,2.0,33.0,2
0,Low,13.0,0,0.0,Male,25 - 45,5754,F,1,0.0,408.0,-,13.0,34.0,4
0,Low,0.0,0,0.0,Male,25 - 45,3413,F,1,0.0,360.0,Caucasian,0.0,30.0,4
0,Medium,14.0,0,-1.0,Male,Greater than 45,6337,F,0,-1.0,612.0,African-American,14.0,51.0,5
0,Low,2.0,0,0.0,Male,25 - 45,7337,F,0,0.0,,Other,2.0,,1
0,Low,2.0,0,0.0,Male,25 - 45,2034,F,0,0.0,444.0,Caucasian,2.0,37.0,2
0,low,4.0,0,0.0,Female,Greater than 45,3230,Felony,0,0.0,552.0, African-American,4.0,46.0,4
0,Low,1.0,0,0.0,Female,25 - 45,9627,F,1,0.0,348.0,Caucasian,1.0,29.0,4
0,Low,0.0,0,0.0,Male,Less than 25,7699,,1,0.0,288.0,African-American,0.0,24.0,2
0,Low,2.0,0,0.0,Male,25 - 45,9381,M,0,0.0,420.0,Caucasian,2.0,35.0,1
0,Low,0.0,0,0.0,Male,25 - 45,1847,M,0,0.0,504.0,African-American,0.0,42.0,1
0,Low,5.0,0,0.0,Male,25 - 45,7028,f,1,0.0,432.0,Caucasian,5.0,36.0,3
0,Medium,0.0,0,0.0,male,25 - 45,3438,M,1,0.0,312.0,Caucasian,0.0,26.0,6
0,High,16.0,0,0.0,Male,25 - 45,6274,F,1,0.0,336.0,Hispanic,16.0,28.0,10
0,Low,,0,0.0,MALE,Greater than 45,9830,Felony,0,0.0,576.0,Caucasian,,48.0,2
0,medium,0.0,0,0.0,male,25 - 45,2388,F,0,0.0,312.0,Other,0.0,26.0,7
0,High,15.0,0,0.0,Male,Less than 25,6603,F,1,0.0,288.0,African-American,15.0,24.0,9
1,Medium,8.0,0,3.0, Male,25 - 45,7717,F,1,2.0,408.0,African-American,8.0,34.0,7
0,Medium,,0,0.0, Male,Greater than 45,3396,M,0,0.0,564.0,African-American,,47.0,5
0,Low,1.0,0,0.0,Male,Less than 25,4513,,1,0.0,288.0,Other,1.0,24.0,4
0,Low,2.0,0,0.0,Male,25 - 45,10921,M,0,0.0,312.0,African-American,2.0,26.0,2
0,High,19.0,0,0.0,Male,25 - 45,5010,F,1,0.0,456.0,African-American,19.0,38.0,9
0,Medium,8.0,0,0.0,Male,25 - 45,2479,M,1,0.0,372.0,-,8.0,31.0,7
0,High,1.0,0,0.0,Male,Less than 25,3116,F,1,,276.0,AFRICAN-AMERICAN,1.0,23.0,10
0,Low,0.0,0,0.0,Male,Greater than 45,8922,F,0,0.0,756.0,Caucasian,0.0,63.0,1
0,Low,4.0,0,0.0,Male,Greater than 45,2651,M,0,0.0,708.0,African-American,4.0,59.0,2
0,High,11.0,0,0.0,Male,25 - 45,6117,f,1,0.0,444.0,African-American,11.0,37.0,8
0,Medium,5.0,0,0.0,Female,25 - 45,2268,F,0,0.0,300.0,Caucasian,5.0,25.0,7
0,Low,1.0,0,0.0,Male,Less than 25,8435,F,0,0.0,288.0,African-American,1.0,24.0,2
0,High,4.0,0,0.0,Female,Less than 25,2876,,1,0.0,276.0,African-American,4.0,23.0,8
0,Medium,1.0,0,0.0,Female,25 - 45,2182,F,1,0.0,312.0,African-American,1.0,26.0,6
0,High,3.0,0,0.0,Male,25 - 45,3331,F,1,0.0,312.0,African-American,3.0,26.0,10
0,Low,0.0,0,0.0,Female ,25 - 45,1366,M,0,0.0,504.0,Caucasian,0.0,42.0,1
0,Low,14.0,0,0.0,Male,Greater than 45,4564,F,1,0.0,612.0,Other,14.0,51.0,4
0,High,9.0,0,0.0,Male,25 - 45,10346,M,1,0.0,372.0,?,9.0,31.0,8
0,High,3.0,0,0.0,Female,25 - 45,7252,F,1,0.0,312.0,African-American,3.0,26.0,10
0,Medium,0.0,0,0.0,Male,Greater than 45,8570,F,1,0.0,540.0,Caucasian,0.0,45.0,6
0,Low,1.0,0,0.0,Male,Less than 25,5992,M,0,0.0,288.0,African American,1.0,24.0,3
0,Medium,0.0,0,0.0,Female,25 - 45,8473,M,1,0.0,408.0,Caucasian,0.0,34.0,7
0,Low,0.0,0,0.0,male,Less than 25,7920,,0,0.0,264.0,African-American,0.0,22.0,4
0,Medium,8.0,0,0.0,Male,25 - 45,2490,F,1,0.0,444.0,African-American,8.0,37.0,5
0,Low,0.0,0,0.0,Male,Less than 25,3157,F,0,0.0,288.0,Caucasian,0.0,24.0,4
0,Low,6.0,0,0.0,Male,Greater than 45,5973,M,1,0.0,612.0,Caucasian,6.0,51.0,1
0,Low,4.0,0,0.0,Male,25 - 45,356,F,0,0.0,300.0,Hispanic,4.0,25.0,4
0,Low,2.0,0,0.0,Male,25 - 45,8042,M,0,0.0,516.0,Other,2.0,43.0,1
0,Low,0.0,0,0.0,Female,25 - 45,4426,M,0,0.0,516.0,Caucasian,0.0,43.0,2
0,low,0.0,0,0.0,Male,25 - 45,8684,F,0,0.0,360.0,African-American,0.0,30.0,4
0,Low,,0,0.0,Male,Greater than 45,8905,M,0,0.0,624.0,Caucasian,,52.0,1
0,Low,2.0,0,0.0,Female,Greater than 45,9517,f,0,0.0,,Caucasian,2.0,,1
0,Low,13.0,0,0.0,Male,Greater than 45,3687,F,1,0.0,540.0,African-American,13.0,45.0,1
0,Medium,0.0,0,0.0,Male,25 - 45,5596,F,0,0.0,300.0,Caucasian,0.0,25.0,6
2,Low,1.0,0,2.0,Male,Less than 25,4730,F,1,0.0,240.0,Caucasian,1.0,20.0,2
0,High,17.0,0,1.0,Male,25 - 45,8700,F,1,1.0,444.0,African-American,17.0,37.0,9
0,High,12.0,0,0.0,Male,25 - 45,6371,F,1,0.0,444.0,African-American,12.0,37.0,9
0,low,,0,0.0,Male,Greater than 45,7260,F,1,0.0,648.0,Hispanic,,54.0,1
0,Low,3.0,0,0.0,Male,25 - 45,3292,F,0,0.0,456.0,Hispanic,3.0,38.0,4
0,Medium,1.0,0,0.0,male,25 - 45,6208,F,0,0.0,300.0,African-American,1.0,25.0,6
0,Medium,0.0,0,0.0,Male,25 - 45,4255,F,0,,324.0,Caucasian,0.0,27.0,5
0,low,0.0,0,0.0,Female,25 - 45,6763,M,0,0.0,432.0,Caucasian,0.0,36.0,2
0,Medium,9.0,0,0.0,Male,25 - 45,10009,F,1,0.0,348.0,African-American,9.0,29.0,7
0,High,8.0,0,0.0,Male,25 - 45,10511,M,1,0.0,,African-American,8.0,,9
0,LOW,5.0,0,0.0,Male,25 - 45,8164,M,0,,360.0,African-American,5.0,30.0,3
0,High,2.0,0,0.0,MALE,Less than 25,2772,M,1,0.0,276.0,African-American,2.0,23.0,8
0,Medium,5.0,0,0.0,Male,25 - 45,5482,F,1,0.0,360.0,Other,5.0,30.0,5
0,Low,0.0,0,0.0,Male,25 - 45,5882,F,1,0.0,528.0,African-American,0.0,44.0,2
0,High,0.0,0,0.0,Male,Less than 25,3406,M,1,0.0,252.0,-,0.0,21.0,8
0,Medium,17.0,2,2.0,Male,25 - 45,10506,F,1,0.0,324.0,African-American,17.0,27.0,7
0,Low,2.0,0,0.0,Male,25 - 45,7736,F,0,0.0,408.0,African-American,2.0,34.0,3
0,low,5.0,0,0.0,Male,25 - 45,680,F,0,0.0,456.0,African-American,5.0,38.0,3
0,High,1.0,0,0.0,Male,25 - 45,9497,F,0,0.0,468.0,African-American,1.0,39.0,8
0,Low,1.0,0,0.0,Male,25 - 45,8663,F,1,0.0,312.0,Other,1.0,26.0,4
0,High,6.0,0,0.0,Male,25 - 45,9529,F,1,0.0,420.0,African-American,6.0,35.0,8
4,Medium,2.0,0,4.0,Male,Less than 25,9591,,1,0.0,240.0,African-American,2.0,20.0,5
0,High,13.0,0,0.0,Male,25 - 45,7449,F,1,0.0,432.0,African-American,13.0,36.0,9
0,Low,1.0,0,0.0,Male,Greater than 45,10769,M,0,0.0,624.0,Caucasian,1.0,52.0,1
2,High,13.0,2,4.0,Male,25 - 45,9636,F,1,0.0,360.0,African-American,13.0,30.0,10
0,Medium,-,0,0.0,Female,25 - 45,5931,F,0,0.0,336.0,Caucasian,-,28.0,7
0,Low,6.0,0,0.0,Male,Greater than 45,10432,F,0,0.0,540.0,African-American,6.0,45.0,4
1,High,15.0,4,5.0,Male,25 - 45,8991,F,1,0.0,348.0,African-American,15.0,29.0,9
0,Medium,8.0,0,0.0,Male,25 - 45,7832,M,1,0.0,480.0, African-American,8.0,40.0,6
3,Medium,12.0,0,3.0,Male,25 - 45,10176,F,1,0.0,492.0,African-American,12.0,41.0,6
0,Medium,8.0,0,0.0,MALE,25 - 45,7859,F,1,0.0,348.0,Other,8.0,29.0,6
0,Low,2.0,0,0.0,Male,25 - 45,5065,M,0,0.0,504.0,Caucasian,2.0,42.0,4
0,Medium,0.0,0,0.0,Male,Less than 25,7041,,1,0.0,264.0,African-American,0.0,22.0,5
1,Low,0.0,0,1.0,Male,Less than 25,8453,,1,0.0,264.0,Hispanic,0.0,22.0,2
0,Low,,0,0.0,Female,Greater than 45,1756,F,1,0.0,672.0,Caucasian,,56.0,2
0,Low,2.0,0,0.0,Male,25 - 45,5745,F,0,0.0,348.0,African-American,2.0,29.0,3
0,Low,8.0,0,0.0,Male,25 - 45,1233,F,0,0.0,312.0,Caucasian,8.0,26.0,4
0,Low,N/A,0,0.0,Male,25 - 45,8220,Felony,0,0.0,396.0,Hispanic,N/A,33.0,2
0,low,0.0,0,0.0,Female,Less than 25,6055,F,1,0.0,276.0,African-American,0.0,23.0,3
0,Low,0.0,0,0.0,Male,Less than 25,6222,F,1,0.0,276.0,Other,0.0,23.0,3
0,Medium,2.0,0,0.0,Male,25 - 45,10198,F,0,0.0,420.0,Other,2.0,35.0,5
0,Low,,0,0.0,Male,Greater than 45,1177,M,0,0.0,564.0,Caucasian,,47.0,1
0,High,5.0,0,0.0,Male,25 - 45,2240,F,1,0.0,300.0,african-american,5.0,25.0,9
0,Low,0.0,0,0.0,MALE,25 - 45,7327,M,0,0.0,468.0,African-American,0.0,39.0,1
0,Low,5.0,0,0.0,Female,25 - 45,5632,M,1,0.0,504.0,Caucasian,5.0,42.0,4
1,Low,1.0,0,1.0,Male,25 - 45,7110,F,0,0.0,300.0,Caucasian,1.0,25.0,4
0,Low,0.0,0,0.0,Male,25 - 45,3729,F,0,0.0,408.0,African-American,0.0,34.0,1
0,Low,0.0,0,0.0, Male,Greater than 45,2451,M,0,0.0,732.0,Caucasian,0.0,61.0,1
0,Low,0.0,0,0.0,Male,Greater than 45,4925,F,0,0.0,744.0,Caucasian,0.0,62.0,1
0,Low,0.0,0,0.0,?,25 - 45,6729,F,0,0.0,456.0,Hispanic,0.0,38.0,2
0,HIGH,13.0,0,0.0,Male,25 - 45,286,F,1,0.0,384.0,African-American,13.0,32.0,10
0,High,10.0,0,1.0,Male,25 - 45,6597,F,1,1.0,408.0,African-American,10.0,34.0,9
0,High,10.0,4,5.0,Male,25 - 45,8522,F,1,1.0,300.0,Hispanic,10.0,25.0,9
0,Medium,0.0,0,0.0,Female,Less than 25,10354,M,0,0.0,288.0,African-American,0.0,24.0,6
0,Medium,3.0,0,0.0,male,25 - 45,1221,M,0,0.0,348.0,Other,3.0,29.0,7
0,Low,0.0,0,0.0,Male,25 - 45,3897,F,1,0.0,360.0,Caucasian,0.0,30.0,3
0,Medium,1.0,0,0.0,Female,Less than 25,8160,,0,0.0,240.0,Caucasian,1.0,20.0,5
0,Low,0.0,0,0.0,Male,Less than 25,10218,M,1,0.0,264.0,African-American,0.0,22.0,4
2,High,14.0,3,5.0,Female,25 - 45,3499,F,1,0.0,360.0,African-American,14.0,30.0,10
0,Low,0.0,0,0.0,Male,25 - 45,9677,F,0,0.0,396.0,African-American,0.0,33.0,1
0,High,1.0,0,1.0, Male,Less than 25,10949,F,1,1.0,228.0,African-American,1.0,19.0,9
0,Medium,2.0,0,0.0,Male,25 - 45,3767,F,1,0.0,384.0,Caucasian,2.0,32.0,5
0,Medium,0.0,0,0.0,Male,25 - 45,6697,M,0,0.0,468.0,Caucasian,0.0,39.0,5
0,Low,1.0,0,0.0,Male,25 - 45,2612,F,0,0.0,468.0,African-American,1.0,39.0,3
0,Low,2.0,0,0.0,Male,Greater than 45,8458,F,0,0.0,540.0,Caucasian,2.0,45.0,1
0,Low,2.0,0,0.0,Male,25 - 45,9797,F,1,0.0,360.0,African-American,2.0,30.0,4
0,High,5.0,1,1.0,Male,25 - 45,8035,M,1,0.0,372.0,African-American,5.0,31.0,9
0,High,20.0,0,0.0,Male,25 - 45,5456,F,1,0.0,444.0,African-American,20.0,37.0,9
0,Low,0.0,0,0.0,Male,25 - 45,5418,F,0,0.0,324.0,African-American,0.0,27.0,2
0,Medium,5.0,0,0.0,Male,Greater than 45,10127,M,0,0.0,672.0,Caucasian,5.0,56.0,7
0,Low,,0,0.0,Male,Greater than 45,4937,F,0,0.0,576.0,Other,,48.0,2
0,Low,0.0,0,0.0,Male,25 - 45,8155,M,0,0.0,480.0,Caucasian,0.0,40.0,1
0,Medium,2.0,0,0.0,Female,25 - 45,2572,F,1,0.0,336.0,African-American,2.0,28.0,5
0,High,10.0,0,1.0,Male,Less than 25,891,F,1,1.0,288.0,African-American,10.0,24.0,10
0,Low,1.0,0,0.0,Male,25 - 45,9339,F,1,0.0,348.0,Caucasian,1.0,29.0,2
0,High,4.0,0,0.0,Male,25 - 45,9292,F,0,0.0,468.0,African-American,4.0,39.0,9
0,Low,1.0,0,0.0,Female,25 - 45,4433,M,0,0.0,384.0,Hispanic,1.0,32.0,2
0,High,6.0,1,1.0,Male,25 - 45,7037,F,1,0.0,312.0,African-American,6.0,26.0,10
0,High,0.0,0,0.0,Male,Less than 25,10514,F,0,0.0,252.0,Caucasian,0.0,21.0,9
0,high,1.0,0,0.0,male,25 - 45,1714,F,0,0.0,324.0,Caucasian,1.0,27.0,10
0,Low,-,0,0.0,Male,Greater than 45,1038,F,1,0.0,576.0,Caucasian,-,48.0,1
0,High,0.0,0,0.0,Male,Less than 25,5191,M,1,0.0,276.0,Other,0.0,23.0,8
0,High,-,0,1.0,Male,25 - 45,9626,F,1,1.0,324.0,African-American,-,27.0,8
0,Low,0.0,0,0.0,Male,25 - 45,752,M,1,0.0,348.0,Caucasian,0.0,29.0,4
0,Low,0.0,0,0.0,Male,Greater than 45,3283,M,0,0.0,840.0,Caucasian,0.0,70.0,1
1,Low,1.0,0,1.0, Male,25 - 45,1081,M,0,0.0,528.0,African-American,1.0,44.0,1
1,Medium,5.0,0,1.0,Male,25 - 45,1162,F,1,0.0,312.0,African-American,5.0,26.0,7
0,Low,0.0,0,0.0,Male,Greater than 45,345,F,0,0.0,624.0,Caucasian,0.0,52.0,1
0,low,1.0,0,0.0,Male,25 - 45,6489,F,1,0.0,300.0,African-American,1.0,25.0,2
0,High,10.0,0,1.0,Male,25 - 45,3510,M,1,1.0,432.0,Caucasian,10.0,36.0,9
0,Medium,5.0,1,1.0,Male,Less than 25,1293,F,1,0.0,288.0,African-American,5.0,24.0,5
0,Low,0.0,0,0.0,Female,25 - 45,3737,F,0,0.0,324.0,Caucasian,0.0,27.0,2
0,Medium,1.0,0,0.0,Male,25 - 45,7095,M,0,0.0,312.0,Hispanic,1.0,26.0,5
0,Low,0.0,0,0.0,Male,25 - 45,6495,F,0,0.0,348.0,Asian,0.0,29.0,1
0,Low,5.0,0,0.0,Male,Greater than 45,7958,Misdemeanor,0,0.0,696.0,Caucasian,5.0,58.0,2
0,Low,0.0,0,0.0,Male,25 - 45,5605,F,0,0.0,456.0,African-American,0.0,38.0,1
0,Low,0.0,0,0.0,Male,25 - 45,8408,M,0,0.0,324.0,Caucasian,0.0,27.0,2
0,Low,5.0,0,0.0,Male,25 - 45,10911,M,0,0.0,468.0,Caucasian,5.0,39.0,4
0,Low,0.0,0,0.0,Male,Less than 25,8357,F,1,0.0,264.0,African-American,0.0,22.0,3
0,LOW,8.0,1,1.0,Male,Less than 25,10806,F,1,0.0,264.0,African-American,8.0,22.0,4
0,Low,0.0,0,0.0,Male,25 - 45,2525,F,0,0.0,336.0,Caucasian,0.0,28.0,2
0,Low,2.0,0,0.0,Male,Greater than 45,10828,M,1,0.0,780.0,Hispanic,2.0,65.0,1
0,Low,5.0,0,0.0,Male,25 - 45,2363,F,0,0.0,492.0,Caucasian,5.0,41.0,23
0,Low,1.0,0,0.0,Female,25 - 45,2855,M,1,0.0,300.0,african-american,1.0,25.0,3
0,High,18.0,0,0.0,Male,Greater than 45,1082,F,1,0.0,600.0,African-American,18.0,50.0,8
0,High,1.0,0,0.0,Male,25 - 45,5759,F,0,0.0,348.0,African-American,1.0,29.0,8
0,Low,3.0,0,0.0,Female,25 - 45,1491,F,0,0.0,360.0,African-American,3.0,30.0,4
0,Low,1.0,0,0.0,Male,25 - 45,1462,m,0,0.0,360.0,Hispanic,1.0,30.0,1
0,Low,0.0,0,0.0,Male,Greater than 45,6383,M,1,0.0,660.0,Caucasian,0.0,55.0,1
0,Low,0.0,0,0.0,Male,Greater than 45,7296,M,0,0.0,684.0,Other,0.0,57.0,1
0,Medium,500,0,0.0,Male,25 - 45,4805,F,1,0.0,420.0,African-American,500,35.0,7
1,High,1.0,0,2.0,Male,Less than 25,1549,F,1,1.0,240.0,African-American,1.0,20.0,10
1,High,5.0,0,1.0,Male,25 - 45,4580,F,1,0.0,300.0,African-American,5.0,25.0,10
0,Low,0.0,0,0.0,Female,25 - 45,10343,F,0,0.0,468.0,Other,0.0,39.0,1
0,Low,1.0,0,0.0,Male,Less than 25,53,M,1,0.0,288.0,Caucasian,1.0,24.0,2
0,Low,0.0,0,0.0, Male,25 - 45,10044,M,1,0.0,408.0,Caucasian,0.0,34.0,2
0,Low,0.0,0,0.0,Female,Greater than 45,2488,M,1,0.0,,Caucasian,0.0,,1
0,Low,2.0,0,0.0,Female,Greater than 45,633,M,0,0.0,696.0,Caucasian,2.0,58.0,1
0,Low,2.0,0,0.0,Male,25 - 45,2676,F,1,0.0,384.0,Caucasian,2.0,32.0,4
0,Low,0.0,0,0.0,Female ,Less than 25,6110,Felony,0,0.0,276.0,Caucasian,0.0,23.0,3
0,Low,2.0,0,0.0,Male,25 - 45,7092,F,0,0.0,456.0,Caucasian,2.0,38.0,1
0,Low,,0,0.0,male,Greater than 45,6143,F,1,0.0,660.0,african-american,,55.0,4
0,Medium,,0,0.0,Male,Greater than 45,10928,M,0,0.0,708.0,African-American,,59.0,5
0,Medium,1.0,0,0.0,Male,25 - 45,7199,F,0,0.0,336.0,African-American,1.0,28.0,6
0,Low,4.0,0,0.0,Female,Greater than 45,2690,F,1,0.0,636.0,Caucasian,4.0,53.0,1
0,Medium,12.0,0,0.0,Male,Greater than 45,143,M,0,0.0,852.0,African-American,12.0,71.0,7
0,Low,0.0,0,0.0,Male,25 - 45,1894,M,1,0.0,324.0,African-American,0.0,27.0,2
0,Low,0.0,0,0.0,Male,Less than 25,9354,,0,0.0,264.0,Caucasian,0.0,22.0,4
0,Low,1.0,0,0.0,Male,Greater than 45,216,Felony,1,0.0,708.0,Caucasian,1.0,59.0,2
0,Medium,0.0,0,0.0,Female,Less than 25,1795,F,0,0.0,264.0,Hispanic,0.0,22.0,6
0,High,9.0,0,2.0,Male,25 - 45,10692,M,1,2.0,396.0,African-American,9.0,33.0,9
0,Low,3.0,0,0.0,Male,25 - 45,431,F,1,0.0,456.0,Hispanic,3.0,38.0,1
0,Medium,0.0,0,0.0,Male,25 - 45,1993,F,1,0.0,312.0,Caucasian,0.0,26.0,7
0,Medium,5.0,0,0.0, Male,25 - 45,9934,F,1,0.0,336.0,African-American,5.0,28.0,5
0,High,0.0,0,0.0,Male,25 - 45,4230,F,0,0.0,372.0,HISPANIC,0.0,31.0,10
0,Low,13.0,0,0.0,Male,25 - 45,347,f,1,0.0,516.0,Caucasian,13.0,43.0,4
0,Medium,0.0,0,0.0,Male,25 - 45,7082,F,0,0.0,420.0,Hispanic,0.0,35.0,7
0,Medium,19.0,0,0.0,Male,25 - 45,3130,F,0,0.0,492.0,African-American,19.0,41.0,6
0,Medium,5.0,0,0.0,Female,25 - 45,8887,F,1,0.0,324.0,Other,5.0,27.0,6
0,Low,0.0,0,0.0,Female,Greater than 45,10522,M,0,0.0,804.0,Caucasian,0.0,67.0,1
0,Low,,0,0.0,Male,Greater than 45,3838,M,0,0.0,636.0,African-American,,53.0,1
0,Low,2.0,0,0.0, Male,Greater than 45,5885,F,1,0.0,552.0,Caucasian,2.0,46.0,3
0,Low,0.0,0,0.0,Male,Less than 25,7723,F,0,0.0,288.0,Hispanic,0.0,24.0,2
0,Medium,12.0,0,0.0,Male,25 - 45,9319,M,1,0.0,336.0,african-american,12.0,28.0,6
0,Low,2.0,0,0.0,Male,25 - 45,6045,M,0,0.0,468.0,CAUCASIAN,2.0,39.0,3
0,high,12.0,0,3.0,Male,25 - 45,8120,M,0,3.0,,African-American,12.0,,10
0,Low,1.0,0,0.0,Male,25 - 45,10560,F,1,0.0,492.0,Caucasian,1.0,41.0,1
0,Medium,0.0,0,0.0,Female,Less than 25,3294,M,1,0.0,240.0,Other,0.0,20.0,5
0,Low,3.0,0,0.0, Male,Less than 25,9398,,1,0.0,276.0,African-American,3.0,23.0,2
0,High,1.0,0,0.0,MALE,Greater than 45,2605,Misdemeanor,0,0.0,540.0,Hispanic,1.0,45.0,8
0,Low,0.0,0,0.0,Male,25 - 45,2366,M,0,0.0,312.0,Hispanic,0.0,26.0,1
0,Low,,0,0.0,Male,Greater than 45,7620,F,0,0.0,648.0,African-American,,54.0,3
4,Medium,5.0,0,4.0,Female,Less than 25,382,F,1,0.0,276.0,Caucasian,5.0,23.0,5
0,Low,,0,0.0,Male,Greater than 45,3407,M,0,0.0,636.0,Caucasian,,53.0,1
0,Medium,,0,0.0,Female,Greater than 45,2024,F,0,0.0,612.0,Caucasian,,51.0,5
0,Medium,1.0,0,0.0,Male,25 - 45,5942,F,1,0.0,312.0,Caucasian,1.0,26.0,7
0,Medium,2.0,0,0.0,Male,25 - 45,9687,M,0,0.0,528.0,African-American,2.0,44.0,7
0,Low,1.0,0,0.0,Female,25 - 45,10880,M,0,0.0,432.0,Other,1.0,36.0,1
0,Low,0.0,0,0.0,Male,25 - 45,7048,M,1,0.0,336.0,African-American,0.0,28.0,2
0,High,1.0,0,0.0,Female,Less than 25,5433,F,1,0.0,240.0,African-American,1.0,20.0,8
0,Low,0.0,0,0.0,Male,Less than 25,1253,F,1,0.0,252.0,Other,0.0,21.0,3
0,Medium,10.0,0,0.0,Male,25 - 45,5673,F,1,0.0,384.0,African-American,10.0,32.0,6
0,High,13.0,0,0.0,Male,25 - 45,9130,F,1,,420.0,African-American,13.0,35.0,9
1,High,5.0,0,1.0,?,25 - 45,8129,F,1,0.0,324.0,African-American,5.0,27.0,9
0,Low,,0,0.0,Male,Greater than 45,9310,F,0,0.0,672.0,Caucasian,,56.0,1
0,Medium,3.0,0,0.0,Male,25 - 45,1358,M,1,0.0,336.0,African-American,3.0,28.0,6
0,Low,1.0,0,0.0,Male,25 - 45,3678,F,0,0.0,420.0,-,1.0,35.0,2
0,Medium,3.0,1,1.0,Male,25 - 45,10509,Felony,0,0.0,300.0,African-American,3.0,25.0,7
0,low,2.0,0,0.0,Male,25 - 45,4203,F,0,0.0,408.0,Caucasian,2.0,34.0,4
0,Low,3.0,0,0.0,Male,25 - 45,378,M,1,0.0,324.0,African-American,3.0,27.0,2
0,Medium,7.0,0,0.0,Female,25 - 45,10723,F,1,0.0,336.0,Caucasian,7.0,28.0,6
0,Medium,,0,0.0,Male,Greater than 45,4383,M,1,0.0,636.0,African-American,,53.0,7
0,High,5.0,0,0.0,Male,25 - 45,6608,F,1,0.0,384.0,Caucasian,5.0,32.0,9
0,Low,1.0,0,0.0,Male,25 - 45,2938,F,0,0.0,324.0,African-American,1.0,27.0,1
0,Low,250,0,0.0,Male,25 - 45,1176,M,0,0.0,300.0,Caucasian,250,25.0,2
0,Low,0.0,0,0.0,Male,Greater than 45,6137,F,0,0.0,624.0,Caucasian,0.0,52.0,1
1,Medium,2.0,0,1.0,Male,Less than 25,7386,F,1,0.0,276.0,African-American,2.0,23.0,7
0,Low,1.0,0,0.0,female,25 - 45,8710,M,0,0.0,408.0,African-American,1.0,34.0,2
0,Low,0.0,0,0.0,Female,Greater than 45,8703,F,0,0.0,732.0,Caucasian,0.0,61.0,1
0,Low,1.0,0,0.0,male,25 - 45,8929,F,1,0.0,360.0,Hispanic,1.0,30.0,2
0,Medium,2.0,1,1.0,Male,Less than 25,9532,F,1,0.0,252.0,African-American,2.0,21.0,5
0,Medium,5.0,0,0.0,Male,25 - 45,6443,f,0,0.0,336.0,Caucasian,5.0,28.0,5
0,Low,8.0,0,0.0,Male,25 - 45,3234,Felony,0,0.0,468.0,Caucasian,8.0,39.0,1
0,Low,,0,0.0,Male,Greater than 45,4659,M,0,0.0,624.0,Caucasian,,52.0,1
0,Low,0.0,0,0.0, Male,Less than 25,5476,M,1,0.0,276.0,Other,0.0,23.0,2
0,High,1.0,0,0.0,Male,25 - 45,10184,M,0,0.0,360.0,African-American,1.0,30.0,8
0,High,1.0,0,0.0,Male,Less than 25,10339,M,1,0.0,276.0,african-american,1.0,23.0,10
0,Low,2.0,0,0.0,Male,25 - 45,7589,F,1,0.0,312.0,African-American,2.0,26.0,3
0,High,N/A,0,0.0,Male,25 - 45,8367,F,1,0.0,360.0,African-American,N/A,30.0,10
0,High,2.0,1,1.0,Male,Less than 25,10819,,1,0.0,240.0,Asian,2.0,20.0,10
1,Low,4.0,0,1.0,Male,Less than 25,9273,F,1,0.0,276.0,Caucasian,4.0,23.0,4
0,Low,1.0,0,0.0,Male,25 - 45,8733,F,0,0.0,360.0,African-American,1.0,30.0,2
0,Low,0.0,0,0.0,male,25 - 45,2797,M,1,0.0,336.0,African-American,0.0,28.0,2
0,High,9.0,1,1.0,Male,25 - 45,4480,F,1,0.0,300.0,CAUCASIAN,9.0,25.0,9
0,Medium,6.0,1,1.0,Female,25 - 45,9707,F,1,0.0,432.0,Other,6.0,36.0,7
0,Low,0.0,0,0.0,Male,25 - 45,10994,M,1,0.0,360.0,African-American,0.0,30.0,2
0,Low,2.0,0,0.0,Female,25 - 45,6434,F,0,0.0,336.0,Hispanic,2.0,28.0,3
0,Medium,1.0,0,0.0,Male,25 - 45,5136,F,1,0.0,444.0,Hispanic,1.0,37.0,5
2,Medium,14.0,1,3.0,Female,25 - 45,10492,F,0,0.0,300.0,Hispanic,14.0,25.0,6
0,Low,2.0,0,0.0,FEMALE,Greater than 45,2751,F,0,0.0,552.0,Hispanic,2.0,46.0,1
0,Low,0.0,0,0.0,Male,25 - 45,1072,F,0,0.0,336.0,African-American,0.0,28.0,1
1,Low,1.0,1,2.0,Male,Less than 25,3785,M,0,0.0,252.0,Caucasian,1.0,21.0,3
0,Medium,1.0,0,0.0,male,25 - 45,2862,F,1,0.0,312.0,African-American,1.0,26.0,6
0,Medium,1.0,0,0.0,Male,25 - 45,3227,F,1,0.0,516.0,Caucasian,1.0,43.0,6
1,Medium,11.0,0,1.0,Male,25 - 45,7602,F,1,0.0,372.0,African-American,11.0,31.0,7
0,Low,1.0,0,0.0,Male,Greater than 45,8143,F,0,0.0,540.0,Other,1.0,45.0,1
0,High,2.0,0,0.0,Male,25 - 45,8597,F,0,0.0,384.0,African-American,2.0,32.0,10
0,Medium,6.0,0,0.0,n/a,Less than 25,5646,F,1,0.0,276.0,African-American,6.0,23.0,6
0,Medium,,0,0.0,male,Greater than 45,3484,F,1,0.0,564.0,African-American,,47.0,7
0,HIGH,7.0,0,0.0,Male,25 - 45,8775,F,0,0.0,492.0,-,7.0,41.0,9
0,low,0.0,0,0.0,Male,Greater than 45,10118,Misdemeanor,0,0.0,660.0,-,0.0,55.0,1
0,Low,2.0,0,0.0,n/a,25 - 45,393,F,0,0.0,444.0,African-American,2.0,37.0,1
0,Low,2.0,0,0.0,Male,25 - 45,1644,M,0,0.0,528.0,Hispanic,2.0,44.0,1
0,Low,1.0,0,0.0,Male,25 - 45,10657,M,0,0.0,312.0,Caucasian,1.0,26.0,2
0,Low,2.0,0,0.0,Male,25 - 45,4637,F,1,0.0,432.0,African-American,2.0,36.0,1
0,Medium,2.0,0,0.0,Female,25 - 45,4945,F,1,0.0,324.0,Caucasian,2.0,27.0,5
0,Low,3.0,0,0.0,Male,25 - 45,1036,F,0,0.0,324.0,African-American,3.0,27.0,4
0,low,1.0,0,0.0,Male,Greater than 45,2649,F,0,0.0,792.0,CAUCASIAN,1.0,66.0,1
0,Low,0.0,0,0.0,Female,25 - 45,3674,F,0,0.0,384.0,African-American,0.0,32.0,2
0,High,12.0,0,0.0,Male,25 - 45,8708,F,0,0.0,528.0,African-American,12.0,44.0,9
1,Medium,5.0,0,1.0,Male,Less than 25,9681,F,1,0.0,276.0,African-American,5.0,23.0,7
0,MEDIUM,6.0,0,0.0,Male,25 - 45,10419,M,1,,384.0,Hispanic,6.0,32.0,5
0,Medium,3.0,0,0.0,Male,25 - 45,6380,F,0,0.0,336.0,African-American,3.0,28.0,7
0,Low,0.0,0,0.0,Female,Less than 25,6755,,1,0.0,228.0,African-American,0.0,19.0,4
0,Low,4.0,0,0.0,Female,Greater than 45,218,F,0,0.0,540.0,Caucasian,4.0,45.0,4
0,Medium,8.0,0,0.0,MALE,25 - 45,1173,F,1,0.0,,African-American,8.0,,6
0,Low,0.0,0,0.0,Male,25 - 45,6058,F,1,0.0,396.0,Other,0.0,33.0,1
0,Low,3.0,0,0.0,Male,25 - 45,4767,F,0,0.0,468.0,Caucasian,3.0,39.0,2
0,Low,4.0,0,0.0,Male,25 - 45,10420,Felony,1,0.0,336.0,Caucasian,4.0,28.0,4
0,High,8.0,0,0.0,Male,25 - 45,987,F,1,,360.0,African-American,8.0,30.0,8
0,Low,0.0,0,0.0,Male,Greater than 45,8400,M,1,0.0,624.0,Hispanic,0.0,52.0,1
0,Low,0.0,0,0.0,Male,Greater than 45,1096,M,0,0.0,816.0,Caucasian,0.0,68.0,1
0,Low,7.0,1,1.0,Female,Greater than 45,4463,F,1,0.0,540.0,Caucasian,7.0,45.0,2
0,Low,2.0,0,0.0,Male,25 - 45,9080,F,1,0.0,444.0,Caucasian,2.0,37.0,1
0,Medium,1.0,0,0.0,Female,25 - 45,9393,F,1,0.0,324.0,Caucasian,1.0,27.0,5
0,Low,0.0,0,0.0,Male,25 - 45,3863,M,0,0.0,312.0,Caucasian,0.0,26.0,2
0,Medium,0.0,0,0.0,Male,Less than 25,5138,f,1,0.0,252.0,Caucasian,0.0,21.0,7
0,Low,0.0,0,0.0,Female,25 - 45,6758,M,1,0.0,468.0,Caucasian,0.0,39.0,1
1,Low,0.0,0,1.0,Male,Less than 25,9750,F,0,0.0,288.0,African-American,0.0,24.0,2
0,Low,2.0,0,0.0,Male,Greater than 45,7120,F,1,0.0,648.0,Caucasian,2.0,54.0,4
0,Low,,0,0.0,Male,Greater than 45,5322,F,0,,600.0,Caucasian,,50.0,1
1,High,15.0,3,4.0,Male,25 - 45,2057,F,1,0.0,300.0,African-American,15.0,25.0,9
0,Medium,10.0,0,0.0,Male,Greater than 45,793,F,1,,708.0,African-American,10.0,59.0,7
1,Medium,1.0,0,1.0,Male,Less than 25,381,F,1,0.0,276.0,Hispanic,1.0,23.0,6
0,Low,0.0,0,0.0,Male,25 - 45,4617,M,1,0.0,360.0,Caucasian,0.0,30.0,2
0,Low,2.0,0,0.0,FEMALE,25 - 45,241,m,1,0.0,312.0,African-American,2.0,26.0,4
0,Low,4.0,0,0.0,Male,Greater than 45,10617,M,1,0.0,540.0,Caucasian,4.0,45.0,1
0,Medium,9.0,0,0.0,Male,25 - 45,137,F,1,0.0,432.0,African-American,9.0,36.0,7
0,Low,1.0,0,0.0,Male,25 - 45,6271,F,0,0.0,324.0,Caucasian,1.0,27.0,3
0,low,1.0,0,0.0,Male,Greater than 45,770,M,0,0.0,612.0,Caucasian,1.0,51.0,1
0,Medium,3.0,0,0.0,FEMALE,Less than 25,1686,F,1,0.0,276.0,African-American,3.0,23.0,5
0,Low,1.0,0,0.0,Female,25 - 45,4536,F,0,0.0,528.0,Caucasian,1.0,44.0,1
0,high,1.0,0,0.0,Male,Less than 25,8145,M,1,0.0,288.0,African-American,1.0,24.0,8
0,High,1.0,0,1.0,Male,Less than 25,6210,F,1,1.0,252.0,African-American,1.0,21.0,10
0,Low,4.0,0,0.0,Male,25 - 45,2026,F,1,0.0,324.0,African-American,4.0,27.0,2
0,Medium,4.0,0,0.0,Male,Greater than 45,803,M,0,0.0,624.0,African-American,4.0,52.0,5
0,High,1.0,0,0.0,n/a,Less than 25,9327,,1,0.0,264.0,African-American,1.0,22.0,9
0,High,0.0,0,0.0,Male,Less than 25,7496,,0,0.0,288.0,Caucasian,0.0,24.0,9
0,Low,0.0,0,0.0,Male,25 - 45,4178,F,0,0.0,324.0,Caucasian,0.0,27.0,3
0,Low,2.0,0,0.0,Female,25 - 45,341,F,1,0.0,312.0,African-American,2.0,26.0,4
0,Medium,1.0,0,0.0,Male,25 - 45,10476,F,0,0.0,312.0,Caucasian,1.0,26.0,5
0,Medium,0.0,0,0.0,Male,Less than 25,2489,F,0,0.0,264.0,Hispanic,0.0,22.0,6
3,Medium,1.0,0,3.0,Male,Less than 25,9877,F,1,0.0,264.0,Caucasian,1.0,22.0,5
0,High,8.0,0,0.0,Male,25 - 45,10105,M,0,0.0,372.0,Caucasian,8.0,31.0,9
0,Low,,0,0.0,Male,Greater than 45,57,M,0,0.0,612.0,African-American,,51.0,1
0,Medium,0.0,0,0.0,Female,25 - 45,1438,F,0,0.0,312.0,Caucasian,0.0,26.0,6
0,Low,1.0,0,0.0,Male,25 - 45,5231,M,1,0.0,312.0,Hispanic,1.0,26.0,2
0,Low,1.0,0,0.0,Male,25 - 45,6602,F,1,0.0,348.0,Caucasian,1.0,29.0,4
0,Medium,2.0,0,0.0,Male,25 - 45,6338,M,1,0.0,324.0,African-American,2.0,27.0,5
0,Medium,13.0,0,0.0,Male,Greater than 45,5584,F,0,0.0,636.0,African-American,13.0,53.0,7
0,Low,6.0,0,3.0,male,25 - 45,7596,F,0,3.0,348.0,African-American,6.0,29.0,2
0,High,4.0,0,0.0,male,Less than 25,1688,M,1,0.0,288.0,African-American,4.0,24.0,8
0,Medium,3.0,0,0.0,Male,25 - 45,2965,Misdemeanor,0,0.0,,Hispanic,3.0,,5
0,low,0.0,0,0.0,Male,Less than 25,8403,,1,0.0,,African-American,0.0,,4
0,Low,0.0,0,0.0,Male,25 - 45,1815,M,0,0.0,504.0,Native American,0.0,42.0,2
0,Low,1.0,0,0.0,female,Less than 25,10882,F,0,0.0,288.0,Caucasian,1.0,24.0,4
0,Medium,0.0,0,0.0,Male,Less than 25,10651,M,0,0.0,276.0,Caucasian,0.0,23.0,6
0,Low,1.0,0,0.0,Male,25 - 45,2834,F,0,0.0,348.0,Native American,1.0,29.0,2
0,Low,2.0,0,0.0,Female,Less than 25,2973,F,1,0.0,252.0,Other,2.0,21.0,4
2,High,5.0,1,3.0,Male,25 - 45,3771,F,1,,300.0,African American,5.0,25.0,9
0,High,5.0,0,1.0,Male,25 - 45,2672,F,1,1.0,360.0,African-American,5.0,30.0,9
0,Low,,0,0.0,Male,Greater than 45,3175,M,1,0.0,600.0,Caucasian,,50.0,1
0,High,8.0,0,0.0,Male,25 - 45,10536,F,1,0.0,312.0,African-American,8.0,26.0,9
0,Medium,10.0,1,1.0,Male,25 - 45,6920,M,0,0.0,456.0,African-American,10.0,38.0,6
0,Low,0.0,0,0.0,Male,Less than 25,4240,,1,0.0,276.0,Hispanic,0.0,23.0,2
0,High,5.0,0,0.0,Male,25 - 45,8747,F,1,0.0,300.0,Caucasian,5.0,25.0,9
1,Medium,10.0,0,1.0,Male,Less than 25,9077,F,0,0.0,276.0,Caucasian,10.0,23.0,7
0,Medium,8.0,0,0.0,Male,25 - 45,883,F,1,0.0,336.0,Caucasian,8.0,28.0,6
0,Medium,0.0,0,0.0,Male,25 - 45,6182,M,0,0.0,312.0,African-American,0.0,26.0,5
0,Low,0.0,0,0.0,Female,Greater than 45,7126,M,0,0.0,540.0,Caucasian,0.0,45.0,1
0,Low,,0,0.0,Female,Greater than 45,7595,M,0,0.0,660.0,Hispanic,,55.0,1
0,Medium,14.0,0,10.0,Male,25 - 45,5693,F,1,10.0,432.0,African-American,14.0,36.0,7
0,Medium,13.0,0,0.0,Male,25 - 45,998,F,1,0.0,324.0,African-American,13.0,27.0,7
0,High,1.0,0,0.0,Female,Less than 25,9709,F,0,0.0,252.0,African-American,1.0,21.0,9
0,high,23.0,0,0.0,Male,Greater than 45,277,M,1,0.0,564.0,African-American,23.0,47.0,8
0,Low,0.0,0,0.0,Male,Less than 25,2929,,0,0.0,264.0,Caucasian,0.0,22.0,3
1,High,6.0,0,1.0,Male,25 - 45,531,M,1,0.0,312.0,African-American,6.0,26.0,10
0,Low,2.0,0,0.0,Male,25 - 45,993,F,1,0.0,468.0,Caucasian,2.0,39.0,2
0,Low,1.0,0,0.0,Male,25 - 45,442,M,1,0.0,396.0,Caucasian,1.0,33.0,3
0,Medium,9.0,0,0.0,Male,25 - 45,10207,F,0,0.0,420.0, African-American,9.0,35.0,6
0,Medium,22.0,0,0.0,Male,25 - 45,9499,F,1,0.0,408.0,African-American,22.0,34.0,7
3,High,18.0,0,3.0,Male,25 - 45,6910,f,1,0.0,,African-American,18.0,,9
0,Medium,4.0,0,0.0,Female,25 - 45,5572,M,0,0.0,444.0,African-American,4.0,37.0,5
0,Low,,0,0.0,Male,Greater than 45,9833,F,0,0.0,804.0,Caucasian,,67.0,1
0,Low,1.0,0,0.0,Male,Greater than 45,1336,F,0,0.0,600.0,Caucasian,1.0,50.0,1
0,Low,7.0,0,0.0,Male,Greater than 45,8014,M,1,0.0,624.0,African-American,7.0,52.0,3
0,Medium,0.0,0,0.0,Female,25 - 45,5511,m,0,0.0,516.0,Caucasian,0.0,43.0,6
0,High,10.0,0,1.0,Female,Greater than 45,4725,F,0,1.0,612.0,African-American,10.0,51.0,10
0,Low,3.0,0,0.0,Female,25 - 45,3351,F,1,0.0,336.0,African-American,3.0,28.0,4
0,Low,0.0,0,0.0,Female,25 - 45,7685,M,0,0.0,408.0,Other,0.0,34.0,1
0,High,1.0,0,0.0,Male,Less than 25,9093,F,0,0.0,264.0,African-American,1.0,22.0,8
1,Low,2.0,0,1.0,Male,25 - 45,2511,M,0,0.0,444.0,Hispanic,2.0,37.0,3
0,Medium,1.0,0,0.0,Male,Greater than 45,6231,F,0,0.0,588.0,African-American,1.0,49.0,5
0,High,1.0,0,0.0,Female,25 - 45,7368,M,0,0.0,408.0,African-American,1.0,34.0,9
1,Medium,0.0,0,1.0,Male,Less than 25,10378,M,1,0.0,264.0,Caucasian,0.0,22.0,6
0,Low,1.0,0,0.0,Female,Less than 25,9731,M,0,0.0,264.0,African-American,1.0,22.0,4
0,Low,3.0,0,0.0,Male,Greater than 45,5833,F,0,0.0,564.0,Caucasian,3.0,47.0,1
0,Low,0.0,0,0.0,Male,Less than 25,5473,f,0,0.0,,African-American,0.0,,2
0,High,2.0,0,0.0,male,25 - 45,5492,F,0,0.0,420.0,Caucasian,2.0,35.0,9
0,Low,1.0,0,0.0,Female,Greater than 45,5436,M,0,0.0,648.0,Caucasian,1.0,54.0,2
0,High,11.0,2,10.0,Male,Less than 25,7975,F,1,8.0,276.0,Caucasian,11.0,23.0,10
0,Low,19.0,0,0.0,Male,Greater than 45,4926,F,0,0.0,624.0,African-American,19.0,52.0,3
1,High,6.0,0,1.0,Male,Less than 25,8612,F,1,0.0,288.0,African-American,6.0,24.0,9
0,Low,2.0,0,0.0,Male,Greater than 45,3188,F,0,0.0,612.0,Other,2.0,51.0,1
0,Low,0.0,0,0.0,Male,25 - 45,6626,f,0,0.0,,African-American,0.0,,2
0,Medium,2.0,0,0.0,Female,Less than 25,5496,f,0,0.0,264.0,African-American,2.0,22.0,5
0,Low,0.0,0,0.0,Male,Less than 25,9488,M,1,0.0,252.0,Caucasian,0.0,21.0,4
2,High,8.0,0,2.0,Male,Less than 25,6169,F,1,0.0,288.0,Caucasian,8.0,24.0,9
0,Low,0.0,0,0.0,Male,Greater than 45,10259,M,0,0.0,684.0,Caucasian,0.0,57.0,1
0,Medium,2.0,0,0.0,n/a,Less than 25,7033,F,0,0.0,264.0,African-American,2.0,22.0,7
0,Low,0.0,0,0.0,Male,Greater than 45,8635,F,0,0.0,624.0,African-American,0.0,52.0,1
0,Low,1.0,0,0.0,Male,Less than 25,10220,,0,0.0,288.0,African-American,1.0,24.0,3
0,High,12.0,5,5.0,Male,Less than 25,2231,M,1,0.0,288.0,African-American,12.0,24.0,9
0,Low,8.0,0,0.0,Male,25 - 45,4695,F,1,0.0,528.0,HISPANIC,8.0,44.0,1
0,Low,0.0,0,0.0,Male,Less than 25,5373,F,0,0.0,252.0,Hispanic,0.0,21.0,3
0,Medium,4.0,0,0.0,Male,25 - 45,760,F,1,0.0,348.0,African-American,4.0,29.0,7
0,High,0.0,0,0.0,Female,Less than 25,3203,F,0,0.0,288.0,Caucasian,0.0,24.0,8
1,High,2.0,0,2.0,Male,Less than 25,9372,F,0,1.0,252.0,African-American,2.0,21.0,9
0,Low,0.0,0,0.0,Male,Greater than 45,10770,F,0,0.0,612.0,Caucasian,0.0,51.0,1
0,High,0.0,0,0.0,Female,Less than 25,5465,,1,0.0,252.0,AFRICAN-AMERICAN,0.0,21.0,10
0,Low,-,0,0.0,Male,25 - 45,5171,f,0,0.0,396.0,Caucasian,-,33.0,1
0,Low,4.0,0,0.0, Male,25 - 45,9617,F,1,0.0,324.0,African-American,4.0,27.0,4
0,Medium,4.0,0,0.0,Male,25 - 45,7255,M,1,0.0,324.0,African-American,4.0,27.0,6
0,Low,6.0,0,0.0,Male,25 - 45,194,F,0,0.0,504.0,Caucasian,6.0,42.0,3
0,Medium,10.0,0,0.0,Male,25 - 45,9948,F,0,0.0,408.0,African-American,10.0,34.0,7
0,Low,0.0,0,0.0,Male,Greater than 45,10417,F,0,0.0,612.0,Caucasian,0.0,51.0,1
0,MEDIUM,1.0,0,0.0,Male,25 - 45,9247,F,1,0.0,420.0,?,1.0,35.0,6
0,Medium,2.0,0,0.0,Male,25 - 45,4059,F,1,0.0,336.0,African-American,2.0,28.0,5
0,Medium,0.0,0,0.0,Female,Less than 25,6000,F,1,0.0,276.0,African-American,0.0,23.0,5
0,Medium,0.0,0,0.0,Male,Less than 25,2318,F,1,0.0,264.0,Caucasian,0.0,22.0,5
0,Medium,4.0,0,0.0,Male,Greater than 45,1424,F,1,0.0,564.0,Caucasian,4.0,47.0,5
0,Low,2.0,0,0.0,Male,25 - 45,925,M,0,0.0,444.0,Caucasian,2.0,37.0,1
0,Low,4.0,0,0.0,Male,25 - 45,1927,F,1,0.0,372.0,African-American,4.0,31.0,3
1,Medium,6.0,0,1.0,Male,25 - 45,5106,M,1,0.0,300.0,Caucasian,6.0,25.0,5
0,Low,0.0,0,0.0,Male,25 - 45,308,M,0,0.0,324.0,African-American,0.0,27.0,2
0,Low,2.0,0,0.0,Male,25 - 45,4694,M,0,,528.0,Caucasian,2.0,44.0,4
0,Low,3.0,0,0.0,Male,25 - 45,8149,M,0,0.0,324.0,Caucasian,3.0,27.0,3
0,High,0.0,0,0.0,Male,Less than 25,10643,M,0,0.0,264.0,African-American,0.0,22.0,10
0,High,13.0,0,0.0,Male,25 - 45,1318,F,1,0.0,468.0,African-American,13.0,39.0,8
1,Low,2.0,0,1.0,n/a,25 - 45,7416,m,0,0.0,312.0,Hispanic,2.0,26.0,1
0,Medium,14.0,0,0.0,Male,25 - 45,1235,F,1,0.0,336.0,African-American,14.0,28.0,7
0,Low,8.0,0,0.0,Male,25 - 45,10579,M,1,0.0,480.0,African-American,8.0,40.0,4
0,High,6.0,0,0.0,Male,25 - 45,5014,F,1,0.0,324.0,African-American,6.0,27.0,8
0,High,2.0,0,0.0,Male,25 - 45,6097,Felony,1,0.0,312.0,Caucasian,2.0,26.0,9
0,medium,9.0,0,0.0,Male,Greater than 45,9056,Felony,1,0.0,756.0,African-American,9.0,63.0,6
0,Low,0.0,0,0.0,Female,Greater than 45,786,M,0,0.0,576.0,Caucasian,0.0,48.0,1
0,Low,4.0,0,0.0,Male,25 - 45,4333,M,1,0.0,444.0,Other,4.0,37.0,1
2,High,12.0,8,10.0,Male,25 - 45,8292,F,1,0.0,336.0,African-American,12.0,28.0,10
0,Low,1.0,0,0.0,Male,25 - 45,9353,F,1,0.0,372.0,Caucasian,1.0,31.0,3
0,Medium,9.0,0,0.0,Male,25 - 45,4434,M,1,0.0,312.0,Caucasian,9.0,26.0,7
0,Low,0.0,0,0.0,Female,Less than 25,8416,F,0,0.0,288.0,African-American,0.0,24.0,3
0,Low,2.0,0,0.0,male,25 - 45,2915,F,1,0.0,456.0,Caucasian,2.0,38.0,4
4,High,8.0,0,4.0,Male,Less than 25,5804,F,1,0.0,288.0,African-American,8.0,24.0,8
0,Medium,0.0,0,0.0,Male,Less than 25,9440,F,0,0.0,252.0,African-American,0.0,21.0,5
0,Low,0.0,0,0.0,Male,25 - 45,5891,F,0,0.0,492.0,Caucasian,0.0,41.0,1
0,Low,0.0,0,0.0,Female ,Greater than 45,7271,M,0,0.0,552.0,Caucasian,0.0,46.0,1
0,Medium,3.0,0,0.0,Female,25 - 45,7567,M,0,0.0,360.0,African-American,3.0,30.0,6
0,Medium,0.0,0,0.0,Male,Less than 25,2533,M,1,0.0,228.0,Caucasian,0.0,19.0,6
0,High,7.0,0,1.0,Male,Greater than 45,3385,M,0,1.0,600.0,African-American,7.0,50.0,9
0,Medium,18.0,0,0.0,male,25 - 45,10896,F,1,0.0,420.0,African-American,18.0,35.0,6
0,Low,N/A,0,0.0,Male,Greater than 45,5514,M,0,0.0,648.0,Other,N/A,54.0,1
0,Low,0.0,0,0.0,male,25 - 45,4003,M,0,0.0,312.0,Caucasian,0.0,26.0,2
0,Low,2.0,0,0.0,Male,25 - 45,7537,F,1,0.0,444.0,Hispanic,2.0,37.0,1
0,Medium,0.0,0,0.0,Female,25 - 45,1142,F,0,0.0,444.0,African-American,0.0,37.0,5
0,High,2.0,0,0.0,Female,Less than 25,7760,F,1,0.0,276.0,African-American,2.0,23.0,10
0,Medium,1.0,0,0.0,Female,25 - 45,8672,F,0,0.0,312.0,African-American,1.0,26.0,5
1,High,N/A,0,1.0,Male,Less than 25,9973,F,1,0.0,240.0,African-American,N/A,20.0,10
0,High,1.0,0,0.0,Male,Less than 25,2170,F,0,,252.0,African-American,1.0,21.0,8
0,Low,1.0,0,0.0,male,25 - 45,905,f,0,0.0,384.0,Hispanic,1.0,32.0,1
0,High,3.0,0,0.0,Male,25 - 45,3950,F,1,0.0,456.0,-,3.0,38.0,9
1,High,15.0,5,6.0,Male,Less than 25,9935,,1,0.0,288.0,African-American,15.0,24.0,10
0,Low,0.0,0,0.0,Female,25 - 45,9635,F,0,0.0,456.0,Caucasian,0.0,38.0,1
0,Medium,,0,0.0,Male,Greater than 45,9334,M,1,,552.0,African-American,,46.0,6
0,High,3.0,1,1.0,Female,Less than 25,4792,M,0,,264.0,African-American,3.0,22.0,9
0,Medium,20.0,0,0.0,Male,Greater than 45,4514,F,0,0.0,768.0,African-American,20.0,64.0,7
0,Medium,2.0,0,0.0,Male,Less than 25,3341,F,0,0.0,276.0,African-American,2.0,23.0,6
0,Low,6.0,0,0.0,Male,25 - 45,9867,F,0,0.0,492.0,African-American,6.0,41.0,3
0,High,3.0,0,1.0,Male,Less than 25,10363,F,1,1.0,276.0,African-American,3.0,23.0,9
0,Low,0.0,0,0.0,Male,Less than 25,4128,M,1,0.0,240.0,African-American,0.0,20.0,4
0,Medium,5.0,0,0.0,Male,Greater than 45,2426,Felony,1,,672.0,Caucasian,5.0,56.0,5
0,Medium,3.0,0,0.0,Female,Less than 25,6683,m,1,0.0,288.0,?,3.0,24.0,6
0,High,1.0,0,0.0,Male,Less than 25,9910,F,1,0.0,252.0, African-American,1.0,21.0,9
0,High,7.0,0,0.0,Female,Greater than 45,8486,F,1,0.0,564.0,African-American,7.0,47.0,9
0,Low,1.0,0,0.0,Female,25 - 45,6164,F,0,0.0,444.0,African-American,1.0,37.0,1
0,High,4.0,0,0.0,Male,25 - 45,3323,M,1,0.0,360.0,African-American,4.0,30.0,8
0,Low,3.0,0,0.0,MALE,Greater than 45,6791,F,0,0.0,684.0,African-American,3.0,57.0,1
0,Low,3.0,0,0.0,Female,25 - 45,4885,F,0,0.0,384.0,African-American,3.0,32.0,2
0,Low,0.0,0,0.0,Male,Less than 25,6762,M,1,0.0,240.0,Caucasian,0.0,20.0,3
0,Low,1.0,0,0.0,Male,Less than 25,5458,F,1,0.0,288.0,African-American,1.0,24.0,3
0,Medium,2.0,0,0.0,Male,25 - 45,4828,F,0,0.0,300.0,Caucasian,2.0,25.0,6
0,Low,0.0,0,0.0,Male,Less than 25,2393,f,0,0.0,264.0,African-American,0.0,22.0,3
0,Low,0.0,0,0.0,Female,Greater than 45,6592,M,0,0.0,708.0,Caucasian,0.0,59.0,1
0,Medium,8.0,0,0.0,Male,25 - 45,3828,F,1,0.0,528.0,Caucasian,8.0,44.0,6
0,Low,0.0,0,0.0,Male,25 - 45,10111,F,0,0.0,312.0,African-American,0.0,26.0,2
0,Low,0.0,0,0.0,Male,25 - 45,2478,F,0,0.0,300.0,African-American,0.0,25.0,3
0,Low,1.0,0,0.0,Male,25 - 45,1954,M,1,0.0,444.0,Caucasian,1.0,37.0,1
0,Medium,1.0,0,0.0,Male,Greater than 45,1384,F,0,0.0,624.0,Caucasian,1.0,52.0,5
0,High,12.0,0,4.0,Male,25 - 45,6759,F,1,4.0,360.0,African-American,12.0,30.0,9
0,Low,15.0,0,0.0,Male,Greater than 45,3453,f,1,0.0,540.0,African-American,15.0,45.0,3
0,High,1.0,1,1.0,MALE,Less than 25,3521,F,1,0.0,228.0,African-American,1.0,19.0,10
0,High,4.0,0,0.0,Male,25 - 45,7913,M,0,0.0,360.0,African-American,4.0,30.0,8
0,Low,5.0,0,0.0,Male,25 - 45,456,F,0,0.0,444.0,Caucasian,5.0,37.0,3
0,Medium,0.0,0,0.0,Female,25 - 45,622,M,0,0.0,468.0,Caucasian,0.0,39.0,6
0,Low,0.0,0,0.0,Male,25 - 45,3483,M,0,0.0,468.0,Caucasian,0.0,39.0,1
0,high,12.0,0,0.0,Male,Greater than 45,2464,F,0,0.0,684.0,African-American,12.0,57.0,9
0,Low,2.0,0,0.0,Male,25 - 45,10918,F,0,0.0,360.0,Caucasian,2.0,30.0,3
1,High,1.0,0,2.0,Male,Less than 25,4158,f,1,1.0,228.0,African-American,1.0,19.0,10
0,Low,1.0,0,0.0,Male,25 - 45,6627,M,0,0.0,492.0,Hispanic,1.0,41.0,1
0,Low,1.0,0,0.0,Male,25 - 45,7534,F,1,,528.0,Caucasian,1.0,44.0,1
0,low,,0,0.0,Male,Greater than 45,6292,Misdemeanor,0,0.0,672.0,African-American,,56.0,1
0,Low,2.0,0,0.0,FEMALE,25 - 45,5664,F,0,0.0,396.0,?,2.0,33.0,2
0,Low,9.0,0,0.0,Male,Greater than 45,5905,F,1,0.0,600.0,Caucasian,9.0,50.0,3
0,Low,0.0,0,0.0,Male,Less than 25,1870,F,0,0.0,240.0,African-American,0.0,20.0,3
0,Low,2.0,0,0.0,Female,25 - 45,10976,Misdemeanor,1,0.0,360.0,Caucasian,2.0,30.0,1
0,High,10.0,0,0.0,Male,25 - 45,4655,M,0,0.0,372.0,Caucasian,10.0,31.0,8
0,Low,-,0,0.0,Male,25 - 45,9209,F,1,0.0,300.0,African-American,-,25.0,4
0,Low,2.0,0,0.0,Male,25 - 45,6991,F,1,0.0,360.0,African-American,2.0,30.0,3
0,High,,0,1.0,Male,Greater than 45,7997,F,1,1.0,612.0,African-American,,51.0,8
0,Low,-,0,0.0,Female,25 - 45,10871,M,0,0.0,516.0,Caucasian,-,43.0,1
0,Low,0.0,0,0.0,Male,25 - 45,7881,M,0,0.0,300.0,African-American,0.0,25.0,3
0,Low,,0,0.0,Male,Greater than 45,5546,M,0,0.0,672.0,Caucasian,,56.0,1
1,High,8.0,1,2.0,Male,25 - 45,6504,F,1,0.0,468.0,African-American,8.0,39.0,10
0,Low,4.0,0,0.0,Male,25 - 45,10671,F,1,0.0,312.0,African-American,4.0,26.0,3
0,Low,3.0,0,0.0,Male,25 - 45,4541,F,0,,360.0,Caucasian,3.0,30.0,2
0,Low,0.0,0,0.0,Female,Less than 25,4517,,0,0.0,264.0,African-American,0.0,22.0,4
0,Low,0.0,0,0.0,Male,Greater than 45,267,F,0,0.0,696.0,Hispanic,0.0,58.0,2
0,High,13.0,0,3.0,Male,25 - 45,3399,F,0,3.0,420.0,African-American,13.0,35.0,10
0,Medium,7.0,2,2.0,Male,25 - 45,10930,F,1,0.0,348.0,African-American,7.0,29.0,7
0,Low,3.0,0,0.0,Male,25 - 45,986,F,1,0.0,348.0,Caucasian,3.0,29.0,4
0,Low,6.0,0,0.0,Male,25 - 45,2056,F,0,,360.0,African American,6.0,30.0,4
0,High,3.0,0,0.0,Male,Less than 25,7326,F,0,0.0,288.0,African-American,3.0,24.0,8
0,Medium,6.0,1,1.0,Male,25 - 45,98,F,1,0.0,324.0,African-American,6.0,27.0,6
0,HIGH,9.0,1,1.0,Male,Less than 25,467,F,1,0.0,288.0,Other,9.0,24.0,10
0,High,3.0,0,0.0,Male,Less than 25,6326,M,1,0.0,276.0,Caucasian,3.0,23.0,8
2,Low,3.0,0,2.0,Male,25 - 45,9231,F,0,0.0,420.0,Caucasian,3.0,35.0,4
0,Medium,0.0,0,0.0,n/a,Less than 25,4394,,0,0.0,288.0,African-American,0.0,24.0,5
0,Low,0.0,0,0.0,Male,Greater than 45,10316,M,0,0.0,672.0,Other,0.0,56.0,1
0,Low,5.0,0,0.0,Male,25 - 45,8084,F,0,0.0,528.0,Caucasian,5.0,44.0,2
0,Low,,0,0.0,Female,Greater than 45,100,M,0,0.0,672.0,African-American,,56.0,1
0,Medium,8.0,0,0.0,Male,25 - 45,8257,M,0,0.0,408.0,African-American,8.0,34.0,7
0,Low,1.0,0,0.0,Male,Greater than 45,263,F,0,0.0,660.0,Caucasian,1.0,55.0,1
0,Low,0.0,0,0.0,Male,Less than 25,904,M,1,0.0,240.0,Hispanic,0.0,20.0,2
0,Medium,17.0,0,0.0,Male,Greater than 45,2096,f,1,0.0,708.0,Caucasian,17.0,59.0,6
0,Low,0.0,0,0.0,?,25 - 45,3952,M,0,0.0,444.0,Caucasian,0.0,37.0,4
0,Low,0.0,0,0.0,Male,25 - 45,3789,F,0,0.0,348.0,Caucasian,0.0,29.0,1
0,Low,5.0,1,1.0,Male,25 - 45,4353,M,1,0.0,396.0,Caucasian,5.0,33.0,1
0,Low,10.0,0,0.0,n/a,25 - 45,944,F,0,0.0,336.0,African-American,10.0,28.0,3
0,Low,0.0,0,0.0,n/a,25 - 45,6400,F,1,0.0,360.0,African-American,0.0,30.0,4
0,High,0.0,0,0.0,Female,25 - 45,6264,F,0,0.0,348.0,African-American,0.0,29.0,10
0,High,6.0,0,0.0,Male,Less than 25,3501,F,1,0.0,288.0,African-American,6.0,24.0,10
0,Medium,5.0,0,0.0,Male,Less than 25,1741,F,1,0.0,288.0,African-American,5.0,24.0,6
0,Medium,3.0,1,1.0,Female,Less than 25,6195,M,1,0.0,288.0,Caucasian,3.0,24.0,5
0,High,7.0,0,2.0,Male,Less than 25,8114,M,1,2.0,288.0,African-American,7.0,24.0,8
0,Low,7.0,1,1.0,Male,25 - 45,4204,F,0,0.0,360.0,African-American,7.0,30.0,3
0,High,11.0,0,0.0, Male,Greater than 45,1123,F,0,0.0,600.0,African-American,11.0,50.0,9
0,High,33.0,0,0.0,Male,Greater than 45,3720,F,1,0.0,660.0,Caucasian,33.0,55.0,9
0,Medium,0.0,0,0.0,Male,Less than 25,10996,F,0,0.0,276.0,African-American,0.0,23.0,7
0,High,4.0,0,0.0,Female,Less than 25,8705,F,1,0.0,264.0,African-American,4.0,22.0,9
0,Low,0.0,0,0.0,Male,Less than 25,2954,f,0,0.0,252.0,Caucasian,0.0,21.0,4
0,Low,,0,0.0,male,Greater than 45,9824,M,0,0.0,684.0,Hispanic,,57.0,1
0,Medium,,0,0.0,Male,Greater than 45,713,M,1,,696.0,African-American,,58.0,6
0,Low,2.0,0,0.0,Male,Less than 25,2662,,0,0.0,288.0,African-American,2.0,24.0,4
0,Medium,5.0,0,0.0,Male,Less than 25,9156,F,1,0.0,288.0,Caucasian,5.0,24.0,6
0,Low,1.0,0,0.0,Male,Greater than 45,2949,F,1,0.0,552.0,CAUCASIAN,1.0,46.0,1
0,medium,5.0,0,0.0,Male,25 - 45,1149,F,0,0.0,420.0,Hispanic,5.0,35.0,7
0,High,0.0,0,0.0,Male,Less than 25,10619,M,1,0.0,264.0,African-American,0.0,22.0,10
0,Low,1.0,0,0.0,Male,25 - 45,1980,F,0,0.0,444.0,African-American,1.0,37.0,4
0,Low,7.0,0,0.0,Female,25 - 45,10110,F,1,0.0,492.0,African-American,7.0,41.0,4
0,Low,0.0,0,0.0,Male,25 - 45,7510,F,0,0.0,396.0,African-American,0.0,33.0,1
0,Medium,1.0,0,0.0,Male,Greater than 45,3676,F,0,,600.0,African-American,1.0,50.0,5
0,Low,1.0,0,0.0,Female,25 - 45,9484,M,0,0.0,492.0,Caucasian,1.0,41.0,2
0,Medium,4.0,0,0.0,Male,Greater than 45,10889,F,0,0.0,672.0,African-American,4.0,56.0,7
0,Low,0.0,0,0.0,Male,25 - 45,10083,M,0,0.0,396.0,Caucasian,0.0,33.0,1
0,Low,,0,0.0,Female,Greater than 45,8865,F,0,0.0,780.0,Caucasian,,65.0,1
0,Low,2.0,0,0.0,Male,25 - 45,6221,M,0,0.0,456.0,Caucasian,2.0,38.0,2
0,High,9.0,0,0.0,Male,25 - 45,10695,M,1,0.0,372.0,Caucasian,9.0,31.0,8
0,Low,4.0,0,0.0,Male,25 - 45,9689,M,0,0.0,312.0,African-American,4.0,26.0,4
0,Low,1.0,0,0.0,n/a,Greater than 45,2306,M,0,0.0,672.0,Caucasian,1.0,56.0,1
0,LOW,0.0,0,0.0,female,25 - 45,5372,F,0,0.0,348.0,African-American,0.0,29.0,2
0,MEDIUM,2.0,0,0.0,Male,Less than 25,1461,F,1,,276.0,African American,2.0,23.0,6
0,Medium,3.0,0,0.0,Female,25 - 45,5440,f,1,0.0,432.0,African-American,3.0,36.0,6
0,Low,1.0,0,0.0,Male,25 - 45,197,M,0,0.0,360.0,Caucasian,1.0,30.0,2
0,High,3.0,0,0.0,MALE,Greater than 45,1397,M,0,,756.0,African-American,3.0,63.0,9
0,Low,1.0,0,0.0,Male,25 - 45,1804,Misdemeanor,0,0.0,420.0,African-American,1.0,35.0,4
0,Low,3.0,0,0.0,Male,Greater than 45,1344,Felony,0,0.0,612.0,African-American,3.0,51.0,2
0,High,7.0,0,0.0,Male,25 - 45,6373,M,1,0.0,348.0,African-American,7.0,29.0,10
0,LOW,1.0,0,0.0,Female,25 - 45,9192,M,0,0.0,408.0,African-American,1.0,34.0,1
0,Medium,4.0,0,0.0,Female,25 - 45,2539,M,1,0.0,300.0,African-American,4.0,25.0,7
0,Low,4.0,0,0.0,male,25 - 45,9386,F,1,0.0,384.0,African American,4.0,32.0,4
0,Low,0.0,0,0.0,Male,25 - 45,1121,F,0,0.0,348.0,African-American,0.0,29.0,2
0,Low,0.0,0,0.0,Female,25 - 45,785,M,0,0.0,312.0,African-American,0.0,26.0,2
0,Low,2.0,0,0.0,Male,25 - 45,1613,F,0,0.0,432.0,African-American,2.0,36.0,3
0,Low,2.0,0,0.0,Male,Greater than 45,5835,M,1,0.0,648.0,Caucasian,2.0,54.0,4
0,Medium,2.0,0,0.0,Male,Less than 25,1522,,0,0.0,276.0,African-American,2.0,23.0,7
0,High,17.0,0,0.0,Male,25 - 45,1222,F,1,0.0,360.0,african-american,17.0,30.0,10
0,Medium,1.0,0,0.0, Male,25 - 45,6375,M,1,0.0,312.0,African-American,1.0,26.0,6
0,Medium,13.0,0,0.0,female,25 - 45,3924,F,0,0.0,444.0,African-American,13.0,37.0,6
0,Low,1.0,0,0.0,Male,25 - 45,9556,F,0,0.0,360.0,Hispanic,1.0,30.0,2
0,Medium,3.0,0,0.0,Male,25 - 45,960,F,1,0.0,312.0,Caucasian,3.0,26.0,7
0,Medium,3.0,0,0.0,Female,25 - 45,244,F,1,0.0,360.0,Caucasian,3.0,30.0,7
0,High,N/A,0,0.0,Female,Less than 25,6830,F,1,0.0,264.0,Caucasian,N/A,22.0,9
0,Low,0.0,0,0.0,Male,25 - 45,3982,F,0,0.0,528.0,African-American,0.0,44.0,1
0,Low,0.0,0,0.0,Male,25 - 45,1757,M,0,0.0,360.0,Caucasian,0.0,30.0,1
0,Low,0.0,0,0.0,Male,Greater than 45,2546,F,0,,768.0, African-American,0.0,64.0,4
0,Low,1.0,0,0.0,Male,25 - 45,2454,F,0,0.0,,Other,1.0,,1
0,High,2.0,0,0.0,Male,Less than 25,4342,F,1,0.0,276.0,African-American,2.0,23.0,8
0,Medium,1.0,0,0.0,Male,Less than 25,6442,M,1,0.0,288.0,African-American,1.0,24.0,5
0,Low,1.0,0,0.0,Female,25 - 45,2218,M,0,0.0,324.0,African-American,1.0,27.0,2
0,High,0.0,0,0.0,Male,25 - 45,2852,F,0,0.0,300.0,African-American,0.0,25.0,8
0,Medium,0.0,0,0.0,Male,Less than 25,10913,,1,0.0,252.0,African-American,0.0,21.0,7
0,Low,1.0,0,0.0,Male,Greater than 45,8828,F,0,0.0,600.0,Caucasian,1.0,50.0,2
0,LOW,3.0,0,0.0,Male,Greater than 45,2969,M,1,0.0,708.0,Caucasian,3.0,59.0,1
0,Low,3.0,0,0.0,Male,25 - 45,8649,F,1,0.0,408.0,Caucasian,3.0,34.0,2
0,Low,4.0,0,0.0,Male,Greater than 45,1611,F,0,0.0,564.0,African-American,4.0,47.0,3
0,Low,0.0,0,0.0,Male,Greater than 45,3769,M,0,0.0,648.0,Caucasian,0.0,54.0,1
0,Low,0.0,0,0.0,Male,25 - 45,5287,M,0,0.0,384.0,Other,0.0,32.0,2
0,Low,0.0,0,0.0,Male,Greater than 45,9008,Felony,0,0.0,540.0,Other,0.0,45.0,1
1,High,9.0,0,1.0,Male,25 - 45,1660,F,1,0.0,324.0,African-American,9.0,27.0,10
0,Medium,2.0,0,0.0,Male,25 - 45,2760,F,0,0.0,432.0,African-American,2.0,36.0,5
0,High,14.0,0,0.0,Male,25 - 45,1048,Felony,1,0.0,528.0,African-American,14.0,44.0,8
0,Medium,0.0,0,0.0,Female,Less than 25,8604,F,0,0.0,264.0,African-American,0.0,22.0,6
0,High,1.0,0,0.0,Male,25 - 45,3571,M,1,0.0,60.0,Caucasian,1.0,5.0,8
1,High,8.0,0,1.0,Male,25 - 45,5167,M,0,,348.0,Caucasian,8.0,29.0,8
0,Medium,2.0,0,1.0,MALE,25 - 45,10205,M,1,1.0,384.0,Hispanic,2.0,32.0,7
0,Low,,0,0.0,Male,Greater than 45,3507,F,0,0.0,720.0,Hispanic,,60.0,1
0,Medium,1.0,0,0.0,Female ,Less than 25,10381,F,1,0.0,288.0,African-American,1.0,24.0,6
0,Low,1.0,0,0.0,Female,25 - 45,5590,M,0,0.0,360.0,Caucasian,1.0,30.0,3
0,Low,1.0,0,0.0,Male,25 - 45,7159,Felony,0,0.0,408.0,Hispanic,1.0,34.0,2
0,Low,2.0,0,0.0,Male,Greater than 45,3930,M,0,0.0,540.0,Caucasian,2.0,45.0,2
0,Medium,0.0,0,0.0,Male,Greater than 45,9042,F,0,,828.0,Caucasian,0.0,69.0,5
0,Low,0.0,0,0.0,Male,Less than 25,2678,M,0,0.0,252.0,African-American,0.0,21.0,3
0,Low,0.0,0,0.0,Male,25 - 45,5519,M,0,0.0,480.0,African-American,0.0,40.0,1
0,Medium,1.0,0,0.0,Male,25 - 45,1642,M,0,0.0,348.0,Caucasian,1.0,29.0,6
0,Low,3.0,0,0.0,Female,25 - 45,9664,F,1,0.0,360.0,Caucasian,3.0,30.0,3
0,Medium,4.0,0,0.0, Male,25 - 45,2299,F,1,0.0,324.0,?,4.0,27.0,7
0,High,11.0,0,0.0, Male,Less than 25,917,F,1,0.0,264.0,African-American,11.0,22.0,10
0,Low,2.0,0,0.0,Male,25 - 45,9226,F,1,0.0,348.0,Caucasian,2.0,29.0,1
0,Medium,1.0,0,0.0,Male,25 - 45,6300,M,0,0.0,420.0,African-American,1.0,35.0,5
0,Medium,0.0,0,0.0,Male,25 - 45,252,F,0,0.0,372.0,Caucasian,0.0,31.0,5
0,Medium,0.0,0,0.0,Female,Less than 25,6901,F,0,0.0,276.0,African-American,0.0,23.0,7
0,Low,0.0,0,0.0,Male,25 - 45,9091,f,1,0.0,456.0,Other,0.0,38.0,1
0,Medium,4.0,0,0.0,Male,25 - 45,5756,F,0,0.0,396.0,african-american,4.0,33.0,6
0,Medium,2.0,0,0.0,Female,Less than 25,4283,M,1,0.0,288.0,African-American,2.0,24.0,7
0,Medium,3.0,2,2.0,Male,Less than 25,850,F,1,0.0,252.0,African-American,3.0,21.0,5
0,Low,0.0,0,0.0,Male,25 - 45,3961,F,0,0.0,480.0,Hispanic,0.0,40.0,1
0,Medium,8.0,0,0.0,Male,Greater than 45,2974,F,1,0.0,684.0,African-American,8.0,57.0,5
1,High,6.0,3,4.0,Male,Less than 25,1331,F,1,0.0,276.0,African-American,6.0,23.0,10
0,Low,0.0,0,0.0,Female,25 - 45,9668,M,0,0.0,,African-American,0.0,,2
0,Low,3.0,1,1.0,Male,25 - 45,9875,F,1,0.0,372.0,African-American,3.0,31.0,1
0,Medium,0.0,0,0.0,Male,Less than 25,10007,F,0,0.0,240.0,African-American,0.0,20.0,6
0,High,10.0,0,0.0,Male,25 - 45,7459,F,1,0.0,312.0,African-American,10.0,26.0,8
0,Low,0.0,0,0.0,male,25 - 45,978,F,0,0.0,360.0,African-American,0.0,30.0,2
0,High,2.0,0,0.0,Male,Less than 25,8882,,1,0.0,264.0,African-American,2.0,22.0,9
0,Low,N/A,0,0.0,Male,25 - 45,254,M,1,0.0,300.0,African-American,N/A,25.0,2
0,Low,0.0,0,0.0,Male,25 - 45,4471,F,0,0.0,324.0,Caucasian,0.0,27.0,1
0,Medium,2.0,0,0.0,male,25 - 45,7291,F,0,0.0,372.0,African-American,2.0,31.0,7
1,Medium,2.0,0,1.0,Male,25 - 45,7284,F,0,0.0,300.0,Caucasian,2.0,25.0,5
0,Medium,,0,0.0,Female,Greater than 45,3636,F,0,0.0,648.0,African-American,,54.0,6
0,Medium,3.0,0,0.0,Female,25 - 45,8380,F,1,0.0,336.0,Caucasian,3.0,28.0,6
0,Medium,22.0,0,0.0,Male,Greater than 45,3867,M,0,0.0,828.0,African-American,22.0,69.0,5
0,Low,0.0,0,0.0,Male,25 - 45,3958,F,0,0.0,528.0,Caucasian,0.0,44.0,1
0,Low,4.0,0,0.0,Male,25 - 45,6105,F,0,,348.0,African-American,4.0,29.0,2
0,Low,0.0,0,0.0,Male,25 - 45,8003,F,0,0.0,492.0,Caucasian,0.0,41.0,1
0,Medium,0.0,0,0.0,Female,Less than 25,1594,M,0,0.0,252.0,African-American,0.0,21.0,5
0,High,8.0,0,6.0,Male,25 - 45,8743,M,1,6.0,360.0,African-American,8.0,30.0,9
0,High,18.0,0,2.0,Male,25 - 45,3751,M,1,2.0,492.0,African-American,18.0,41.0,10
1,High,9.0,0,1.0,Male,Less than 25,825,M,1,0.0,288.0,Caucasian,9.0,24.0,10
0,Medium,2.0,0,0.0,Female,25 - 45,280,F,1,0.0,456.0,Caucasian,2.0,38.0,5
0,Medium,,0,0.0,Female,Greater than 45,6118,Felony,0,0.0,648.0,Caucasian,,54.0,5
0,Low,2.0,0,0.0,Male,Less than 25,7383,F,1,0.0,288.0,Caucasian,2.0,24.0,3
0,Medium,2.0,1,1.0,Female,Less than 25,8639,,0,0.0,252.0,African-American,2.0,21.0,6
0,High,12.0,0,0.0,Male,25 - 45,4269,F,1,0.0,,African-American,12.0,,9
0,High,5.0,0,0.0,Male,25 - 45,1463,M,1,0.0,432.0,African-American,5.0,36.0,8
0,Low,1.0,0,0.0,Female,25 - 45,10180,M,0,0.0,528.0,Caucasian,1.0,44.0,3
2,High,10.0,3,5.0,Female,25 - 45,4800,Felony,1,0.0,360.0,African-American,10.0,30.0,10
0,Medium,3.0,0,0.0,Male,Greater than 45,2703,F,0,0.0,612.0,African-American,3.0,51.0,7
0,medium,0.0,0,0.0,Male,25 - 45,8797,F,0,0.0,396.0,African-American,0.0,33.0,5
0,Medium,4.0,0,0.0, Male,25 - 45,6448,M,1,0.0,348.0,Caucasian,4.0,29.0,6
0,Low,4.0,0,0.0,Male,Greater than 45,10011,M,1,0.0,540.0,African-American,4.0,45.0,3
0,Low,1.0,0,0.0,Male,25 - 45,5363,Misdemeanor,0,0.0,324.0,African American,1.0,27.0,2
0,High,7.0,0,0.0,Male,25 - 45,138,F,1,0.0,312.0,Caucasian,7.0,26.0,8
0,Medium,14.0,0,0.0,Male,25 - 45,8,F,1,0.0,492.0,caucasian,14.0,41.0,6
0,Low,10.0,0,0.0,MALE,Greater than 45,5677,F,1,0.0,756.0,Caucasian,10.0,63.0,4
0,Low,1.0,0,0.0,Male,25 - 45,9299,F,1,0.0,456.0,Other,1.0,38.0,1
0,Low,1.0,0,0.0,n/a,25 - 45,7929,F,0,0.0,504.0,African-American,1.0,42.0,1
0,Low,11.0,0,0.0,Male,25 - 45,1716,F,0,0.0,312.0,Caucasian,11.0,26.0,4
0,Low,2.0,0,0.0,?,25 - 45,6539,F,0,,456.0,Other,2.0,38.0,1
0,Low,1.0,0,0.0,male,Greater than 45,5515,M,0,0.0,540.0,African-American,1.0,45.0,1
1,Medium,4.0,0,1.0,Male,25 - 45,1805,F,1,0.0,300.0,African-American,4.0,25.0,5
0,Low,2.0,0,0.0,Male,25 - 45,6804,F,1,0.0,516.0,Caucasian,2.0,43.0,2
0,High,8.0,0,0.0,Male,25 - 45,264,F,1,0.0,372.0,Hispanic,8.0,31.0,9
0,Low,2.0,0,0.0,Male,Less than 25,8633,,1,0.0,252.0,Caucasian,2.0,21.0,4
0,Low,0.0,0,0.0,Female,25 - 45,7524,F,0,0.0,384.0,Hispanic,0.0,32.0,2
0,Low,8.0,0,0.0,Male,Greater than 45,1140,F,0,0.0,852.0,African-American,8.0,71.0,1
0,Low,3.0,0,0.0,Male,25 - 45,6889,M,1,0.0,420.0,Caucasian,3.0,35.0,4
0,Low,1.0,0,0.0,Female,Greater than 45,563,M,1,0.0,600.0,Caucasian,1.0,50.0,1
0,Low,1.0,0,0.0, Male,Less than 25,4870,,0,0.0,288.0,Caucasian,1.0,24.0,2
0,Medium,1.0,0,0.0,Male,25 - 45,116,F,1,0.0,324.0,Caucasian,1.0,27.0,7
0,High,16.0,1,1.0,Male,25 - 45,5678,F,1,0.0,456.0,African-American,16.0,38.0,9
0,High,5.0,0,0.0,Male,25 - 45,5978,F,0,,336.0,African-American,5.0,28.0,8
0,Low,0.0,0,0.0,Male,25 - 45,5982,F,1,0.0,300.0,African-American,0.0,25.0,4
0,Low,6.0,0,0.0,Female,25 - 45,870,F,1,0.0,420.0,African-American,6.0,35.0,2
0,Medium,6.0,0,0.0,Male,Less than 25,3896,M,1,0.0,276.0,Hispanic,6.0,23.0,7
0,Low,1.0,0,0.0,Male,Greater than 45,8106,F,1,0.0,828.0,African-American,1.0,69.0,1
0,High,4.0,0,0.0,Female,25 - 45,10870,F,1,0.0,504.0,Caucasian,4.0,42.0,8
0,High,7.0,0,0.0,Male,25 - 45,9064,Felony,1,0.0,360.0,African-American,7.0,30.0,8
0,Low,21.0,0,0.0,Male,Greater than 45,9793,M,1,0.0,684.0,Caucasian,21.0,57.0,1
0,Low,2.0,0,0.0,Male,Less than 25,8914,F,1,0.0,240.0,African-American,2.0,20.0,3
0,LOW,0.0,0,0.0,Female,25 - 45,9996,F,1,0.0,528.0,Caucasian,0.0,44.0,1
0,Medium,1.0,0,0.0,Male,Greater than 45,798,Felony,1,,576.0,Caucasian,1.0,48.0,7
0,Medium,2.0,0,1.0,Male,Less than 25,7241,F,1,1.0,276.0,African-American,2.0,23.0,6
0,Low,1.0,0,0.0,Male,Greater than 45,3332,F,0,0.0,612.0,African-American,1.0,51.0,1
0,medium,0.0,0,0.0,Male,Less than 25,7631,F,1,0.0,264.0,CAUCASIAN,0.0,22.0,5
0,LOW,1.0,0,0.0,Female,Greater than 45,10498,F,0,0.0,780.0,Caucasian,1.0,65.0,1
0,Low,0.0,0,0.0,Female,Greater than 45,5120,M,0,,,African-American,0.0,,1
0,Medium,1.0,0,0.0,Female,Greater than 45,990,F,0,0.0,540.0,Caucasian,1.0,45.0,6
0,Medium,1.0,0,0.0,Male,25 - 45,2567,m,0,0.0,456.0,Caucasian,1.0,38.0,6
0,Low,2.0,0,0.0,Female,25 - 45,6303,M,0,0.0,480.0,Hispanic,2.0,40.0,2
1,High,10.0,1,2.0,Male,25 - 45,4640,F,1,0.0,300.0,African American,10.0,25.0,10
0,High,25.0,0,0.0,Female,Greater than 45,10197,F,1,0.0,588.0,African-American,25.0,49.0,10
0,medium,3.0,0,0.0,Male,25 - 45,7231,M,0,0.0,444.0,African-American,3.0,37.0,7
0,Low,0.0,0,0.0,Male,Less than 25,5875,,1,0.0,264.0,African-American,0.0,22.0,4
0,Low,1.0,0,0.0,Male,25 - 45,9227,F,0,0.0,372.0,Caucasian,1.0,31.0,2
1,Medium,1.0,0,1.0,Male,25 - 45,7339,M,1,0.0,300.0,?,1.0,25.0,6
0,Low,6.0,0,0.0,Male,Greater than 45,9212,F,0,0.0,672.0,Caucasian,6.0,56.0,1
0,low,1.0,0,0.0,Male,Less than 25,7840,F,0,0.0,264.0,Caucasian,1.0,22.0,2
1,High,8.0,1,2.0,Male,25 - 45,6766,F,1,0.0,348.0,African-American,8.0,29.0,8
0,Low,1.0,0,0.0,?,25 - 45,9038,F,0,0.0,396.0,AFRICAN-AMERICAN,1.0,33.0,1
0,Low,7.0,0,0.0,Male,25 - 45,8611,F,1,0.0,324.0,African-American,7.0,27.0,4
0,Low,0.0,0,0.0,Male,Less than 25,2700,,0,0.0,264.0,African-American,0.0,22.0,4
0,Medium,,0,0.0,Male,Greater than 45,693,F,1,0.0,624.0,Caucasian,,52.0,5
1,High,3.0,0,1.0,Male,Less than 25,1027,Felony,0,0.0,264.0,African-American,3.0,22.0,9
0,Low,,0,0.0,Male,Greater than 45,7385,F,1,0.0,672.0,Caucasian,,56.0,1
0,Medium,5.0,0,0.0,Male,25 - 45,3309,F,1,0.0,312.0,Caucasian,5.0,26.0,5
0,Low,5.0,0,0.0,Male,25 - 45,9022,F,1,0.0,384.0,African-American,5.0,32.0,4
0,Low,1.0,0,1.0,Female,25 - 45,8353,M,1,1.0,336.0,African-American,1.0,28.0,4
0,Medium,4.0,0,0.0,Male,25 - 45,10981,F,0,0.0,384.0,African-American,4.0,32.0,5
0,Low,1.0,0,0.0,Male,25 - 45,572,F,0,0.0,504.0,African-American,1.0,42.0,1
0,Low,0.0,0,0.0,Male,25 - 45,6863,F,0,0.0,396.0,African-American,0.0,33.0,3
0,Medium,0.0,0,0.0,Male,25 - 45,3058,M,0,0.0,312.0,african-american,0.0,26.0,5
0,Low,-,0,0.0,Male,25 - 45,10273,F,0,0.0,336.0,African American,-,28.0,3
0,Low,1.0,0,0.0,Male,Greater than 45,4006,F,0,0.0,648.0,Caucasian,1.0,54.0,1
0,High,1.0,0,0.0,Male,Greater than 45,9023,M,0,0.0,672.0,Caucasian,1.0,56.0,1
0,Low,2.0,0,0.0,Male,Less than 25,80,F,1,,288.0,African-American,2.0,24.0,4
0,Low,1.0,0,0.0, Male,25 - 45,5449,F,0,0.0,384.0,Caucasian,1.0,32.0,3
0,Low,0.0,0,0.0,Male,25 - 45,608,F,0,0.0,300.0,Caucasian,0.0,25.0,2
0,Medium,2.0,0,0.0,Female,Less than 25,5321,M,1,0.0,264.0,Caucasian,2.0,22.0,7
0,Low,0.0,0,0.0,Male,Greater than 45,1109,F,1,0.0,540.0,African-American,0.0,45.0,4
0,Low,,0,0.0,Male,Greater than 45,3169,m,0,0.0,636.0,Caucasian,,53.0,1
0,Low,0.0,0,0.0,Male,Less than 25,1833,F,0,0.0,288.0,Asian,0.0,24.0,3
0,High,12.0,0,0.0,Male,25 - 45,2326,F,0,0.0,384.0,African-American,12.0,32.0,8
0,Low,0.0,0,0.0,Male,Greater than 45,4921,M,0,0.0,576.0,Hispanic,0.0,48.0,1
0,High,0.0,0,0.0,Male,25 - 45,10210,M,0,0.0,384.0,African-American,0.0,32.0,9
0,Low,2.0,0,0.0,Male,Greater than 45,1509,F,0,0.0,,Hispanic,2.0,,1
0,Medium,-,0,0.0,Male,25 - 45,5810,M,1,0.0,504.0,African-American,-,42.0,5
0,Low,1.0,0,0.0,Male,25 - 45,2928,M,0,0.0,420.0,African-American,1.0,35.0,2
0,High,18.0,0,0.0, Male,Greater than 45,553,F,0,0.0,684.0,African-American,18.0,57.0,8
0,low,2.0,0,0.0,Female,Greater than 45,3821,F,0,0.0,540.0,African-American,2.0,45.0,3
0,Low,2.0,0,0.0,Female,25 - 45,2485,F,0,0.0,372.0,African-American,2.0,31.0,2
0,Low,0.0,0,0.0,Female,25 - 45,10455,F,0,0.0,300.0,Hispanic,0.0,25.0,4
0,High,18.0,1,2.0,Male,25 - 45,6706,F,1,1.0,312.0,African-American,18.0,26.0,10
0,High,7.0,0,0.0,Male,25 - 45,6851,F,1,0.0,324.0,Caucasian,7.0,27.0,8
1,Medium,1.0,0,1.0,Male,Less than 25,715,M,1,0.0,276.0,Caucasian,1.0,23.0,5
0,low,6.0,0,0.0,male,Greater than 45,7196,F,0,0.0,636.0,African-American,6.0,53.0,2
0,medium,0.0,0,0.0,Male,25 - 45,6108,F,1,0.0,348.0,African-American,0.0,29.0,5
0,Low,9.0,0,0.0,Male,25 - 45,2517,F,0,0.0,528.0,African-American,9.0,44.0,3
0,medium,19.0,0,0.0,Male,Greater than 45,6065,F,0,0.0,684.0,African-American,19.0,57.0,6
0,Medium,3.0,0,0.0,Male,Less than 25,5506,F,1,0.0,288.0,Caucasian,3.0,24.0,5
0,Low,0.0,0,0.0,Male,25 - 45,5198,F,0,0.0,324.0,Caucasian,0.0,27.0,4
0,Low,5.0,0,0.0, Male,25 - 45,6505,F,0,0.0,348.0,Caucasian,5.0,29.0,2
0,Medium,1.0,0,0.0,Female,Less than 25,8311,F,0,,288.0,Caucasian,1.0,24.0,6
3,HIGH,3.0,0,3.0,Male,Less than 25,5578,F,1,0.0,288.0,African-American,3.0,24.0,10
0,Low,3.0,0,0.0,Male,Greater than 45,7135,F,0,0.0,,Caucasian,3.0,,4
0,Low,4.0,0,0.0,Male,Greater than 45,10721,M,0,0.0,600.0,Caucasian,4.0,50.0,2
0,Low,0.0,0,0.0,Female,25 - 45,1711,M,0,0.0,480.0,Caucasian,0.0,40.0,1
0,Low,1.0,0,0.0,Male,Less than 25,8116,F,0,0.0,252.0,Caucasian,1.0,21.0,4
0,High,1.0,0,1.0,Male,Less than 25,2642,f,0,1.0,228.0,Hispanic,1.0,19.0,9
0,Low,1.0,0,0.0,Male,25 - 45,8924,F,1,0.0,324.0,African-American,1.0,27.0,4
0,Low,6.0,0,0.0,Male,Greater than 45,5099,F,0,0.0,576.0,African-American,6.0,48.0,3
0,Medium,9.0,0,1.0,Male,25 - 45,2477,F,1,1.0,408.0,Caucasian,9.0,34.0,6
0,Low,0.0,0,0.0,Female,Less than 25,9581,F,0,0.0,276.0,African-American,0.0,23.0,3
0,Low,3.0,0,0.0,Female,Greater than 45,5635,M,0,0.0,624.0,Caucasian,3.0,52.0,1
0,Low,3.0,0,0.0,Male,25 - 45,7853,m,1,0.0,492.0,African-American,3.0,41.0,2
0,medium,0.0,0,0.0,Male,Less than 25,3429,F,1,0.0,252.0,African-American,0.0,21.0,6
0,MEDIUM,0.0,0,0.0,Male,Less than 25,2154,,0,0.0,252.0,Other,0.0,21.0,6
0,Medium,1.0,0,0.0,Female,Less than 25,4445,f,0,0.0,264.0,African-American,1.0,22.0,5
0,Low,13.0,0,0.0,Male,Greater than 45,6513,F,1,0.0,732.0,African-American,13.0,61.0,4
0,Low,0.0,0,0.0,Male,25 - 45,2970,F,0,0.0,444.0,Native American,0.0,37.0,2
0,High,1.0,0,0.0,Male,25 - 45,9539,F,0,0.0,336.0,Caucasian,1.0,28.0,10
0,Low,3.0,0,0.0,Male,25 - 45,1854,F,0,0.0,456.0,African-American,3.0,38.0,4
0,Low,1.0,0,0.0,Male,25 - 45,4688,M,0,0.0,372.0,African American,1.0,31.0,2
0,Low,-,0,0.0,Male,25 - 45,561,M,0,0.0,408.0,Caucasian,-,34.0,1
0,Medium,2.0,0,0.0,Male,25 - 45,8119,F,0,0.0,324.0,African-American,2.0,27.0,5
0,Low,0.0,0,0.0,Male,25 - 45,1024,M,0,0.0,324.0,African-American,0.0,27.0,2
0,Low,0.0,0,0.0,Female,Less than 25,8218,M,0,0.0,288.0,Caucasian,0.0,24.0,3
0,MEDIUM,7.0,0,0.0,Male,25 - 45,4322,F,0,0.0,420.0,Hispanic,7.0,35.0,7
0,Medium,1.0,0,0.0, Male,25 - 45,6511,M,1,0.0,348.0,African-American,1.0,29.0,6
0,Low,3.0,0,0.0,Male,Greater than 45,6131,M,0,0.0,720.0, African-American,3.0,60.0,1
0,Medium,2.0,0,0.0,Male,25 - 45,10406,F,0,0.0,516.0,African-American,2.0,43.0,7
0,Medium,4.0,1,1.0,Male,25 - 45,9020,M,1,0.0,360.0,Caucasian,4.0,30.0,5
0,Medium,2.0,0,0.0,Female,25 - 45,8296,M,0,0.0,384.0,Caucasian,2.0,32.0,6
0,Low,1.0,0,0.0,Male,25 - 45,3445,M,0,0.0,336.0,Caucasian,1.0,28.0,3
0,Low,0.0,0,0.0,Female,Greater than 45,7238,M,0,0.0,636.0,Caucasian,0.0,53.0,1
0,Medium,0.0,0,0.0,Male,Less than 25,7511,F,1,0.0,240.0,African-American,0.0,20.0,7
0,Low,1.0,0,0.0,Male,Greater than 45,1532,M,0,0.0,708.0,Hispanic,1.0,59.0,1
0,Low,1.0,0,0.0,Female,Less than 25,1247,F,0,0.0,276.0,African-American,1.0,23.0,3
0,Low,7.0,0,0.0,Male,Greater than 45,10037,M,1,0.0,576.0,African-American,7.0,48.0,4
0,Low,4.0,0,0.0,Male,Greater than 45,4468,F,0,0.0,720.0,Hispanic,4.0,60.0,1
0,Low,5.0,0,0.0,Male,Greater than 45,9545,F,0,0.0,660.0,African-American,5.0,55.0,4
0,Low,1.0,0,0.0,Male,25 - 45,2421,M,0,0.0,384.0,Caucasian,1.0,32.0,2
0,LOW,1.0,0,0.0,Male,25 - 45,716,M,0,0.0,420.0,African-American,1.0,35.0,2
0,Low,,0,0.0,Male,Greater than 45,4154,M,0,0.0,624.0,African-American,,52.0,1
0,Medium,9.0,0,0.0,Male,25 - 45,2456,F,0,0.0,516.0,Caucasian,9.0,43.0,6
0,High,11.0,0,0.0,Male,25 - 45,9782,M,0,0.0,348.0,African-American,11.0,29.0,10
0,High,2.0,0,0.0,Male,Greater than 45,4795,F,0,0.0,684.0,African-American,2.0,57.0,8
1,Low,3.0,0,1.0, Male,Less than 25,10596,F,0,0.0,264.0,Other,3.0,22.0,3
0,High,8.0,3,5.0,n/a,25 - 45,7097,F,0,2.0,300.0,African-American,8.0,25.0,10
0,Low,,0,0.0,Male,Greater than 45,1402,M,0,0.0,552.0,African-American,,46.0,1
0,High,0.0,0,0.0,Male,Less than 25,7040,F,0,0.0,276.0,Caucasian,0.0,23.0,9
0,Low,0.0,0,0.0,Male,Less than 25,9004,F,0,0.0,276.0,African-American,0.0,23.0,2
0,Low,0.0,0,0.0,Male,25 - 45,9630,M,0,0.0,396.0,Caucasian,0.0,33.0,1
0,LOW,0.0,0,0.0,n/a,Greater than 45,7269,M,0,0.0,684.0,Caucasian,0.0,57.0,1
0,Low,0.0,0,0.0,Female,Less than 25,3528,F,0,0.0,288.0,African-American,0.0,24.0,3
0,medium,0.0,0,0.0,male,25 - 45,8857,M,0,0.0,324.0,Caucasian,0.0,27.0,5
0,Low,4.0,0,0.0,Male,25 - 45,6085,F,0,0.0,468.0,African-American,4.0,39.0,4
0,Medium,5.0,0,0.0,Female,25 - 45,9375,F,1,0.0,312.0,African-American,5.0,26.0,7
0,MEDIUM,7.0,0,0.0,Male,25 - 45,2581,F,1,0.0,300.0,African-American,7.0,25.0,7
0,Medium,-,0,0.0,Male,25 - 45,9473,F,0,0.0,456.0,African-American,-,38.0,7
0,Low,1.0,0,0.0,Male,25 - 45,10491,M,0,0.0,,Caucasian,1.0,,3
0,High,18.0,1,1.0,Male,25 - 45,8399,F,1,0.0,336.0,African-American,18.0,28.0,9
0,Low,5.0,0,0.0, Male,25 - 45,435,M,0,0.0,408.0,African-American,5.0,34.0,4
0,High,6.0,0,0.0,Male,25 - 45,5957,F,1,0.0,360.0,Other,6.0,30.0,9
0,Low,1.0,0,0.0,Female,Greater than 45,2406,F,0,0.0,840.0,African-American,1.0,70.0,1
0,Low,1.0,0,0.0,Male,25 - 45,7536,F,0,0.0,468.0,Caucasian,1.0,39.0,1
0,High,10.0,0,0.0,Male,25 - 45,10383,F,1,0.0,324.0,African-American,10.0,27.0,9
0,Low,0.0,0,0.0,female,Less than 25,9987,M,1,0.0,276.0,African-American,0.0,23.0,4
0,Low,0.0,0,0.0,Male,25 - 45,2550,F,0,0.0,396.0,Caucasian,0.0,33.0,3
0,Medium,,0,0.0,Male,Greater than 45,6066,M,0,0.0,684.0,Caucasian,,57.0,5
0,Low,3.0,0,0.0,MALE,Greater than 45,5543,M,1,0.0,540.0,Caucasian,3.0,45.0,3
0,Low,,0,0.0,Male,Greater than 45,4346,F,1,0.0,660.0,Caucasian,,55.0,2
0,Low,7.0,0,0.0,Male,25 - 45,7131,F,1,0.0,456.0,African-American,7.0,38.0,4
0,Low,,0,0.0,Female,Greater than 45,6552,M,1,0.0,576.0,Caucasian,,48.0,4
0,Low,0.0,0,0.0,Male,25 - 45,9777,F,1,0.0,456.0,African-American,0.0,38.0,3
0,Low,0.0,0,0.0,Male,Greater than 45,10577,M,1,,708.0,Caucasian,0.0,59.0,2
0,Low,1.0,0,0.0,Male,25 - 45,5461,F,0,0.0,420.0,African-American,1.0,35.0,2
0,high,2.0,1,1.0,Male,Less than 25,4102,F,0,0.0,264.0, African-American,2.0,22.0,9
0,High,6.0,0,0.0,Male,25 - 45,6864,M,1,0.0,312.0,African-American,6.0,26.0,10
0,Medium,0.0,0,0.0,Male,Less than 25,4649,F,0,0.0,252.0,Hispanic,0.0,21.0,5
0,Medium,4.0,0,0.0,MALE,25 - 45,5696,M,1,0.0,528.0,Caucasian,4.0,44.0,5
0,Low,,0,0.0,Female,Greater than 45,9842,F,0,0.0,660.0,Hispanic,,55.0,1
0,Low,0.0,0,0.0,Male,25 - 45,501,M,0,0.0,432.0,Caucasian,0.0,36.0,3
0,Low,2.0,0,0.0,Male,Greater than 45,9553,M,0,0.0,720.0,caucasian,2.0,60.0,2
1,Medium,2.0,0,1.0,Male,Less than 25,9905,M,1,0.0,264.0,Caucasian,2.0,22.0,5
0,High,17.0,0,0.0,Male,Greater than 45,7917,F,0,0.0,564.0,-,17.0,47.0,8
1,High,5.0,0,1.0,Male,25 - 45,9904,F,1,0.0,300.0,African-American,5.0,25.0,9
0,Low,,0,0.0,Female,Greater than 45,9099,M,0,0.0,624.0,African American,,52.0,3
0,Low,2.0,0,0.0,MALE,25 - 45,2286,M,0,0.0,324.0,Hispanic,2.0,27.0,4
0,Low,0.0,0,0.0,MALE,25 - 45,3161,F,0,,432.0,Hispanic,0.0,36.0,1
0,Low,1.0,0,0.0,Male,Greater than 45,10427,F,0,0.0,672.0,Caucasian,1.0,56.0,2
0,Low,0.0,0,0.0,Female,Less than 25,2770,F,0,0.0,264.0,Other,0.0,22.0,4
0,High,7.0,0,0.0,Female,25 - 45,313,F,1,0.0,336.0,Caucasian,7.0,28.0,9
0,Low,0.0,0,0.0,Male,25 - 45,916,F,0,0.0,480.0,African-American,0.0,40.0,15
1,high,11.0,0,1.0,n/a,25 - 45,3238,F,1,0.0,348.0,African-American,11.0,29.0,10
0,Low,4.0,0,0.0,Male,25 - 45,4750,F,0,0.0,360.0,Caucasian,4.0,30.0,4
0,Medium,,0,0.0,Male,Greater than 45,5342,M,0,0.0,564.0,Caucasian,,47.0,5
1,Medium,2.0,0,1.0,Male,25 - 45,9834,M,0,0.0,348.0,African-American,2.0,29.0,5
7,Medium,3.0,0,7.0,Male,Less than 25,10400,Misdemeanor,0,0.0,276.0,Caucasian,3.0,23.0,7
0,Medium,0.0,0,0.0,Male,25 - 45,3997,F,1,0.0,408.0,African-American,0.0,34.0,7
0,Medium,9.0,0,0.0,Male,25 - 45,4685,m,1,0.0,384.0,African-American,9.0,32.0,6
0,Medium,6.0,0,0.0,Male,25 - 45,3386,F,1,0.0,420.0,Caucasian,6.0,35.0,5
0,Low,0.0,0,0.0,Female,Less than 25,5988,,0,0.0,276.0,Caucasian,0.0,23.0,3
0,Low,0.0,0,0.0,Male,25 - 45,8910,F,1,0.0,324.0, African-American,0.0,27.0,4
0,Medium,4.0,0,0.0,Male,25 - 45,8317,F,0,,444.0,Hispanic,4.0,37.0,5
0,Medium,3.0,0,0.0,Female,25 - 45,5906,M,0,0.0,384.0,African-American,3.0,32.0,6
0,high,7.0,0,1.0,Male,25 - 45,2197,F,1,1.0,312.0,African-American,7.0,26.0,9
1,Medium,3.0,0,1.0,Male,Less than 25,4533,f,1,0.0,276.0,Caucasian,3.0,23.0,6
0,Low,N/A,0,0.0,n/a,25 - 45,4337,F,0,0.0,492.0,Caucasian,N/A,41.0,1
0,Medium,29.0,0,0.0,Male,25 - 45,7268,F,0,0.0,420.0,African-American,29.0,35.0,6
0,Low,6.0,0,0.0,Male,25 - 45,8382,F,1,0.0,528.0,Other,6.0,44.0,1
0,Medium,7.0,0,0.0,Female,25 - 45,2239,M,0,0.0,360.0,Caucasian,7.0,30.0,7
0,Medium,1.0,0,0.0,MALE,25 - 45,8133,F,1,0.0,516.0,African-American,1.0,43.0,6
0,Medium,4.0,0,0.0,Male,25 - 45,5035,F,0,0.0,516.0,Caucasian,4.0,43.0,5
0,High,3.0,0,0.0,Male,Less than 25,2153,,1,0.0,264.0,African-American,3.0,22.0,8
0,Medium,3.0,0,0.0,Male,Less than 25,15,,1,,276.0,African-American,3.0,23.0,6
0,High,1.0,0,0.0,Male,Less than 25,4681,F,1,0.0,252.0,African-American,1.0,21.0,10
0,Medium,2.0,0,0.0,Male,25 - 45,5864,F,1,0.0,300.0,Hispanic,2.0,25.0,5
0,High,14.0,0,0.0,Male,25 - 45,5005,F,1,0.0,408.0,Hispanic,14.0,34.0,9
0,Low,0.0,0,0.0,Male,Less than 25,7526,M,1,0.0,276.0,Caucasian,0.0,23.0,3
0,Low,N/A,0,0.0,Male,25 - 45,4546,F,1,0.0,384.0,African-American,N/A,32.0,1
0,Medium,1.0,0,0.0,Female,25 - 45,4960,M,1,0.0,396.0,Caucasian,1.0,33.0,6
0,Low,8.0,1,2.0,Male,Less than 25,1882,F,1,1.0,288.0,African-American,8.0,24.0,9
0,Low,2.0,0,0.0,Male,25 - 45,4879,F,1,0.0,348.0,African-American,2.0,29.0,4
0,Low,0.0,0,0.0,Male,25 - 45,8157,F,0,0.0,360.0,Caucasian,0.0,30.0,3
0,Medium,7.0,2,2.0,Male,Less than 25,5066,F,1,0.0,276.0,Other,7.0,23.0,6
0,High,0.0,0,0.0,Male,Less than 25,6875,f,0,0.0,264.0,Caucasian,0.0,22.0,8
0,High,2.0,0,0.0,Female,25 - 45,2561,F,1,0.0,,Caucasian,2.0,,10
2,High,28.0,12,14.0,Male,25 - 45,178,F,1,0.0,396.0,African-American,28.0,33.0,8
0,Medium,1.0,0,0.0,Male,Greater than 45,648,F,1,0.0,684.0,African-American,1.0,57.0,5
0,High,1.0,0,0.0,Male,Greater than 45,5536,f,0,0.0,540.0,-,1.0,45.0,9
0,low,2.0,0,0.0,Female,25 - 45,6877,F,0,0.0,420.0,African-American,2.0,35.0,2
0,Medium,N/A,0,0.0,Male,25 - 45,10899,M,1,,300.0,Caucasian,N/A,25.0,5
0,Low,1.0,0,0.0,Female ,Greater than 45,4668,F,0,0.0,780.0,Caucasian,1.0,65.0,1
0,Medium,0.0,0,0.0,Male,25 - 45,7197,F,0,0.0,444.0,Caucasian,0.0,37.0,6
1,high,8.0,3,4.0,Male,25 - 45,8583,M,1,0.0,300.0,African-American,8.0,25.0,8
0,LOW,1.0,0,0.0,Female,Greater than 45,7735,Misdemeanor,0,0.0,612.0,Caucasian,1.0,51.0,2
0,Medium,0.0,0,0.0,Male,25 - 45,6146,M,0,0.0,396.0,African-American,0.0,33.0,7
0,Medium,1.0,0,0.0,Female,Less than 25,5143,M,0,0.0,276.0,Caucasian,1.0,23.0,6
0,Medium,1.0,0,0.0,Male,Less than 25,10416,M,0,0.0,288.0, African-American,1.0,24.0,7
0,Medium,4.0,0,0.0,Male,Less than 25,10163,M,0,0.0,264.0,African-American,4.0,22.0,6
0,High,4.0,0,0.0, Male,25 - 45,3649,F,1,0.0,312.0,African-American,4.0,26.0,8
0,Low,0.0,0,0.0,Male,Less than 25,10439,F,0,0.0,252.0,African-American,0.0,21.0,3
0,Medium,1.0,0,1.0,Male,Less than 25,9155,,1,1.0,240.0,Caucasian,1.0,20.0,7
0,Low,4.0,1,1.0,Female,25 - 45,9922,F,0,0.0,312.0,African-American,4.0,26.0,3
0,High,18.0,0,0.0,Male,25 - 45,5155,F,1,0.0,336.0,African-American,18.0,28.0,10
0,Low,7.0,0,0.0,Male,25 - 45,20,F,1,0.0,372.0,African-American,7.0,31.0,3
0,Low,0.0,0,0.0,Male,Less than 25,2501,F,0,0.0,264.0,African-American,0.0,22.0,2
0,Low,0.0,0,0.0,male,25 - 45,3363,f,1,0.0,492.0,Hispanic,0.0,41.0,1
0,Low,0.0,0,0.0,Male,Greater than 45,3697,m,0,0.0,648.0,Caucasian,0.0,54.0,1
0,Low,0.0,0,0.0,Male,Less than 25,2809,F,0,0.0,276.0,African-American,0.0,23.0,3
0,High,3.0,0,0.0,Male,Less than 25,4037,M,1,0.0,288.0,Caucasian,3.0,24.0,8
0,Low,0.0,0,0.0,Male,25 - 45,9196,F,1,0.0,420.0,Caucasian,0.0,35.0,3
0,Low,0.0,0,0.0,Male,25 - 45,1754,M,0,0.0,420.0,?,0.0,35.0,1
0,Low,1.0,0,0.0,Male,25 - 45,8691,M,0,0.0,384.0,Caucasian,1.0,32.0,2
0,Low,1.0,0,0.0,Male,Greater than 45,3714,m,0,0.0,636.0,Caucasian,1.0,53.0,1
0,High,1.0,0,0.0,Male,25 - 45,4554,F,0,0.0,396.0,African-American,1.0,33.0,10
0,Low,-,0,0.0,Male,25 - 45,4081,F,0,0.0,324.0,Caucasian,-,27.0,3
0,Low,0.0,0,0.0,Male,Less than 25,6077,F,0,0.0,276.0,Caucasian,0.0,23.0,4
0,Low,,0,0.0,Male,Greater than 45,2988,F,0,0.0,684.0, Caucasian,,57.0,1
0,Low,-,0,0.0,Male,25 - 45,5639,F,1,0.0,504.0,Caucasian,-,42.0,1
0,Low,2.0,0,0.0,Male,Greater than 45,9087,M,1,0.0,708.0,Caucasian,2.0,59.0,1
0,Low,0.0,0,0.0,Female,Less than 25,1474,F,0,0.0,240.0,African-American,0.0,20.0,4
0,Medium,0.0,0,0.0,Male,Less than 25,7455,F,0,0.0,264.0,African-American,0.0,22.0,7
0,Medium,0.0,0,0.0,Female,Less than 25,2685,F,0,0.0,252.0,African-American,0.0,21.0,5
0,High,2.0,0,0.0,Male,Less than 25,4083,M,0,0.0,276.0,Other,2.0,23.0,8
0,Medium,1.0,0,0.0,Male,25 - 45,7519,F,0,0.0,360.0,African American,1.0,30.0,5
0,Medium,1.0,0,0.0,Female,25 - 45,1228,F,0,0.0,348.0,Caucasian,1.0,29.0,5
0,Low,1.0,0,0.0,Female,25 - 45,8726,F,0,0.0,348.0,Hispanic,1.0,29.0,4
0,Low,1.0,0,0.0,Male,Greater than 45,5774,F,0,0.0,684.0,Caucasian,1.0,57.0,1
0,Medium,5.0,0,0.0,n/a,Greater than 45,6557,M,0,0.0,708.0,African-American,5.0,59.0,6
0,Low,0.0,0,0.0,Male,25 - 45,2292,F,0,0.0,456.0,Caucasian,0.0,38.0,1
0,Low,0.0,0,0.0,Male,25 - 45,5761,F,0,0.0,444.0,Caucasian,0.0,37.0,3
0,Low,1.0,0,0.0,Female,25 - 45,1967,F,0,0.0,468.0,African-American,1.0,39.0,2
0,Low,0.0,0,0.0,Male,25 - 45,6524,F,0,0.0,336.0,?,0.0,28.0,3
0,Low,1.0,0,0.0,Male,25 - 45,1334,F,0,0.0,336.0,African-American,1.0,28.0,3
0,Low,1.0,0,0.0,FEMALE,25 - 45,918,F,0,0.0,456.0,African-American,1.0,38.0,1
0,Low,0.0,0,0.0,Male,25 - 45,4527,M,0,0.0,444.0,Other,0.0,37.0,1
0,Low,3.0,0,0.0, Male,Greater than 45,8267,F,1,0.0,552.0,African-American,3.0,46.0,3
0,High,8.0,0,1.0,male,25 - 45,10189,F,1,1.0,348.0,African-American,8.0,29.0,10
0,Medium,1.0,0,0.0,Male,25 - 45,245,F,0,0.0,360.0,African American,1.0,30.0,7
0,Low,14.0,0,0.0,Male,Greater than 45,2274,M,1,0.0,,Caucasian,14.0,,4
0,Low,0.0,0,0.0,Male,Less than 25,8871,F,1,0.0,240.0,African-American,0.0,20.0,4
0,Low,,0,0.0,Male,Greater than 45,1208,M,0,0.0,576.0,Caucasian,,48.0,3
0,Low,4.0,0,0.0,Male,Greater than 45,10758,Misdemeanor,0,0.0,540.0,African-American,4.0,45.0,2
0,Medium,1.0,0,0.0,Female,Greater than 45,9311,F,0,0.0,696.0,Hispanic,1.0,58.0,5
0,Low,1.0,0,0.0, Male,25 - 45,10415,f,0,0.0,504.0,African-American,1.0,42.0,1
0,Medium,12.0,0,0.0,Male,25 - 45,4747,F,0,0.0,408.0,African-American,12.0,34.0,7
0,Medium,7.0,0,1.0,Male,25 - 45,3797,f,0,1.0,528.0,African-American,7.0,44.0,6
0,Low,1.0,0,0.0,female,25 - 45,10762,M,0,0.0,312.0,Hispanic,1.0,26.0,4
0,Low,1.0,0,0.0,Female,25 - 45,4140,M,0,0.0,492.0,Caucasian,1.0,41.0,1
0,Low,0.0,0,0.0,Male,Less than 25,4697,M,0,0.0,276.0,African-American,0.0,23.0,3
0,Medium,17.0,0,0.0,Male,25 - 45,6247,M,1,0.0,504.0,African-American,17.0,42.0,7
0,LOW,1.0,0,0.0,Male,25 - 45,9941,F,1,0.0,300.0,?,1.0,25.0,3
0,Low,0.0,0,0.0,Female,25 - 45,6487,M,0,0.0,444.0,African-American,0.0,37.0,1
0,High,0.0,0,0.0,Male,25 - 45,1313,F,1,0.0,300.0,African-American,0.0,25.0,9
0,Medium,0.0,0,0.0,Male,25 - 45,10223,M,0,0.0,444.0,African-American,0.0,37.0,7
0,Low,1.0,0,0.0,male,Less than 25,9102,M,1,0.0,240.0,African-American,1.0,20.0,4
0,Low,6.0,0,0.0,Male,25 - 45,7239,M,1,0.0,372.0,Other,6.0,31.0,2
0,Medium,0.0,0,0.0,Male,25 - 45,3641,M,0,0.0,312.0,Caucasian,0.0,26.0,6
0,Low,3.0,0,0.0,?,25 - 45,4590,M,1,0.0,444.0,Hispanic,3.0,37.0,2
0,Low,1.0,0,0.0,female,Less than 25,497,M,0,0.0,276.0,Hispanic,1.0,23.0,3
0,Low,1.0,0,0.0,Male,Greater than 45,361,M,0,0.0,636.0,Caucasian,1.0,53.0,1
0,Low,0.0,0,0.0,Male,25 - 45,8735,M,0,0.0,456.0,AFRICAN-AMERICAN,0.0,38.0,1
0,High,18.0,0,2.0,Male,25 - 45,1668,M,0,2.0,444.0,African-American,18.0,37.0,9
0,Low,0.0,0,0.0,Male,25 - 45,6100,F,1,0.0,408.0,Caucasian,0.0,34.0,1
0,Low,0.0,0,0.0,Male,Less than 25,4674,M,1,0.0,240.0,African-American,0.0,20.0,3
0,Low,1.0,0,0.0,MALE,Greater than 45,2733,F,0,0.0,708.0,Other,1.0,59.0,1
0,Low,1.0,0,0.0,Male,25 - 45,8457,F,0,0.0,300.0,African-American,1.0,25.0,2
0,High,5.0,0,0.0,Male,25 - 45,1429,f,1,0.0,312.0,African-American,5.0,26.0,10
0,High,6.0,0,0.0,Male,25 - 45,3936,M,1,0.0,516.0,African-American,6.0,43.0,10
0,Medium,9.0,0,0.0,Male,Greater than 45,2956,m,0,0.0,552.0,Caucasian,9.0,46.0,5
0,Low,0.0,0,0.0,Male,25 - 45,1865,F,0,0.0,432.0,Caucasian,0.0,36.0,1
0,Low,1.0,0,0.0,Male,Greater than 45,9188,F,0,0.0,636.0,Hispanic,1.0,53.0,1
0,Medium,7.0,0,0.0,Male,25 - 45,7045,F,1,0.0,312.0,Caucasian,7.0,26.0,7
0,high,1.0,0,0.0,Male,25 - 45,7576,Felony,1,0.0,372.0,African-American,1.0,31.0,10
0,Low,2.0,0,0.0,Male,25 - 45,5607,F,0,0.0,456.0,CAUCASIAN,2.0,38.0,3
0,High,21.0,1,1.0, Male,25 - 45,3426,F,1,0.0,300.0,AFRICAN-AMERICAN,21.0,25.0,10
0,Low,2.0,0,0.0,Female,25 - 45,496,M,1,0.0,300.0,Caucasian,2.0,25.0,4
0,Low,4.0,0,0.0,Male,25 - 45,10648,Felony,1,0.0,324.0,Hispanic,4.0,27.0,2
0,low,0.0,0,0.0,Male,Less than 25,5491,F,0,0.0,240.0,Caucasian,0.0,20.0,4
0,Low,1.0,0,0.0,Male,Less than 25,248,F,0,0.0,264.0,African-American,1.0,22.0,2
0,Low,4.0,0,0.0,Male,25 - 45,355,F,0,0.0,360.0,African-American,4.0,30.0,2
1,Medium,6.0,0,1.0,Male,25 - 45,6367,M,1,0.0,360.0,African-American,6.0,30.0,7
0,High,2.0,0,0.0,Male,25 - 45,1961,F,1,0.0,312.0, Caucasian,2.0,26.0,8
0,Low,0.0,0,0.0,Female,25 - 45,10050,F,0,0.0,408.0,Other,0.0,34.0,2
0,Medium,2.0,0,0.0,Male,25 - 45,4559,M,1,0.0,492.0,African-American,2.0,41.0,6
0,Low,6.0,0,0.0,Female,25 - 45,10425,M,1,0.0,396.0,African-American,6.0,33.0,1
0,Medium,2.0,0,0.0,Female,Less than 25,5067,,1,0.0,288.0,African-American,2.0,24.0,6
0,Low,0.0,0,0.0,Female,25 - 45,3136,M,0,0.0,396.0,Caucasian,0.0,33.0,1
0,Low,0.0,0,0.0,MALE,Less than 25,8845,,0,0.0,252.0,Other,0.0,21.0,4
1,Medium,1.0,0,1.0,Male,Less than 25,6103,,1,0.0,252.0,African-American,1.0,21.0,7
0,Medium,2.0,0,0.0,Male,25 - 45,7024,F,0,0.0,336.0,Caucasian,2.0,28.0,7
0,Low,0.0,0,0.0,Male,Greater than 45,10330,M,0,0.0,804.0,Caucasian,0.0,67.0,1
0,Low,0.0,0,0.0,Male,Less than 25,5281,M,0,0.0,276.0,Hispanic,0.0,23.0,3
0,Low,0.0,0,-1.0,Male,25 - 45,522,Felony,0,-1.0,444.0,Caucasian,0.0,37.0,1
0,Low,1.0,0,0.0,Female,25 - 45,5728,F,0,0.0,360.0,African-American,1.0,30.0,2
1,Medium,9.0,0,1.0,Male,25 - 45,2609,F,0,0.0,300.0,African-American,9.0,25.0,7
1,Low,4.0,0,1.0,Male,Less than 25,4,F,1,0.0,288.0,African-American,4.0,24.0,4
1,Medium,1.0,0,2.0,Male,Less than 25,3710,F,1,1.0,228.0,African-American,1.0,19.0,7
2,Low,1.0,0,2.0,Male,Less than 25,1655,,1,0.0,288.0,African-American,1.0,24.0,2
0,Medium,6.0,0,0.0,Male,25 - 45,8520,F,1,0.0,348.0,African-American,6.0,29.0,6
0,Low,1.0,0,0.0,Male,25 - 45,1884,F,0,0.0,324.0,Other,1.0,27.0,4
0,High,,0,0.0,Male,Greater than 45,4111,M,0,0.0,672.0,African-American,,56.0,8
0,Low,0.0,0,0.0,Female,25 - 45,6148,M,0,0.0,324.0,African-American,0.0,27.0,2
0,Low,2.0,0,0.0,Male,Greater than 45,3660,F,0,0.0,552.0,Other,2.0,46.0,3
0,Low,14.0,0,0.0,Male,25 - 45,2736,F,1,0.0,432.0,Caucasian,14.0,36.0,4
0,Low,1.0,0,0.0,Male,25 - 45,5917,M,1,0.0,384.0,African-American,1.0,32.0,4
0,Low,0.0,0,0.0,Male,25 - 45,4088,F,0,0.0,420.0,African-American,0.0,35.0,3
0,Low,4.0,0,0.0,Male,Greater than 45,617,F,0,0.0,720.0,Other,4.0,60.0,1
1,Medium,12.0,0,1.0,Male,25 - 45,10919,M,1,,420.0,African-American,12.0,35.0,6
0,Low,2.0,0,0.0,Male,Greater than 45,3205,M,0,0.0,588.0,Caucasian,2.0,49.0,1
0,Low,0.0,0,0.0,Male,Less than 25,9597,m,0,0.0,264.0,Caucasian,0.0,22.0,4
0,Low,0.0,0,0.0,MALE,25 - 45,7043,F,0,0.0,312.0,African-American,0.0,26.0,3
0,Low,2.0,0,0.0,Male,25 - 45,3314,F,0,0.0,360.0,Caucasian,2.0,30.0,4
0,Low,0.0,0,0.0,Male,25 - 45,6756,F,1,0.0,384.0,Caucasian,0.0,32.0,1
0,Low,2.0,0,0.0,Male,25 - 45,3535,F,0,0.0,384.0,Caucasian,2.0,32.0,2
0,Medium,0.0,0,0.0,Male,Less than 25,3629,F,1,,252.0,African-American,0.0,21.0,7
0,High,0.0,0,0.0,Male,Less than 25,7391,F,1,0.0,252.0,African-American,0.0,21.0,9
0,Low,20.0,0,0.0,Male,Greater than 45,7003,M,1,0.0,732.0,African-American,20.0,61.0,2
0,Low,0.0,0,0.0,Male,Greater than 45,7943,M,0,0.0,624.0,Hispanic,0.0,52.0,1
0,low,3.0,0,0.0,Male,Greater than 45,1794,F,0,0.0,588.0,African-American,3.0,49.0,2
0,Low,0.0,0,0.0,Male,25 - 45,8032,M,0,0.0,492.0,Caucasian,0.0,41.0,1
0,low,1.0,0,0.0,Male,Greater than 45,5494,M,1,0.0,636.0,Hispanic,1.0,53.0,1
0,low,0.0,0,0.0,Male,25 - 45,6981,F,1,0.0,468.0,Caucasian,0.0,39.0,1
0,Medium,8.0,0,0.0,male,Greater than 45,9512,M,0,0.0,732.0,African-American,8.0,61.0,6
0,Low,2.0,0,0.0,?,Greater than 45,1049,F,0,0.0,636.0,Caucasian,2.0,53.0,1
0,High,6.0,0,0.0,Male,25 - 45,5627,F,1,0.0,420.0,African-American,6.0,35.0,8
0,Low,1.0,0,0.0,Male,Greater than 45,8842,F,0,,552.0,Caucasian,1.0,46.0,3
1,High,4.0,3,4.0,Female,Less than 25,3817,m,1,0.0,252.0,African-American,4.0,21.0,8
0,Low,0.0,0,0.0,Male,25 - 45,6360,F,0,0.0,468.0,Caucasian,0.0,39.0,3
0,Medium,12.0,0,0.0,Male,25 - 45,7387,F,0,0.0,516.0,Caucasian,12.0,43.0,6
0,Medium,15.0,0,0.0,Male,25 - 45,7108,M,1,0.0,396.0,African-American,15.0,33.0,5
0,High,0.0,0,0.0,Male,25 - 45,4651,F,0,0.0,456.0,African-American,0.0,38.0,8
0,Low,4.0,0,0.0,Male,Greater than 45,3156,F,0,0.0,588.0,Caucasian,4.0,49.0,1
0,High,1.0,0,0.0,Male,Less than 25,1433,F,0,0.0,252.0,African-American,1.0,21.0,8
0,Low,2.0,0,0.0,Female,25 - 45,7400,M,0,0.0,360.0,African-American,2.0,30.0,3
0,Low,0.0,0,0.0,Male,Less than 25,681,M,0,0.0,288.0,Caucasian,0.0,24.0,1
0,Low,2.0,0,0.0,Male,Greater than 45,10865,F,0,0.0,888.0,Caucasian,2.0,74.0,1
0,Medium,1.0,0,0.0,Male,25 - 45,7818,F,0,0.0,492.0,Caucasian,1.0,41.0,5
0,Medium,5.0,0,0.0,Male,25 - 45,8248,M,1,0.0,336.0,Caucasian,5.0,28.0,7
0,High,4.0,0,1.0,Female,Less than 25,3479,F,1,1.0,252.0,African-American,4.0,21.0,10
0,Medium,2.0,0,0.0,Female,Less than 25,2494,F,1,0.0,276.0,African-American,2.0,23.0,7
0,High,7.0,0,0.0,Male,25 - 45,6497,M,1,0.0,348.0,African-American,7.0,29.0,8
0,Low,0.0,0,0.0,MALE,25 - 45,10979,M,0,0.0,516.0,African-American,0.0,43.0,1
0,Low,1.0,0,0.0,Male,Less than 25,9667,F,1,0.0,264.0,Caucasian,1.0,22.0,4
0,Low,2.0,0,0.0,Male,25 - 45,9527,M,0,0.0,432.0,African-American,2.0,36.0,2
0,LOW,1.0,0,0.0,Male,Greater than 45,9012,M,0,0.0,,Caucasian,1.0,,1
0,high,15.0,0,0.0,Male,25 - 45,1039,F,1,0.0,360.0,African-American,15.0,30.0,9
0,Low,0.0,0,0.0,Male,25 - 45,10404,M,0,0.0,360.0,hispanic,0.0,30.0,3
0,High,1.0,0,0.0,Male,Less than 25,1846,F,0,0.0,240.0,African-American,1.0,20.0,9
2,Low,1.0,0,2.0,Male,Less than 25,4763,F,0,,288.0,Caucasian,1.0,24.0,3
0,Low,2.0,0,0.0,Male,25 - 45,4430,M,1,0.0,300.0,HISPANIC,2.0,25.0,3
0,Low,6.0,0,0.0,Male,25 - 45,1062,F,0,0.0,444.0,African-American,6.0,37.0,3
0,Low,2.0,0,0.0,Female,25 - 45,6425,F,0,0.0,360.0,AFRICAN-AMERICAN,2.0,30.0,2
0,Low,0.0,0,0.0,Male,Less than 25,3546,F,0,0.0,276.0,Hispanic,0.0,23.0,2
0,High,0.0,0,0.0,Male,25 - 45,2852,F,0,0.0,300.0,African-American,0.0,25.0,8
0,Low,0.0,0,0.0,Male,Less than 25,9458,M,1,0.0,276.0,African-American,0.0,23.0,3
0,High,5.0,0,0.0,Female,25 - 45,10859,F,0,0.0,336.0,African-American,5.0,28.0,8
0,Medium,2.0,0,0.0,Male,25 - 45,3165,F,1,0.0,456.0,Caucasian,2.0,38.0,5
0,Medium,5.0,0,0.0,Male,Less than 25,2211,Felony,1,0.0,288.0,African-American,5.0,24.0,7
0,Medium,2.0,0,0.0,Male,25 - 45,2279,M,0,0.0,420.0,African-American,2.0,35.0,7
0,Low,0.0,0,0.0,Male,Less than 25,9079,F,1,0.0,264.0,Hispanic,0.0,22.0,4
1,Medium,8.0,0,1.0,Female,25 - 45,9609,m,1,0.0,384.0,Hispanic,8.0,32.0,5
0,Medium,1.0,0,0.0,Male,25 - 45,5598,F,0,0.0,312.0,Hispanic,1.0,26.0,5
0,Medium,3.0,0,0.0,Male,Less than 25,2584,F,0,0.0,276.0,African-American,3.0,23.0,7
0,Low,1.0,0,0.0,Male,Less than 25,7224,F,1,0.0,288.0,African-American,1.0,24.0,3
0,High,0.0,0,0.0,Female,Less than 25,1152,M,0,0.0,276.0,Other,0.0,23.0,10
0,LOW,1.0,0,0.0,Male,Less than 25,9239,F,1,,276.0,African-American,1.0,23.0,4
0,Low,,0,0.0,Male,Greater than 45,2691,M,0,0.0,648.0,African-American,,54.0,1
0,Medium,6.0,0,0.0,Male,25 - 45,3972,M,0,0.0,372.0,Caucasian,6.0,31.0,7
0,Medium,11.0,1,1.0,FEMALE,25 - 45,6521,F,1,0.0,468.0,Caucasian,11.0,39.0,6
0,Low,0.0,0,0.0,Female,25 - 45,9960,M,0,0.0,300.0,African-American,0.0,25.0,2
0,High,13.0,1,1.0,Male,25 - 45,2885,F,1,0.0,444.0,African-American,13.0,37.0,8
0,Low,0.0,0,0.0,Male,Greater than 45,8087,M,1,0.0,684.0,Caucasian,0.0,57.0,1
0,High,1.0,1,1.0,Male,Less than 25,1765,M,0,0.0,276.0,African-American,1.0,23.0,10
0,Low,,0,0.0,FEMALE,Greater than 45,2595,M,0,0.0,564.0,Hispanic,,47.0,1
0,Low,4.0,0,0.0,MALE,Greater than 45,7655,F,0,0.0,660.0,Other,4.0,55.0,1
0,Low,3.0,0,0.0,Male,25 - 45,3304,F,0,0.0,480.0,African-American,3.0,40.0,2
0,Low,8.0,0,0.0,Male,Greater than 45,1566,F,0,0.0,672.0,African-American,8.0,56.0,3
0,Low,5.0,0,0.0,Male,25 - 45,2896,F,1,0.0,336.0,African-American,5.0,28.0,4
0,Low,0.0,0,0.0,Male,Greater than 45,7203,F,0,0.0,672.0,African-American,0.0,56.0,1
0,Medium,0.0,0,0.0,Male,25 - 45,5654,F,0,0.0,504.0,African-American,0.0,42.0,5
0,Low,13.0,0,0.0,Male,Greater than 45,5863,F,1,0.0,600.0,African-American,13.0,50.0,1
0,High,17.0,0,0.0,Female,Greater than 45,9202,F,0,0.0,576.0,Caucasian,17.0,48.0,8
0,Low,0.0,0,0.0,Male,25 - 45,9511,F,0,0.0,360.0,Hispanic,0.0,30.0,1
0,High,0.0,0,0.0,Female,25 - 45,7904,m,0,0.0,396.0,African-American,0.0,33.0,9
0,Low,0.0,0,0.0,Male,25 - 45,3267,M,0,0.0,324.0,African-American,0.0,27.0,2
0,High,6.0,0,0.0,Male,25 - 45,4979,F,1,0.0,504.0,AFRICAN-AMERICAN,6.0,42.0,8
0,Medium,0.0,0,0.0, Male,25 - 45,821,F,0,0.0,420.0,African-American,0.0,35.0,7
0,Low,0.0,0,0.0,Female,25 - 45,6491,M,1,0.0,516.0,Caucasian,0.0,43.0,1
0,Medium,3.0,0,0.0,Male,25 - 45,5253,F,1,0.0,396.0, Caucasian,3.0,33.0,7
0,Medium,2.0,0,0.0,Male,Greater than 45,8002,M,0,0.0,552.0,African-American,2.0,46.0,7
0,Medium,5.0,0,0.0,Male,25 - 45,9043,F,1,0.0,384.0,Caucasian,5.0,32.0,5
0,Low,0.0,0,0.0,n/a,25 - 45,4900,F,0,0.0,480.0,Other,0.0,40.0,1
0,Low,0.0,0,0.0,Male,25 - 45,3869,M,0,0.0,312.0,African-American,0.0,26.0,4
1,Low,8.0,0,1.0,Male,25 - 45,3032,Felony,0,0.0,384.0,African-American,8.0,32.0,4
0,Low,1.0,0,0.0,Male,Less than 25,10293,F,0,0.0,276.0,CAUCASIAN,1.0,23.0,3
0,Low,3.0,0,0.0,Male,Greater than 45,428,F,0,0.0,552.0,Caucasian,3.0,46.0,4
0,Low,1.0,0,0.0,Female,25 - 45,1328,M,0,0.0,312.0,African-American,1.0,26.0,2
0,High,21.0,2,2.0,Male,25 - 45,4935,F,0,0.0,336.0,African-American,21.0,28.0,10
0,Low,0.0,0,0.0,Male,25 - 45,7802,M,1,0.0,324.0,Hispanic,0.0,27.0,2
0,Low,3.0,0,0.0,Male,Greater than 45,9654,Felony,1,0.0,576.0,African-American,3.0,48.0,2
0,Low,6.0,0,0.0,Male,Greater than 45,7797,M,1,0.0,828.0,Caucasian,6.0,69.0,1
0,High,2.0,0,0.0,Male,Less than 25,6955,F,1,0.0,252.0,African-American,2.0,21.0,9
0,Low,0.0,0,0.0,Male,25 - 45,5969,M,1,0.0,396.0,Caucasian,0.0,33.0,3
0,Medium,0.0,0,0.0,Male,25 - 45,6631,F,1,0.0,516.0,African-American,0.0,43.0,5
0,High,1.0,0,0.0,Male,Less than 25,8154,m,0,0.0,276.0,African-American,1.0,23.0,8
1,Low,6.0,0,1.0, Male,25 - 45,8041,F,1,0.0,324.0,Hispanic,6.0,27.0,4
0,Low,4.0,0,0.0,Male,Greater than 45,8318,F,0,0.0,648.0,African-American,4.0,54.0,1
0,Medium,6.0,0,0.0,Male,25 - 45,3603,F,1,0.0,360.0,African-American,6.0,30.0,6
0,Low,0.0,0,0.0,Male,Less than 25,1742,M,1,0.0,240.0,Other,0.0,20.0,4
0,Low,0.0,0,0.0,Male,25 - 45,5015,M,1,0.0,300.0,Caucasian,0.0,25.0,2
0,High,11.0,0,0.0,Male,Less than 25,5825,F,1,0.0,288.0,African-American,11.0,24.0,9
1,Low,1.0,0,1.0,?,Less than 25,2045,M,0,0.0,264.0,Caucasian,1.0,22.0,3
0,Low,,0,0.0,female,Greater than 45,7032,M,0,0.0,696.0,Caucasian,,58.0,2
0,Low,0.0,0,0.0,Male,Greater than 45,2935,M,0,0.0,828.0,Caucasian,0.0,69.0,1
0,High,0.0,0,0.0,Male,Less than 25,10292,F,0,0.0,252.0,African-American,0.0,21.0,8
0,Medium,7.0,0,0.0,Male,25 - 45,9492,M,0,0.0,456.0,African-American,7.0,38.0,6
0,Low,0.0,0,0.0,Male,Greater than 45,1009,F,0,0.0,624.0,Hispanic,0.0,52.0,1
0,Medium,1.0,0,0.0,Male,Less than 25,6936,F,1,0.0,276.0,African-American,1.0,23.0,6
0,Low,0.0,0,0.0,Female,25 - 45,8976,F,0,0.0,516.0,Caucasian,0.0,43.0,1
0,Medium,0.0,0,0.0,Female,Less than 25,3508,F,0,0.0,240.0,African-American,0.0,20.0,5
0,Low,4.0,0,0.0,Male,25 - 45,4063,F,1,0.0,336.0,Caucasian,4.0,28.0,4
0,Low,1.0,0,0.0,Male,Greater than 45,493,F,0,0.0,540.0,African-American,1.0,45.0,1
0,Low,0.0,0,0.0,Male,25 - 45,10377,F,0,0.0,492.0,Caucasian,0.0,41.0,1
0,High,10.0,4,4.0,Male,25 - 45,1141,M,0,0.0,468.0,African-American,10.0,39.0,9
0,Medium,1.0,0,0.0,Male,25 - 45,856,F,0,0.0,492.0,Caucasian,1.0,41.0,6
0,High,0.0,0,0.0,Male,25 - 45,3112,F,0,0.0,420.0,African-American,0.0,35.0,8
0,Low,1.0,0,0.0,MALE,Less than 25,3818,M,0,0.0,276.0,African-American,1.0,23.0,4
0,High,1.0,0,0.0,Male,Less than 25,9173,F,0,0.0,252.0,Caucasian,1.0,21.0,8
0,Low,0.0,0,0.0,Female ,25 - 45,7895,m,0,0.0,516.0,Caucasian,0.0,43.0,1
0,Medium,3.0,0,0.0,Female,25 - 45,1195,F,0,0.0,444.0,African-American,3.0,37.0,7
2,Medium,1.0,1,3.0,Male,Less than 25,8132,F,0,,264.0,African-American,1.0,22.0,5
0,High,19.0,0,0.0,Male,Greater than 45,4476,F,1,0.0,720.0,African-American,19.0,60.0,8
0,Low,10.0,0,0.0,Male,Greater than 45,4959,M,1,0.0,672.0,Hispanic,10.0,56.0,2
1,High,12.0,0,1.0,Male,25 - 45,1709,M,1,0.0,396.0,African-American,12.0,33.0,9
0,Low,,0,0.0,Female,Greater than 45,8551,F,0,0.0,552.0,Caucasian,,46.0,1
0,High,N/A,0,0.0,Male,25 - 45,4320,F,0,0.0,408.0,African-American,N/A,34.0,9
0,Low,0.0,0,0.0,Male,Less than 25,45,F,0,0.0,660.0,Caucasian,0.0,55.0,1
0,Low,3.0,0,0.0,Female,25 - 45,10387,F,1,0.0,516.0,African-American,3.0,43.0,2
0,Low,8.0,0,0.0,Male,Greater than 45,2470,F,0,0.0,612.0,African-American,8.0,51.0,2
0,Low,1.0,0,0.0,Male,25 - 45,2061,F,1,0.0,396.0,African American,1.0,33.0,2
0,Low,0.0,0,0.0,Female,Greater than 45,4438,M,0,0.0,732.0,Caucasian,0.0,61.0,1
1,Medium,12.0,0,1.0,Male,25 - 45,9452,M,1,0.0,336.0,African-American,12.0,28.0,7
0,High,1.0,0,0.0,Male,Less than 25,7406,,1,0.0,264.0,African-American,1.0,22.0,9
0,High,11.0,1,5.0,Male,25 - 45,2793,F,0,4.0,360.0,African-American,11.0,30.0,10
0,Low,,0,0.0,Male,Greater than 45,3055,F,0,0.0,732.0,African-American,,61.0,2
0,Low,2.0,0,0.0, Male,25 - 45,7585,M,0,0.0,408.0,Other,2.0,34.0,1
0,Medium,1.0,0,0.0,Female,Less than 25,2521,f,0,0.0,288.0,African-American,1.0,24.0,5
0,low,0.0,0,0.0,Female,25 - 45,6769,F,0,0.0,480.0,Caucasian,0.0,40.0,2
0,Medium,11.0,0,0.0, Male,25 - 45,9112,F,1,0.0,372.0,Caucasian,11.0,31.0,7
0,Low,3.0,0,0.0,Male,25 - 45,4385,M,1,0.0,324.0,African-American,3.0,27.0,3
0,Low,2.0,0,0.0,Male,25 - 45,111,F,0,0.0,480.0,African-American,2.0,40.0,2
0,Low,0.0,0,0.0,Female,25 - 45,2679,M,0,0.0,516.0,Caucasian,0.0,43.0,2
0,High,5.0,0,0.0,Male,25 - 45,9160,M,0,0.0,300.0,African American,5.0,25.0,9
0,Low,7.0,0,0.0,Female,25 - 45,3115,M,0,0.0,480.0,African-American,7.0,40.0,4
0,Low,1.0,0,0.0,Female,Greater than 45,3261,F,0,0.0,588.0,Caucasian,1.0,49.0,1
0,Low,2.0,0,0.0,Male,25 - 45,10276,F,1,,348.0,African-American,2.0,29.0,1
0,Medium,15.0,0,0.0,Male,Greater than 45,4481,F,0,0.0,564.0,African-American,15.0,47.0,7
0,Low,0.0,0,0.0,Male,25 - 45,3439,F,0,0.0,432.0,Caucasian,0.0,36.0,1
0,Low,4.0,0,0.0,Male,Greater than 45,9879,M,1,0.0,672.0,African-American,4.0,56.0,3
0,Medium,4.0,0,2.0,Female,25 - 45,5779,M,1,2.0,432.0,African-American,4.0,36.0,6
0,Medium,2.0,0,0.0,Male,25 - 45,9817,F,1,0.0,312.0,-,2.0,26.0,5
0,High,1.0,0,0.0,Male,Less than 25,3440,M,1,,276.0,African-American,1.0,23.0,8
0,Low,4.0,0,0.0,Male,25 - 45,8701,F,1,0.0,516.0,African-American,4.0,43.0,1
0,High,3.0,0,0.0,Male,25 - 45,4048,F,1,0.0,396.0,Caucasian,3.0,33.0,8
0,Low,0.0,0,0.0,Male,Less than 25,4179,,1,,264.0,African-American,0.0,22.0,3
0,Low,3.0,0,0.0,Male,25 - 45,10390,f,1,0.0,348.0,Caucasian,3.0,29.0,4
0,Low,1.0,0,0.0,Male,25 - 45,4948,F,0,0.0,348.0,Caucasian,1.0,29.0,4
0,Low,1.0,1,1.0,Male,Less than 25,10581,M,1,0.0,252.0,African-American,1.0,21.0,4
0,Medium,10.0,1,1.0,Male,25 - 45,1125,F,1,0.0,408.0,African-American,10.0,34.0,7
0,Low,5.0,0,0.0,Male,25 - 45,9283,F,1,0.0,480.0,Caucasian,5.0,40.0,1
0,Low,0.0,0,0.0,male,25 - 45,2168,M,0,0.0,420.0,Hispanic,0.0,35.0,3
0,Low,0.0,0,0.0,Male,25 - 45,1872,M,0,0.0,420.0,African-American,0.0,35.0,1
0,High,0.0,0,0.0,Male,Less than 25,5915,F,1,0.0,276.0,Caucasian,0.0,23.0,9
0,High,19.0,0,0.0,Male,25 - 45,1396,F,1,0.0,384.0,African-American,19.0,32.0,10
0,Low,0.0,0,0.0,Male,25 - 45,2608,M,1,0.0,312.0,African-American,0.0,26.0,3
0,Medium,0.0,0,0.0,n/a,25 - 45,4857,F,1,0.0,372.0,African-American,0.0,31.0,5
0,Low,2.0,0,0.0,Male,25 - 45,8405,F,0,0.0,480.0,African-American,2.0,40.0,4
0,Low,0.0,0,0.0,Male,Less than 25,5001,M,1,0.0,276.0,African-American,0.0,23.0,2
0,Medium,6.0,0,0.0,Male,25 - 45,6145,M,0,0.0,444.0,African-American,6.0,37.0,6
0,Medium,4.0,0,0.0,Male,25 - 45,5611,M,1,0.0,348.0,Other,4.0,29.0,5
0,LOW,4.0,0,0.0,Male,25 - 45,8184,F,1,0.0,432.0,Caucasian,4.0,36.0,2
0,Medium,1.0,0,0.0,Male,Less than 25,8830,f,1,0.0,252.0,African-American,1.0,21.0,7
0,Low,0.0,0,0.0,Male,25 - 45,3218,M,0,0.0,312.0,Other,0.0,26.0,4
0,Medium,4.0,0,0.0,Male,25 - 45,10367,F,1,0.0,384.0,African-American,4.0,32.0,6
0,Low,0.0,0,0.0,Male,Less than 25,4950,Felony,0,0.0,288.0,African-American,0.0,24.0,4
0,Low,1.0,0,0.0,Male,Greater than 45,1550,F,0,0.0,720.0,Caucasian,1.0,60.0,1
0,Low,0.0,0,0.0,Male,Greater than 45,6023,F,0,0.0,648.0,Other,0.0,54.0,1
0,Low,0.0,0,0.0,Male,Greater than 45,4031,M,0,0.0,636.0,African-American,0.0,53.0,1
0,LOW,0.0,0,0.0,Male,25 - 45,1618,F,0,0.0,420.0,Other,0.0,35.0,1
3,Medium,9.0,0,3.0,Male,25 - 45,8004,F,1,0.0,372.0,Caucasian,9.0,31.0,6
0,Low,0.0,0,0.0,Male,Less than 25,9459,,0,0.0,288.0,Other,0.0,24.0,3
0,MEDIUM,4.0,0,0.0,Male,25 - 45,6563,M,1,0.0,372.0,Caucasian,4.0,31.0,7
0,High,1.0,0,0.0,Male,25 - 45,1588,M,1,0.0,420.0,-,1.0,35.0,10
1,Medium,1.0,0,1.0,Male,25 - 45,108,F,1,0.0,324.0,Caucasian,1.0,27.0,6
0,Medium,0.0,0,0.0,Male,Less than 25,7674,M,1,0.0,288.0,African-American,0.0,24.0,5
0,Medium,6.0,0,0.0,Male,25 - 45,4887,F,1,0.0,348.0,Caucasian,6.0,29.0,5
0,Low,3.0,0,0.0,Male,25 - 45,6021,M,1,0.0,396.0,Caucasian,3.0,33.0,4
0,Low,0.0,0,0.0,Male,25 - 45,3342,M,1,0.0,504.0,African-American,0.0,42.0,1
0,Low,1.0,0,0.0,Male,25 - 45,4783,F,1,0.0,372.0,Caucasian,1.0,31.0,4
0,Low,0.0,0,0.0,Male,25 - 45,1568,F,1,0.0,408.0,Other,0.0,34.0,2
0,Medium,4.0,0,0.0,Male,Less than 25,4990,,1,0.0,276.0,Caucasian,4.0,23.0,5
0,Low,0.0,0,0.0,Female,25 - 45,7636,M,0,0.0,456.0,African-American,0.0,38.0,2
0,Low,1.0,0,0.0,Male,25 - 45,384,M,0,0.0,348.0,African-American,1.0,29.0,3
0,medium,0.0,0,0.0,Male,25 - 45,1929,M,1,0.0,312.0,Hispanic,0.0,26.0,5
0,Medium,8.0,0,0.0,Male,25 - 45,4202,Misdemeanor,1,0.0,456.0,African-American,8.0,38.0,6
1,High,4.0,1,3.0,Male,25 - 45,1895,F,1,1.0,348.0,African-American,4.0,29.0,10
0,Low,0.0,0,0.0,Male,25 - 45,1481,F,0,0.0,348.0,African-American,0.0,29.0,1
0,Low,,0,0.0,Male,Greater than 45,10493,M,0,0.0,744.0,Other,,62.0,1
0,low,0.0,0,0.0,Female,Greater than 45,5686,M,0,0.0,564.0,Caucasian,0.0,47.0,1
0,Low,0.0,0,0.0,Male,25 - 45,8407,F,1,0.0,336.0,-,0.0,28.0,3
0,High,7.0,0,0.0,Male,25 - 45,5103,F,0,0.0,360.0,Hispanic,7.0,30.0,9
0,Low,1.0,0,0.0,Male,25 - 45,8056,M,0,0.0,432.0,African-American,1.0,36.0,1
0,High,19.0,0,0.0,Male,25 - 45,3449,M,1,0.0,432.0,African-American,19.0,36.0,8
0,medium,1.0,0,0.0,Male,25 - 45,7044,F,0,0.0,300.0,African-American,1.0,25.0,5
0,Medium,0.0,0,0.0,Male,Less than 25,4735,,0,0.0,276.0, African-American,0.0,23.0,7
0,High,6.0,0,0.0,Male,Less than 25,4973,F,1,0.0,276.0,African-American,6.0,23.0,9
0,Low,0.0,0,0.0, Male,25 - 45,8841,F,1,0.0,456.0, African-American,0.0,38.0,3
0,Low,,0,0.0,Male,Greater than 45,2460,F,1,0.0,696.0,Caucasian,,58.0,4
1,HIGH,9.0,0,2.0,Male,25 - 45,8354,F,1,1.0,348.0,Caucasian,9.0,29.0,8
0,Low,0.0,0,0.0,Male,Greater than 45,4469,M,0,0.0,696.0,Caucasian,0.0,58.0,1
0,High,15.0,1,1.0,Male,25 - 45,9256,F,1,0.0,384.0,Caucasian,15.0,32.0,9
0,Low,1.0,0,0.0,Male,25 - 45,8621,F,0,0.0,408.0,African-American,1.0,34.0,2
0,high,15.0,0,0.0,Male,25 - 45,7373,F,1,0.0,480.0,African-American,15.0,40.0,9
0,Low,1.0,0,0.0, Male,Greater than 45,5324,F,1,0.0,696.0,Caucasian,1.0,58.0,1
0,LOW,2.0,0,0.0,Male,25 - 45,7945,F,0,0.0,312.0,Caucasian,2.0,26.0,2
1,High,1.0,0,1.0,Male,Less than 25,3369,F,1,0.0,252.0,African-American,1.0,21.0,9
1,High,7.0,0,1.0,Male,25 - 45,7253,M,1,0.0,312.0,African-American,7.0,26.0,8
0,Medium,2.0,0,0.0,Female,25 - 45,512,F,0,0.0,300.0,African-American,2.0,25.0,6
0,Medium,5.0,0,0.0,Male,25 - 45,3475,f,0,0.0,516.0,Caucasian,5.0,43.0,5
0,Low,1.0,0,0.0,Male,25 - 45,7834,F,0,0.0,396.0,African-American,1.0,33.0,2
1,High,8.0,0,1.0,male,25 - 45,10173,M,1,0.0,360.0,African-American,8.0,30.0,8
0,low,1.0,0,0.0,Male,25 - 45,2946,F,0,0.0,300.0,Caucasian,1.0,25.0,3
0,High,9.0,0,0.0,Male,25 - 45,1791,F,1,0.0,336.0,African-American,9.0,28.0,8
0,Low,3.0,0,0.0,Male,25 - 45,9298,M,0,0.0,444.0,Hispanic,3.0,37.0,4
0,Low,12.0,0,0.0,Male,25 - 45,8729,F,0,0.0,432.0,Caucasian,12.0,36.0,1
0,Low,0.0,0,0.0,male,25 - 45,3295,M,0,0.0,528.0,Hispanic,0.0,44.0,1
2,Medium,6.0,0,2.0,Male,25 - 45,605,F,0,0.0,312.0,African-American,6.0,26.0,7
0,Medium,4.0,0,0.0,Female,25 - 45,1181,F,0,0.0,420.0, African-American,4.0,35.0,5
1,High,0.0,0,1.0,Male,Less than 25,4512,,1,0.0,264.0,African-American,0.0,22.0,8
0,Low,,0,0.0,Male,Greater than 45,6198,F,0,0.0,588.0,Caucasian,,49.0,4
0,High,4.0,0,0.0,Male,Greater than 45,2272,F,0,0.0,636.0,Hispanic,4.0,53.0,10
0,Low,0.0,0,0.0,Male,Less than 25,8511,F,0,0.0,288.0,Caucasian,0.0,24.0,3
0,Low,0.0,0,0.0,Female,25 - 45,9047,M,0,0.0,384.0,Hispanic,0.0,32.0,1
0,Low,0.0,0,0.0,Male,Less than 25,5733,F,0,0.0,288.0,African-American,0.0,24.0,3
0,LOW,,0,0.0,Male,Greater than 45,9662,M,0,0.0,672.0,Caucasian,,56.0,3
0,Low,3.0,0,0.0,Male,Less than 25,5935,F,1,0.0,288.0,African-American,3.0,24.0,4
0,Low,1.0,0,0.0,Female,25 - 45,6655,F,0,0.0,504.0,?,1.0,42.0,1
0,Low,6.0,0,0.0,Male,25 - 45,4677,M,0,0.0,504.0,Other,6.0,42.0,3
1,Medium,2.0,0,1.0,Male,Less than 25,6324,F,0,0.0,276.0,Hispanic,2.0,23.0,7
0,Medium,2.0,0,0.0,Female,25 - 45,7167,Misdemeanor,0,0.0,,African-American,2.0,,5
0,Low,N/A,0,0.0,Female ,25 - 45,8251,F,0,0.0,456.0,Other,N/A,38.0,1
0,Low,0.0,0,0.0,Male,25 - 45,5358,M,1,0.0,,African-American,0.0,,3
0,Low,1.0,0,0.0,Female ,25 - 45,3034,M,0,0.0,396.0,African-American,1.0,33.0,1
0,High,13.0,1,1.0,Male,25 - 45,6453,F,1,0.0,468.0,African-American,13.0,39.0,10
0,Medium,1.0,0,0.0,Female,Less than 25,1310,F,0,0.0,264.0,Caucasian,1.0,22.0,6
0,High,15.0,0,2.0,Male,25 - 45,2390,F,1,2.0,384.0,African-American,15.0,32.0,8
0,High,0.0,0,0.0,Male,Less than 25,2819,F,1,0.0,288.0,African-American,0.0,24.0,10
0,Low,1.0,0,0.0, Male,25 - 45,7932,M,0,0.0,408.0,African-American,1.0,34.0,2
0,Medium,1.0,0,0.0,Male,Less than 25,6282,f,1,0.0,252.0,Hispanic,1.0,21.0,5
0,Low,0.0,0,0.0,Female,Greater than 45,6735,m,0,0.0,612.0,Hispanic,0.0,51.0,1
1,High,9.0,0,2.0,Male,Greater than 45,4943,F,1,1.0,552.0,African-American,9.0,46.0,9
0,Medium,1.0,0,0.0,Male,25 - 45,5847,F,0,0.0,384.0,African-American,1.0,32.0,5
0,Low,5.0,0,0.0,Male,25 - 45,5341,F,1,0.0,456.0,Caucasian,5.0,38.0,1
0,Low,1.0,0,0.0,Male,25 - 45,7030,F,0,0.0,360.0,Other,1.0,30.0,1
0,Medium,13.0,0,0.0,male,Greater than 45,235,F,1,0.0,624.0,Other,13.0,52.0,7
0,Medium,7.0,0,0.0,Male,25 - 45,3761,F,1,0.0,504.0,African-American,7.0,42.0,5
0,Medium,7.0,0,0.0,Male,25 - 45,6473,F,1,0.0,408.0,African-American,7.0,34.0,5
0,Medium,8.0,0,0.0,Male,25 - 45,3131,F,1,0.0,480.0,Hispanic,8.0,40.0,5
2,High,1.0,1,3.0,Male,Less than 25,3384,F,0,0.0,252.0,Caucasian,1.0,21.0,8
0,Medium,1.0,0,0.0,Male,Less than 25,7513,,1,0.0,252.0,African-American,1.0,21.0,6
0,Low,2.0,0,0.0,Male,25 - 45,5947,M,0,0.0,480.0,Caucasian,2.0,40.0,1
0,Low,1.0,0,0.0,Male,25 - 45,1375,F,0,0.0,336.0,Hispanic,1.0,28.0,2
0,Low,0.0,0,0.0,Male,25 - 45,1700,Misdemeanor,1,0.0,300.0,African-American,0.0,25.0,3
0,High,8.0,3,3.0,Male,25 - 45,3533,F,1,0.0,312.0,Caucasian,8.0,26.0,10
4,Medium,15.0,3,7.0,Male,25 - 45,10500,F,1,0.0,372.0,African-American,15.0,31.0,6
0,High,6.0,0,1.0,Male,Less than 25,3425,F,1,1.0,288.0,Hispanic,6.0,24.0,10
0,Low,1.0,0,0.0,Male,25 - 45,1596,F,1,0.0,,African-American,1.0,,3
0,High,13.0,0,0.0,Male,25 - 45,3909,F,1,0.0,360.0,Caucasian,13.0,30.0,8
0,Low,2.0,0,0.0,?,25 - 45,3814,Felony,0,0.0,300.0,?,2.0,25.0,4
0,Medium,5.0,0,0.0,Male,25 - 45,10004,M,0,0.0,324.0,African-American,5.0,27.0,5
0,Low,0.0,0,0.0,Male,Less than 25,1372,F,0,0.0,288.0,Caucasian,0.0,24.0,2
0,Low,1.0,0,0.0,Male,25 - 45,4718,F,0,0.0,468.0,Caucasian,1.0,39.0,1
0,Low,2.0,0,0.0,Male,25 - 45,410,F,0,0.0,384.0,Caucasian,2.0,32.0,4
2,Medium,1.0,0,2.0,Male,Less than 25,6051,M,0,0.0,276.0, African-American,1.0,23.0,7
0,Low,0.0,0,0.0,Male,25 - 45,3444,F,1,0.0,528.0,Caucasian,0.0,44.0,2
2,High,22.0,2,5.0,Male,25 - 45,8548,M,1,1.0,456.0,African-American,22.0,38.0,9
0,Low,0.0,0,0.0,Male,Greater than 45,6353,M,0,0.0,684.0,African-American,0.0,57.0,1
0,Low,0.0,0,0.0,Male,25 - 45,8674,M,0,0.0,384.0,African-American,0.0,32.0,1
0,Medium,4.0,0,0.0,Female,25 - 45,7792,F,0,0.0,300.0,-,4.0,25.0,5
1,Medium,1.0,0,2.0,Male,Less than 25,1897,F,1,1.0,252.0,Caucasian,1.0,21.0,7
1,High,16.0,0,9.0,?,25 - 45,857,F,1,8.0,336.0,African-American,16.0,28.0,8
0,Medium,1.0,0,0.0,FEMALE,25 - 45,2686,M,0,0.0,300.0,African-American,1.0,25.0,6
0,Low,,0,0.0,Male,Greater than 45,1995,F,1,0.0,612.0,Caucasian,,51.0,1
0,Medium,1.0,0,0.0,Male,Greater than 45,9392,M,0,0.0,636.0,Caucasian,1.0,53.0,5
0,Low,1.0,0,0.0,Female,Greater than 45,10956,M,0,0.0,732.0,Caucasian,1.0,61.0,1
0,Medium,1.0,0,0.0,Male,Greater than 45,9462,M,1,,600.0,Caucasian,1.0,50.0,6
0,Low,1.0,0,0.0,Male,25 - 45,694,F,1,0.0,336.0,Caucasian,1.0,28.0,4
0,Low,1.0,0,0.0,Male,25 - 45,3458,M,0,0.0,444.0,Caucasian,1.0,37.0,2
0,Low,6.0,0,0.0,Female,25 - 45,1817,F,1,0.0,384.0,African-American,6.0,32.0,4
0,LOW,4.0,0,0.0,Male,25 - 45,9771,M,0,0.0,456.0,African-American,4.0,38.0,2
0,Low,0.0,0,0.0,Male,25 - 45,5785,F,0,,396.0,African-American,0.0,33.0,1
0,Low,0.0,0,0.0,Male,Less than 25,8179,M,1,0.0,252.0,Caucasian,0.0,21.0,4
0,Medium,,0,0.0,Female,Greater than 45,7417,F,0,,612.0,Caucasian,,51.0,5
0,Low,4.0,0,0.0,Male,25 - 45,1332,F,1,0.0,396.0,Other,4.0,33.0,3
0,Low,5.0,0,0.0,Female,Greater than 45,1563,F,0,0.0,900.0,African-American,5.0,75.0,1
0,Medium,5.0,0,0.0,Female,25 - 45,3240,F,0,,300.0,African American,5.0,25.0,7
0,Medium,1.0,0,0.0,Female,Greater than 45,6912,f,0,0.0,732.0,African-American,1.0,61.0,6
0,High,9.0,0,0.0,Male,25 - 45,6566,F,1,0.0,300.0,?,9.0,25.0,9
0,Low,0.0,0,0.0,Male,25 - 45,10941,M,1,0.0,336.0,Caucasian,0.0,28.0,4
0,Low,3.0,0,0.0,Male,25 - 45,1274,F,0,0.0,516.0,Other,3.0,43.0,2
0,Low,0.0,0,0.0,Male,25 - 45,10251,F,0,0.0,312.0,Caucasian,0.0,26.0,2
0,Low,0.0,0,0.0,Male,25 - 45,8944,F,0,0.0,492.0,African-American,0.0,41.0,1
1,Medium,3.0,0,1.0,Female,25 - 45,1558,M,0,0.0,312.0,African-American,3.0,26.0,5
0,Medium,1.0,0,0.0,Male,Less than 25,9491,M,0,0.0,264.0,Caucasian,1.0,22.0,5
0,Medium,2.0,0,0.0,Female,Less than 25,7247,F,1,0.0,288.0,African-American,2.0,24.0,5
0,Low,0.0,0,0.0,Male,Less than 25,6661,Felony,0,0.0,288.0,Caucasian,0.0,24.0,2
0,Low,3.0,0,0.0,Male,25 - 45,3418,m,1,0.0,432.0,African-American,3.0,36.0,2
0,Medium,21.0,2,2.0,Male,25 - 45,2512,f,1,0.0,360.0,African-American,21.0,30.0,7
0,High,5.0,0,0.0,Female,25 - 45,8899,F,1,0.0,408.0,African-American,5.0,34.0,9
0,Medium,1.0,0,0.0,Male,25 - 45,1545,Felony,0,0.0,396.0,African-American,1.0,33.0,5
0,Low,3.0,0,0.0,Male,25 - 45,5666,F,0,0.0,468.0,CAUCASIAN,3.0,39.0,4
0,Low,0.0,0,0.0,Male,Greater than 45,5928,F,0,0.0,600.0,Caucasian,0.0,50.0,1
0,Low,0.0,0,0.0,Male,Greater than 45,8259,F,0,0.0,696.0,African-American,0.0,58.0,1
0,Low,8.0,0,0.0,Male,Greater than 45,10893,m,0,0.0,696.0,Caucasian,8.0,58.0,2
0,Medium,2.0,0,0.0,female,25 - 45,1806,F,1,0.0,396.0,Caucasian,2.0,33.0,5
0,High,11.0,0,0.0,Male,Greater than 45,5186,F,0,0.0,648.0,African-American,11.0,54.0,8
0,High,4.0,0,0.0,Female,25 - 45,10888,F,1,0.0,312.0,African-American,4.0,26.0,8
0,Low,2.0,0,0.0,Male,Greater than 45,1985,M,0,0.0,780.0,Caucasian,2.0,65.0,1
0,Low,4.0,0,0.0,Male,25 - 45,4953,F,1,0.0,396.0,African-American,4.0,33.0,2
0,Medium,9.0,1,1.0,Male,25 - 45,6915,Felony,1,0.0,360.0,African-American,9.0,30.0,7
0,High,3.0,0,0.0,Male,Less than 25,4862,M,1,0.0,288.0,Other,3.0,24.0,8
0,Low,0.0,0,0.0,Male,25 - 45,1983,F,0,0.0,504.0,African-American,0.0,42.0,1
0,LOW,14.0,1,1.0,Male,25 - 45,7588,F,1,0.0,360.0,Hispanic,14.0,30.0,4
0,High,16.0,0,3.0,Male,25 - 45,6480,F,1,3.0,432.0,African-American,16.0,36.0,8
0,High,2.0,0,2.0,Male,Less than 25,7543,F,1,2.0,228.0,Hispanic,2.0,19.0,8
0,Low,0.0,0,0.0,Male,25 - 45,3879,M,0,0.0,492.0,Caucasian,0.0,41.0,2
0,High,0.0,0,0.0,Male,Less than 25,7479,,0,0.0,288.0,Caucasian,0.0,24.0,10
0,Low,2.0,0,0.0,Male,Greater than 45,7612,M,1,0.0,708.0,Caucasian,2.0,59.0,1
0,Low,0.0,0,0.0,Male,25 - 45,10408,Misdemeanor,0,0.0,360.0,Hispanic,0.0,30.0,1
0,Low,0.0,0,0.0,Female,Greater than 45,8294,M,0,,672.0,Caucasian,0.0,56.0,1
0,Low,0.0,0,0.0,Male,Greater than 45,2502,F,0,0.0,540.0,Hispanic,0.0,45.0,1
0,Medium,1.0,0,0.0,Female ,Less than 25,1212,M,1,0.0,288.0,African-American,1.0,24.0,5
0,Low,1.0,0,0.0,Male,25 - 45,2176,M,1,0.0,504.0,Caucasian,1.0,42.0,3
0,Medium,1.0,1,1.0,Male,Less than 25,5974,F,0,0.0,264.0,African-American,1.0,22.0,6
0,Medium,1.0,0,0.0,Male,25 - 45,499,F,0,0.0,336.0,Caucasian,1.0,28.0,5
0,Low,0.0,0,0.0,MALE,25 - 45,2457,M,0,0.0,384.0,Other,0.0,32.0,1
0,Medium,9.0,0,0.0, Male,25 - 45,5592,F,1,0.0,468.0,Caucasian,9.0,39.0,5
0,High,4.0,0,0.0,Male,Greater than 45,3255,M,0,0.0,612.0,African-American,4.0,51.0,2
0,Low,4.0,0,0.0,Male,Greater than 45,675,F,0,0.0,732.0,Caucasian,4.0,61.0,1
0,Low,4.0,0,0.0,MALE,25 - 45,3577,F,0,0.0,456.0,African-American,4.0,38.0,3
1,Medium,3.0,2,3.0,Male,Less than 25,10463,M,1,0.0,276.0,African-American,3.0,23.0,7
0,Low,0.0,0,0.0,male,25 - 45,3290,F,0,0.0,348.0,African-American,0.0,29.0,4
0,HIGH,6.0,0,0.0,Male,25 - 45,4452,F,1,0.0,312.0,African-American,6.0,26.0,9
0,Low,,0,0.0,Male,Greater than 45,5495,F,0,0.0,720.0,African-American,,60.0,3
0,Low,2.0,0,0.0,Male,Greater than 45,8197,F,1,0.0,564.0,CAUCASIAN,2.0,47.0,2
0,Medium,13.0,0,0.0,Male,25 - 45,9862,F,0,0.0,420.0,Hispanic,13.0,35.0,7
0,Low,2.0,0,0.0,Male,25 - 45,8077,F,0,0.0,312.0,African-American,2.0,26.0,3
0,Low,1.0,0,0.0,Male,25 - 45,9846,F,1,0.0,360.0,Caucasian,1.0,30.0,3
0,Low,2.0,0,0.0, Male,25 - 45,9861,F,0,0.0,468.0,Caucasian,2.0,39.0,2
0,Low,2.0,0,0.0,Male,25 - 45,1269,M,0,0.0,348.0,African-American,2.0,29.0,4
0,Low,0.0,0,0.0,Female,25 - 45,3036,M,0,0.0,396.0,African-American,0.0,33.0,1
0,Low,1.0,0,0.0,Male,25 - 45,3699,F,0,0.0,504.0,Caucasian,1.0,42.0,2
0,Medium,N/A,0,0.0,female,25 - 45,6081,M,0,0.0,408.0,Caucasian,N/A,34.0,5
0,Low,7.0,0,0.0,Male,25 - 45,787,M,0,0.0,360.0,Hispanic,7.0,30.0,4
0,High,1.0,0,0.0,Male,Less than 25,7406,,1,0.0,264.0,African-American,1.0,22.0,9
0,Low,17.0,0,0.0,Male,Greater than 45,8891,F,1,0.0,672.0,Caucasian,17.0,56.0,4
0,Low,1.0,0,0.0,Male,25 - 45,6129,F,0,0.0,336.0,African-American,1.0,28.0,1
0,Low,1.0,0,0.0,Female,25 - 45,10594,F,0,0.0,384.0,Hispanic,1.0,32.0,2
0,Medium,0.0,0,0.0,Female,Less than 25,9959,m,0,0.0,264.0,African-American,0.0,22.0,6
0,Low,0.0,0,0.0,Female,Less than 25,4860,M,0,0.0,288.0,African-American,0.0,24.0,2
0,Low,0.0,0,0.0,male,25 - 45,10269,F,0,0.0,348.0,Caucasian,0.0,29.0,3
0,Low,2.0,0,0.0,Male,Greater than 45,10467,M,0,0.0,540.0,Caucasian,2.0,45.0,1
0,Medium,2.0,0,0.0,Male,25 - 45,10795,M,1,,336.0,African-American,2.0,28.0,5
0,Low,1.0,0,0.0,Female,25 - 45,10279,M,0,0.0,528.0,African-American,1.0,44.0,2
0,Low,1.0,0,0.0,Male,25 - 45,3003,F,0,0.0,504.0,African-American,1.0,42.0,4
0,Low,0.0,0,0.0,Male,25 - 45,2037,M,0,0.0,312.0,African-American,0.0,26.0,2
0,Medium,0.0,0,0.0,Female,Less than 25,10126,M,1,0.0,240.0,Caucasian,0.0,20.0,6
0,Low,0.0,0,0.0,Female,25 - 45,5837,M,0,0.0,408.0,Caucasian,0.0,34.0,2
0,Low,0.0,0,0.0,Female ,25 - 45,6349,F,0,0.0,372.0,African-American,0.0,31.0,2
0,Medium,6.0,0,0.0,Female,Greater than 45,251,F,0,0.0,588.0,Caucasian,6.0,49.0,6
0,High,12.0,0,0.0,Male,25 - 45,597,F,1,0.0,324.0,African-American,12.0,27.0,8
0,Low,0.0,0,0.0,Male,25 - 45,10440,F,0,0.0,372.0,Caucasian,0.0,31.0,1
0,High,4.0,0,0.0,Male,Greater than 45,10947,M,1,0.0,732.0,African-American,4.0,61.0,9
0,Low,0.0,0,0.0,Male,Greater than 45,10544,M,0,0.0,804.0,Caucasian,0.0,67.0,1
0,Low,5.0,0,0.0,Male,Greater than 45,1581,M,0,0.0,552.0,Caucasian,5.0,46.0,4
1,High,12.0,1,3.0,Male,25 - 45,7233,F,1,1.0,372.0,African-American,12.0,31.0,9
5,Low,0.0,0,5.0,Male,Less than 25,6967,M,0,0.0,240.0,Caucasian,0.0,20.0,4
0,Medium,4.0,0,0.0,Male,25 - 45,10849,M,1,0.0,396.0,African-American,4.0,33.0,7
0,Low,0.0,0,0.0,Female,25 - 45,3830,M,0,0.0,312.0,African-American,0.0,26.0,2
0,Low,1.0,0,0.0,Male,Less than 25,152,F,0,0.0,288.0,African-American,1.0,24.0,2
0,Medium,10.0,1,1.0,Female,25 - 45,9780,M,1,0.0,324.0,African-American,10.0,27.0,7
0,Low,1.0,0,0.0,Male,Greater than 45,9632,F,0,0.0,552.0,Caucasian,1.0,46.0,1
0,Low,1.0,0,0.0,Male,25 - 45,2169,F,0,0.0,336.0,Caucasian,1.0,28.0,4
0,Low,1.0,0,0.0,Male,Greater than 45,236,F,0,0.0,756.0,Hispanic,1.0,63.0,1
2,High,4.0,1,4.0,Male,Less than 25,10214,F,0,1.0,276.0,African-American,4.0,23.0,10
0,Low,0.0,0,0.0,Male,25 - 45,4753,M,0,0.0,396.0,Hispanic,0.0,33.0,1
0,Low,0.0,0,0.0,MALE,Greater than 45,5197,M,1,0.0,540.0,African-American,0.0,45.0,3
0,Low,-,0,0.0,Male,Greater than 45,3655,F,0,0.0,660.0,African-American,-,55.0,4
0,High,1.0,0,0.0,Male,Less than 25,7477,F,0,0.0,276.0,African-American,1.0,23.0,8
0,Medium,4.0,1,1.0,Male,25 - 45,1044,M,0,0.0,432.0,African-American,4.0,36.0,5
0,low,1.0,0,0.0,Male,25 - 45,3975,m,0,0.0,336.0, Caucasian,1.0,28.0,2
0,Low,1.0,0,0.0,Male,Greater than 45,4275,F,0,0.0,636.0,Caucasian,1.0,53.0,3
0,High,2.0,0,0.0,Male,Less than 25,6319,M,1,0.0,276.0,African-American,2.0,23.0,9
0,Low,1.0,0,0.0,Male,25 - 45,5773,Felony,0,0.0,420.0,African-American,1.0,35.0,4
0,Low,0.0,0,0.0,Male,Greater than 45,10876,M,0,0.0,672.0,African-American,0.0,56.0,2
0,Low,4.0,0,0.0,Male,25 - 45,3035,F,0,0.0,300.0,caucasian,4.0,25.0,4
0,Low,,0,0.0,Male,Greater than 45,587,Felony,0,0.0,720.0,African-American,,60.0,1
0,Medium,8.0,0,0.0,Male,25 - 45,883,F,1,0.0,336.0,Caucasian,8.0,28.0,6
0,Medium,3.0,0,0.0,Female,25 - 45,4125,F,0,0.0,336.0,African-American,3.0,28.0,5
0,Low,0.0,0,0.0,Male,25 - 45,5184,F,0,0.0,456.0,African-American,0.0,38.0,4
1,Low,3.0,1,2.0,Male,25 - 45,5051,F,0,0.0,360.0,Caucasian,3.0,30.0,3
0,Low,1.0,0,0.0,Male,25 - 45,10450,M,1,0.0,360.0,Caucasian,1.0,30.0,2
0,Medium,0.0,0,0.0,Male,Less than 25,8711,Felony,0,0.0,288.0,Other,0.0,24.0,6
0,High,N/A,1,1.0, Male,25 - 45,4387,F,1,0.0,336.0,African-American,N/A,28.0,9
0,Medium,7.0,0,0.0,Male,25 - 45,10379,M,1,0.0,324.0,African-American,7.0,27.0,7
0,Low,,0,0.0,Male,Greater than 45,3774,M,0,0.0,732.0,Caucasian,,61.0,1
0,Medium,0.0,0,0.0,Male,25 - 45,3584,M,0,0.0,312.0,Caucasian,0.0,26.0,5
0,Low,0.0,0,0.0,Female,25 - 45,3208,Misdemeanor,0,0.0,360.0,African-American,0.0,30.0,2
0,Low,0.0,0,0.0,Female,25 - 45,3631,M,0,0.0,432.0,?,0.0,36.0,1
0,LOW,4.0,0,0.0,Male,Greater than 45,9956,F,1,0.0,600.0,AFRICAN-AMERICAN,4.0,50.0,1
0,Low,1.0,0,0.0,Female,Less than 25,8507,m,0,,240.0,Other,1.0,20.0,4
0,MEDIUM,5.0,0,1.0,Male,25 - 45,7440,F,0,1.0,408.0,African-American,5.0,34.0,6
0,Low,1.0,0,0.0,Male,Greater than 45,5617,M,0,0.0,696.0,Caucasian,1.0,58.0,1
0,medium,9.0,1,1.0, Male,25 - 45,4190,F,1,0.0,360.0,African-American,9.0,30.0,6
0,High,7.0,0,0.0,Male,25 - 45,10250,F,0,0.0,300.0,African-American,7.0,25.0,10
0,Low,2.0,0,0.0,Male,25 - 45,9241,F,0,0.0,516.0,Caucasian,2.0,43.0,1
0,Medium,11.0,0,0.0,Male,25 - 45,3646,F,1,0.0,372.0,Caucasian,11.0,31.0,7
0,medium,0.0,0,0.0,Female,Less than 25,8646,M,0,0.0,288.0,Caucasian,0.0,24.0,5
0,Low,0.0,0,0.0,Male,Greater than 45,720,F,0,0.0,612.0,Caucasian,0.0,51.0,1
0,Low,4.0,0,0.0,Male,Greater than 45,613,F,1,0.0,624.0,Caucasian,4.0,52.0,1
0,Medium,7.0,1,1.0,Female,25 - 45,10673,F,1,0.0,348.0,African-American,7.0,29.0,7
0,Low,0.0,0,0.0,Male,25 - 45,7905,F,0,0.0,360.0,Other,0.0,30.0,1
0,Low,5.0,0,0.0,Male,25 - 45,2814,M,1,0.0,432.0,Caucasian,5.0,36.0,3
0,Medium,1.0,1,1.0,Female,Less than 25,8214,F,1,0.0,252.0,African-American,1.0,21.0,6
0,Low,,0,0.0,Male,Greater than 45,880,F,0,0.0,768.0,Hispanic,,64.0,1
3,Medium,4.0,1,4.0,Male,Less than 25,3628,,1,0.0,288.0, African-American,4.0,24.0,6
0,High,,0,0.0,Male,Greater than 45,800,M,1,0.0,660.0,African-American,,55.0,8
0,Medium,1.0,0,0.0,Male,25 - 45,10810,F,0,0.0,408.0,African-American,1.0,34.0,6
0,Low,1.0,1,1.0,Male,25 - 45,2936,F,0,0.0,324.0,African-American,1.0,27.0,4
0,Medium,2.0,0,0.0,Male,25 - 45,7786,F,0,0.0,336.0,african-american,2.0,28.0,5
0,Low,2.0,0,0.0,Male,25 - 45,8679,F,0,0.0,324.0,African-American,2.0,27.0,3
0,Medium,4.0,0,0.0,Male,25 - 45,3057,F,1,0.0,300.0,African-American,4.0,25.0,7
0,Medium,8.0,0,0.0,Male,25 - 45,7922,F,0,0.0,444.0,African-American,8.0,37.0,6
0,Low,0.0,0,0.0,Male,Greater than 45,10412,F,0,0.0,588.0,Caucasian,0.0,49.0,1
0,Low,0.0,0,0.0,Male,Greater than 45,8094,M,0,0.0,708.0,Caucasian,0.0,59.0,1
0,Medium,7.0,2,2.0,Female,Less than 25,9706,M,0,0.0,288.0,Caucasian,7.0,24.0,7
0,Low,0.0,0,0.0,Male,25 - 45,2035,F,1,0.0,312.0,African-American,0.0,26.0,4
0,Medium,0.0,0,0.0,Male,Less than 25,9131,M,0,0.0,240.0,Other,0.0,20.0,5
0,Low,1.0,0,0.0,Male,Less than 25,10301,F,1,0.0,276.0,African-American,1.0,23.0,3
0,Medium,1.0,0,0.0,Male,25 - 45,9337,F,0,0.0,528.0,Caucasian,1.0,44.0,5
0,High,5.0,0,0.0,male,25 - 45,3848,F,1,0.0,312.0,African-American,5.0,26.0,8
0,Low,0.0,0,0.0,Male,Greater than 45,5926,M,0,0.0,588.0,African-American,0.0,49.0,1
0,Medium,2.0,0,0.0,Male,Less than 25,1877,,1,0.0,288.0,African-American,2.0,24.0,5
0,Medium,2.0,0,0.0,Male,25 - 45,7703,F,1,0.0,336.0,African-American,2.0,28.0,5
0,Low,3.0,0,0.0,Male,25 - 45,8439,M,0,0.0,360.0,Hispanic,3.0,30.0,4
0,High,0.0,0,0.0,Female,Less than 25,500,F,1,,252.0,African-American,0.0,21.0,8
0,High,9.0,0,1.0,Male,25 - 45,5166,F,0,1.0,480.0,Caucasian,9.0,40.0,9
0,Low,1.0,0,0.0,Male,25 - 45,1170,F,1,0.0,324.0,Other,1.0,27.0,2
0,Low,2.0,0,0.0,Male,Greater than 45,6041,F,0,0.0,576.0,Caucasian,2.0,48.0,1
0,Low,2.0,0,0.0,Male,Greater than 45,3404,F,0,0.0,624.0,African-American,2.0,52.0,1
2,High,0.0,0,2.0,Male,Less than 25,10158,F,1,0.0,288.0,African-American,0.0,24.0,9
0,Low,1.0,0,0.0,Male,Less than 25,2719,F,1,0.0,276.0,African-American,1.0,23.0,4
0,Medium,1.0,0,0.0,Male,25 - 45,1376,F,0,0.0,336.0,Hispanic,1.0,28.0,5
0,Medium,1.0,0,0.0,Male,25 - 45,9404,M,1,0.0,384.0,African-American,1.0,32.0,6
0,Medium,0.0,0,0.0,Male,Less than 25,2868,m,0,0.0,288.0,Caucasian,0.0,24.0,7
0,Medium,1.0,0,0.0,Male,Greater than 45,10295,f,0,0.0,660.0,African-American,1.0,55.0,5
0,Medium,6.0,0,0.0,Male,Greater than 45,8429,F,0,0.0,540.0,Hispanic,6.0,45.0,6
0,Low,0.0,0,0.0,Male,Greater than 45,5365,F,0,0.0,672.0,Caucasian,0.0,56.0,1
0,Low,1.0,0,0.0,Male,Less than 25,4368,F,1,0.0,264.0,Hispanic,1.0,22.0,4
0,Low,4.0,0,0.0,Male,25 - 45,301,Misdemeanor,0,0.0,528.0,Caucasian,4.0,44.0,4
0,Medium,4.0,0,0.0,Male,25 - 45,10591,F,1,0.0,480.0,Caucasian,4.0,40.0,5
0,Medium,1.0,0,0.0,Male,25 - 45,7952,Felony,0,0.0,372.0,African-American,1.0,31.0,6
1,Medium,7.0,0,1.0,Male,25 - 45,3162,m,1,0.0,348.0,Caucasian,7.0,29.0,7
1,Low,1.0,0,1.0,Male,25 - 45,7176,F,0,0.0,420.0,Caucasian,1.0,35.0,1
0,Medium,0.0,0,0.0,Male,Greater than 45,3880,F,1,0.0,540.0,African-American,0.0,45.0,6
0,Low,0.0,0,0.0,Male,25 - 45,6693,M,0,0.0,300.0,Caucasian,0.0,25.0,3
0,Low,,0,0.0,male,Greater than 45,8970,M,1,0.0,828.0,Caucasian,,69.0,1
0,High,1.0,0,0.0,Male,25 - 45,7445,F,1,0.0,372.0,Hispanic,1.0,31.0,8
0,Low,4.0,0,0.0,Male,25 - 45,10256,F,0,0.0,336.0,Caucasian,4.0,28.0,4
1,High,13.0,0,1.0,Male,Less than 25,2513,,1,0.0,264.0,African-American,13.0,22.0,10
0,High,1.0,0,0.0,Male,25 - 45,1861,Felony,1,0.0,432.0,African-American,1.0,36.0,8
0,Low,0.0,0,0.0,Male,Greater than 45,3215,M,0,0.0,624.0,Caucasian,0.0,52.0,1
0,Low,0.0,0,0.0,MALE,Less than 25,6029,F,1,0.0,288.0,African-American,0.0,24.0,3
0,High,1.0,1,1.0,Male,Less than 25,1329,F,1,0.0,264.0,Caucasian,1.0,22.0,8
0,Low,0.0,0,0.0,Female,25 - 45,10351,M,1,0.0,300.0,African-American,0.0,25.0,4
0,Low,,0,0.0,Male,Greater than 45,7052,F,0,0.0,612.0,Caucasian,,51.0,2
0,Low,0.0,0,0.0,Male,25 - 45,6827,F,1,0.0,300.0,African-American,0.0,25.0,4
0,Low,5.0,1,1.0,Male,25 - 45,10056,M,0,0.0,372.0,Other,5.0,31.0,2
0,Low,2.0,1,1.0,Male,Less than 25,8047,F,0,0.0,276.0,african-american,2.0,23.0,2
0,Medium,3.0,0,0.0,Male,25 - 45,9261,F,1,0.0,312.0,African-American,3.0,26.0,7
0,Low,4.0,0,0.0,Male,25 - 45,9906,M,0,0.0,516.0,Caucasian,4.0,43.0,2
0,High,19.0,0,0.0,Male,25 - 45,2854,F,1,0.0,372.0,African-American,19.0,31.0,9
0,Medium,5.0,0,0.0,Female,25 - 45,10403,F,1,0.0,360.0,Caucasian,5.0,30.0,5
0,Low,1.0,0,0.0,Male,Greater than 45,1292,F,0,0.0,576.0,Caucasian,1.0,48.0,2
0,Low,0.0,0,0.0,Female,25 - 45,4023,M,0,0.0,396.0,Caucasian,0.0,33.0,1
0,Medium,0.0,0,0.0,Male,Greater than 45,3794,F,1,,552.0,African-American,0.0,46.0,7
0,Low,0.0,0,0.0,Female,25 - 45,3704,F,0,0.0,456.0,Hispanic,0.0,38.0,1
0,Medium,3.0,0,0.0,Male,Greater than 45,2499,F,1,0.0,660.0,Caucasian,3.0,55.0,7
0,Low,11.0,0,0.0,Male,Greater than 45,4760,F,1,0.0,600.0,Caucasian,11.0,50.0,2
0,Medium,2.0,0,0.0,Male,Less than 25,1145,F,1,0.0,264.0,African-American,2.0,22.0,5
0,High,3.0,0,0.0,Male,25 - 45,22,F,0,0.0,300.0,African-American,3.0,25.0,10
0,Low,,0,0.0,Male,Greater than 45,7156,F,0,0.0,576.0,African-American,,48.0,3
0,High,3.0,0,0.0,Male,Greater than 45,9110,F,1,0.0,588.0,African-American,3.0,49.0,8
0,Low,,0,0.0,Female,Greater than 45,10040,M,1,0.0,672.0,African-American,,56.0,1
0,Medium,0.0,0,0.0,MALE,Less than 25,3174,F,1,0.0,252.0,Other,0.0,21.0,5
0,Low,3.0,0,0.0,Male,25 - 45,7531,F,1,0.0,360.0,African-American,3.0,30.0,2
0,Low,3.0,0,0.0,Male,Greater than 45,1820,F,0,0.0,624.0,African-American,3.0,52.0,1
0,Medium,2.0,0,0.0,Male,Greater than 45,5434,M,1,0.0,600.0,African-American,2.0,50.0,5
0,High,12.0,2,2.0,Male,25 - 45,6075,F,1,0.0,348.0,African-American,12.0,29.0,8
0,High,0.0,0,0.0,female,25 - 45,2754,M,0,0.0,372.0,Caucasian,0.0,31.0,9
0,Medium,,0,0.0,Female,Greater than 45,10793,F,1,0.0,552.0,Caucasian,,46.0,7
0,Low,1.0,0,0.0,Male,25 - 45,7650,F,1,0.0,492.0,caucasian,1.0,41.0,4
0,Low,1.0,0,0.0,Male,25 - 45,3732,M,0,0.0,312.0,African-American,1.0,26.0,1
0,Low,7.0,0,1.0,Female,25 - 45,3856,F,0,1.0,444.0,African-American,7.0,37.0,3
0,Low,0.0,0,0.0,Male,Greater than 45,3562,F,0,0.0,624.0,African-American,0.0,52.0,1
0,High,17.0,0,0.0,Male,25 - 45,8195,M,0,0.0,444.0,African-American,17.0,37.0,9
0,Low,0.0,0,0.0,Male,25 - 45,8984,M,0,0.0,408.0,Hispanic,0.0,34.0,1
0,Low,2.0,0,0.0, Male,Greater than 45,9949,F,0,0.0,672.0,Hispanic,2.0,56.0,1
0,High,3.0,0,0.0,Female,Less than 25,7722,F,1,,276.0,African-American,3.0,23.0,9
0,Medium,1.0,0,0.0,Male,25 - 45,6193,M,0,0.0,504.0,African-American,1.0,42.0,5
0,low,0.0,0,0.0,Male,25 - 45,6784,M,0,0.0,492.0,Other,0.0,41.0,1
0,High,500,1,1.0,Male,25 - 45,2899,Felony,1,0.0,360.0,Caucasian,500,30.0,9
0,low,-,0,0.0,Female,Greater than 45,5057,F,0,,588.0,African-American,-,49.0,1
0,Low,2.0,0,0.0,male,25 - 45,2151,M,1,0.0,300.0, Caucasian,2.0,25.0,4
0,High,0.0,0,0.0,?,25 - 45,10216,M,0,0.0,312.0,African-American,0.0,26.0,8
1,High,3.0,1,2.0,Male,Less than 25,4947,M,1,0.0,252.0,African-American,3.0,21.0,8
0,Medium,0.0,0,0.0,Male,25 - 45,9799,Felony,1,0.0,312.0,Caucasian,0.0,26.0,5
0,High,0.0,0,0.0,Male,Less than 25,1908,M,1,0.0,240.0,Caucasian,0.0,20.0,10
0,High,0.0,0,0.0,Male,Less than 25,7497,F,1,0.0,240.0,African-American,0.0,20.0,8
2,Low,3.0,0,2.0,Male,25 - 45,7780,Misdemeanor,1,0.0,420.0,African-American,3.0,35.0,2
0,Low,1.0,0,0.0,Male,25 - 45,4648,F,0,0.0,492.0, Caucasian,1.0,41.0,1
0,Low,0.0,0,0.0,Male,25 - 45,7421,M,0,0.0,516.0, Caucasian,0.0,43.0,4
0,Medium,N/A,0,0.0,Male,25 - 45,1533,F,0,0.0,468.0,African-American,N/A,39.0,6
0,low,1.0,0,0.0,Male,25 - 45,3724,M,0,0.0,,Hispanic,1.0,,1
0,Low,2.0,0,0.0,Male,25 - 45,4657,m,1,0.0,420.0,Caucasian,2.0,35.0,2
0,Low,0.0,0,0.0,Male,Greater than 45,8530,F,0,0.0,540.0,Hispanic,0.0,45.0,1
0,high,1.0,0,0.0,Male,25 - 45,6801,F,0,0.0,528.0,Caucasian,1.0,44.0,8
0,Low,2.0,0,0.0,Female,25 - 45,4191,F,0,0.0,420.0,Caucasian,2.0,35.0,4
0,High,0.0,0,0.0,Male,Less than 25,114,F,0,0.0,264.0,-,0.0,22.0,8
0,Low,1.0,0,0.0,Female,Greater than 45,6171,F,0,0.0,540.0,African-American,1.0,45.0,1
0,Medium,6.0,0,0.0,Male,Less than 25,9097,F,1,,288.0,African-American,6.0,24.0,6
1,Medium,3.0,0,1.0,Male,25 - 45,847,F,0,0.0,312.0,African-American,3.0,26.0,6
0,Medium,1.0,0,0.0,Male,Less than 25,9653,F,0,0.0,288.0,Caucasian,1.0,24.0,7
0,Low,13.0,0,0.0,Male,Greater than 45,8758,M,1,0.0,564.0,Caucasian,13.0,47.0,4
0,Low,1.0,0,0.0,Male,Greater than 45,9271,M,0,0.0,576.0,Caucasian,1.0,48.0,1
0,Low,0.0,0,0.0,Male,Less than 25,9464,M,0,0.0,288.0,Caucasian,0.0,24.0,2
0,Medium,3.0,0,0.0,Female,25 - 45,9606,F,1,0.0,312.0,Caucasian,3.0,26.0,6
0,High,0.0,0,0.0,Male,25 - 45,6850,F,1,0.0,516.0,Caucasian,0.0,43.0,9
0,High,9.0,0,0.0,Female,25 - 45,4223,F,1,0.0,360.0,African-American,9.0,30.0,9
0,Low,0.0,0,0.0,Male,25 - 45,7036,M,1,0.0,336.0,Hispanic,0.0,28.0,1
0,Low,2.0,0,0.0,Female,25 - 45,6574,F,1,,372.0,African-American,2.0,31.0,2
0,Low,0.0,0,0.0,Male,25 - 45,6668,M,1,0.0,348.0,African-American,0.0,29.0,2
0,high,0.0,0,0.0,Male,25 - 45,4256,F,1,0.0,408.0,African-American,0.0,34.0,9
0,Low,0.0,0,0.0,Male,Less than 25,10094,,0,0.0,240.0,Caucasian,0.0,20.0,3
0,Medium,7.0,0,0.0,Male,25 - 45,2927,F,1,0.0,408.0,African-American,7.0,34.0,5
0,Low,0.0,0,0.0,Male,Less than 25,1191,F,1,0.0,264.0,Caucasian,0.0,22.0,4
0,High,8.0,1,1.0,Male,25 - 45,5877,F,0,0.0,420.0,African-American,8.0,35.0,9
0,Low,6.0,0,0.0,MALE,Greater than 45,426,F,1,0.0,648.0,Caucasian,6.0,54.0,2
0,low,0.0,0,0.0,Male,Greater than 45,269,F,0,0.0,672.0,Caucasian,0.0,56.0,1
0,Low,0.0,0,0.0,Male,Less than 25,10025,F,1,0.0,264.0,African-American,0.0,22.0,4
0,Low,1.0,0,0.0,Female,25 - 45,8745,M,0,0.0,312.0,Caucasian,1.0,26.0,4
0,Low,1.0,0,0.0,Female,Greater than 45,6201,F,0,0.0,624.0,Caucasian,1.0,52.0,1
0,Low,2.0,0,0.0,Male,25 - 45,4169,M,0,0.0,420.0,Caucasian,2.0,35.0,3
0,Medium,3.0,2,2.0, Male,Less than 25,964,F,1,0.0,276.0,Caucasian,3.0,23.0,5
0,Low,4.0,0,0.0,Male,Greater than 45,775,Misdemeanor,0,0.0,624.0,Caucasian,4.0,52.0,3
0,High,0.0,0,0.0,Male,Less than 25,4406,F,0,0.0,252.0,Hispanic,0.0,21.0,10
0,Low,3.0,0,0.0,Male,25 - 45,2178,F,1,0.0,312.0,African-American,3.0,26.0,4
0,Low,5.0,0,0.0,Male,25 - 45,8675,F,0,0.0,480.0,CAUCASIAN,5.0,40.0,3
0,high,10.0,0,0.0,Male,25 - 45,6687,F,1,0.0,468.0,Caucasian,10.0,39.0,8
0,Low,,0,0.0,Female ,Greater than 45,10955,F,0,0.0,588.0,CAUCASIAN,,49.0,2
1,High,22.0,0,1.0,Male,25 - 45,1202,F,1,0.0,384.0,African-American,22.0,32.0,9
0,High,18.0,3,3.0,Male,25 - 45,2913,M,0,0.0,360.0,African-American,18.0,30.0,10
0,Low,1.0,0,0.0,Male,25 - 45,5628,F,0,0.0,468.0,Caucasian,1.0,39.0,1
0,Low,0.0,0,0.0,Female,25 - 45,10069,F,0,0.0,432.0,Caucasian,0.0,36.0,2
0,High,10.0,0,0.0,Male,25 - 45,2930,M,1,0.0,348.0,African-American,10.0,29.0,10
0,Low,,0,0.0,Male,Greater than 45,8550,F,0,0.0,744.0,Hispanic,,62.0,2
0,Low,1.0,0,0.0,Male,25 - 45,8682,F,0,0.0,432.0,Asian,1.0,36.0,1
0,Low,,0,0.0,Male,Greater than 45,611,F,0,0.0,672.0,African-American,,56.0,3
0,Low,0.0,0,0.0,Male,25 - 45,8099,M,0,0.0,,Caucasian,0.0,,1
0,Low,0.0,0,0.0,Female,Greater than 45,8038,F,0,0.0,804.0,African-American,0.0,67.0,1
0,Medium,4.0,0,0.0,Male,25 - 45,6414,F,0,0.0,372.0,Hispanic,4.0,31.0,6
0,High,7.0,0,0.0,Male,25 - 45,1994,M,1,0.0,348.0,Caucasian,7.0,29.0,10
0,Low,,0,0.0,Male,Greater than 45,281,F,0,0.0,792.0,African-American,,66.0,1
0,Low,0.0,0,0.0,Female,Greater than 45,9724,F,0,0.0,768.0,African-American,0.0,64.0,1
0,Low,1.0,0,0.0,Male,25 - 45,10482,F,1,0.0,504.0,Hispanic,1.0,42.0,1
0,Low,0.0,0,0.0,Male,Greater than 45,3019,M,1,0.0,600.0,Caucasian,0.0,50.0,2
0,High,3.0,0,0.0,Male,Less than 25,5058,F,1,0.0,276.0,African-American,3.0,23.0,10
0,Medium,0.0,0,0.0,Male,25 - 45,10137,F,0,0.0,384.0,African-American,0.0,32.0,7
0,Low,0.0,0,0.0,Male,25 - 45,855,f,0,0.0,456.0,African-American,0.0,38.0,1
0,Low,,0,0.0,Male,Greater than 45,9370,F,1,0.0,588.0,African-American,,49.0,3
0,High,1.0,1,1.0,Male,Less than 25,3696,F,0,0.0,252.0,African-American,1.0,21.0,9
0,Low,1.0,0,0.0,Male,Greater than 45,6401,F,0,0.0,,Caucasian,1.0,,1
0,Low,0.0,0,0.0,Male,25 - 45,8948,M,0,0.0,312.0,Other,0.0,26.0,2
0,Low,3.0,0,0.0,Female,25 - 45,4556,M,0,0.0,396.0,African-American,3.0,33.0,4
0,Low,1.0,0,0.0,Male,25 - 45,3463,F,0,0.0,468.0,Caucasian,1.0,39.0,3
0,Medium,2.0,0,0.0,Male,25 - 45,4217,F,1,0.0,420.0,caucasian,2.0,35.0,5
0,High,11.0,1,3.0,Male,25 - 45,2515,F,0,2.0,336.0,African-American,11.0,28.0,10
0,Low,1.0,0,0.0,Male,Greater than 45,4431,M,1,0.0,636.0,Caucasian,1.0,53.0,1
0,High,19.0,0,0.0,Male,25 - 45,8685,F,0,0.0,492.0,African-American,19.0,41.0,8
0,Low,14.0,0,0.0,MALE,Greater than 45,10965,F,1,0.0,684.0,Caucasian,14.0,57.0,4
0,Low,5.0,0,0.0,Male,25 - 45,5483,F,0,0.0,528.0,Caucasian,5.0,44.0,2
0,Low,9.0,0,0.0,Male,25 - 45,6315,F,1,0.0,360.0,African-American,9.0,30.0,3
0,Medium,0.0,0,0.0,Female,Less than 25,2258,F,1,0.0,252.0,Caucasian,0.0,21.0,6
0,Medium,0.0,0,0.0,Male,25 - 45,10706,M,0,0.0,504.0,African-American,0.0,42.0,7
0,High,9.0,0,0.0,Male,25 - 45,289,F,1,0.0,312.0,African-American,9.0,26.0,9
0,Low,0.0,0,0.0,Male,Greater than 45,3703,m,0,0.0,888.0,Caucasian,0.0,74.0,1
0,Low,0.0,0,0.0,Female,25 - 45,6362,F,1,0.0,348.0,Hispanic,0.0,29.0,4
0,Low,-,0,0.0,MALE,25 - 45,8316,M,1,0.0,360.0,Hispanic,-,30.0,3
0,Low,3.0,0,0.0,Male,Greater than 45,3356,F,0,0.0,720.0,Caucasian,3.0,60.0,1
0,Low,0.0,0,0.0,Male,Greater than 45,2316,M,0,0.0,636.0,Caucasian,0.0,53.0,1
1,High,1.0,0,1.0,male,Less than 25,5977,F,1,0.0,252.0,African-American,1.0,21.0,10
0,Low,6.0,0,2.0,Male,25 - 45,7988,F,1,2.0,492.0,African-American,6.0,41.0,3
0,Low,,0,0.0,Male,Greater than 45,481,F,0,0.0,636.0,Caucasian,,53.0,1
0,Medium,9.0,0,0.0,male,25 - 45,3068,F,0,0.0,372.0,African-American,9.0,31.0,7
2,High,4.0,0,2.0,Male,25 - 45,1691,M,0,0.0,300.0,Caucasian,4.0,25.0,10
0,Low,2.0,0,0.0,Male,25 - 45,7898,F,0,0.0,420.0,African-American,2.0,35.0,3
0,High,7.0,0,0.0,Female,25 - 45,9367,F,1,0.0,300.0,African-American,7.0,25.0,9
0,Low,6.0,0,0.0,Male,Greater than 45,101,F,1,0.0,540.0,Hispanic,6.0,45.0,1
1,High,13.0,1,3.0, Male,25 - 45,8009,F,1,1.0,372.0,African American,13.0,31.0,9
0,Low,0.0,0,0.0,Male,Less than 25,2446,F,1,0.0,276.0,Caucasian,0.0,23.0,3
1,High,12.0,0,2.0,Male,25 - 45,2287,M,1,1.0,444.0,African-American,12.0,37.0,9
0,Low,,0,0.0,Female,Greater than 45,8577,M,0,0.0,828.0,Caucasian,,69.0,1
0,Medium,0.0,0,0.0,Male,Greater than 45,3626,F,0,0.0,600.0,Caucasian,0.0,50.0,7
0,Medium,0.0,0,0.0,Male,25 - 45,5563,F,1,0.0,396.0,Caucasian,0.0,33.0,6
0,Low,0.0,0,0.0,Male,25 - 45,4245,M,0,0.0,444.0,African-American,0.0,37.0,3
0,Low,0.0,0,0.0,Male,Less than 25,9733,F,1,0.0,252.0,African-American,0.0,21.0,4
0,Low,8.0,0,0.0,Male,25 - 45,6840,F,1,0.0,516.0,African-American,8.0,43.0,3
0,Medium,1.0,0,0.0,female,Less than 25,10829,F,0,0.0,264.0,African-American,1.0,22.0,6
0,Low,0.0,0,0.0,Female,25 - 45,2537,M,0,0.0,324.0,African-American,0.0,27.0,2
0,Medium,9.0,0,0.0,Male,25 - 45,2775,M,1,0.0,384.0,Caucasian,9.0,32.0,7
0,Low,1.0,0,0.0,Male,25 - 45,2777,M,0,0.0,300.0,African-American,1.0,25.0,3
0,Low,0.0,0,0.0,Male,25 - 45,14,F,0,0.0,324.0,Caucasian,0.0,27.0,4
0,Low,1.0,0,0.0,Male,25 - 45,10689,F,0,0.0,384.0,Hispanic,1.0,32.0,3
0,Low,0.0,0,0.0,Male,25 - 45,5261,M,1,0.0,528.0,Caucasian,0.0,44.0,1
0,Low,3.0,0,0.0,Male,25 - 45,10807,M,1,0.0,300.0,Caucasian,3.0,25.0,9
0,Medium,12.0,0,0.0,Male,25 - 45,6467,F,0,0.0,408.0,African-American,12.0,34.0,7
0,Low,5.0,0,0.0,Male,25 - 45,10479,F,0,0.0,432.0,Hispanic,5.0,36.0,2
0,Low,1.0,0,0.0,Female,25 - 45,8918,f,1,0.0,348.0,Caucasian,1.0,29.0,2
0,Low,0.0,0,0.0,Male,25 - 45,2054,F,0,0.0,300.0,Caucasian,0.0,25.0,2
0,Medium,6.0,0,0.0,Male,25 - 45,922,F,1,0.0,324.0,Caucasian,6.0,27.0,6
0,Low,0.0,0,0.0,Male,Greater than 45,3728,M,0,0.0,636.0,Other,0.0,53.0,1
0,Low,0.0,0,0.0,Male,25 - 45,6662,F,0,0.0,492.0,African-American,0.0,41.0,1
0,Low,0.0,0,0.0,Female,Greater than 45,4706,f,1,0.0,,Caucasian,0.0,,2
0,Low,1.0,0,0.0,Female,Less than 25,10824,F,1,0.0,276.0,African-American,1.0,23.0,4
0,Low,0.0,0,0.0,Male,25 - 45,4922,M,0,0.0,420.0,Hispanic,0.0,35.0,2
0,Low,0.0,0,0.0,Male,25 - 45,5735,F,1,0.0,516.0,African-American,0.0,43.0,1
1,medium,5.0,0,1.0,Female,25 - 45,10728,F,1,0.0,420.0,African-American,5.0,35.0,7
0,Medium,8.0,0,0.0,Male,25 - 45,225,M,1,0.0,396.0,African-American,8.0,33.0,5
0,High,4.0,1,1.0,Male,25 - 45,1290,M,1,0.0,312.0,African-American,4.0,26.0,8
0,Medium,4.0,0,0.0,Male,25 - 45,6441,F,0,0.0,432.0,African-American,4.0,36.0,5
0,Low,1.0,0,0.0,Female,25 - 45,1841,M,0,0.0,444.0,Caucasian,1.0,37.0,3
0,Low,0.0,0,0.0, Male,Less than 25,8191,Felony,0,0.0,252.0,African-American,0.0,21.0,4
0,Low,1.0,0,0.0,Male,25 - 45,5190,M,1,0.0,,Other,1.0,,2
0,Low,1.0,1,1.0,Female,25 - 45,10556,F,0,0.0,324.0,African-American,1.0,27.0,3
0,Low,3.0,2,2.0,Male,Less than 25,2863,F,1,0.0,252.0,Other,3.0,21.0,2
0,Low,0.0,0,0.0,Male,Greater than 45,10047,F,0,0.0,684.0,Caucasian,0.0,57.0,1
0,Low,0.0,0,0.0,Male,25 - 45,7,Misdemeanor,0,0.0,528.0,Other,0.0,44.0,1
0,Low,1.0,0,0.0,Male,25 - 45,8528,Felony,0,0.0,384.0,African-American,1.0,32.0,2
0,Low,4.0,0,0.0,Male,25 - 45,6537,F,1,0.0,312.0,caucasian,4.0,26.0,4
0,Low,0.0,0,0.0,Male,Greater than 45,3801,M,0,0.0,732.0,Caucasian,0.0,61.0,1
0,Medium,2.0,0,0.0,Female,25 - 45,4815,F,0,0.0,420.0,African-American,2.0,35.0,6
0,Low,0.0,0,0.0,Female,25 - 45,8494,M,0,0.0,372.0,Caucasian,0.0,31.0,2
0,High,0.0,0,0.0,Male,25 - 45,8881,F,1,0.0,480.0,African-American,0.0,40.0,10
0,Low,0.0,0,0.0,Female,25 - 45,4662,f,0,0.0,384.0,Caucasian,0.0,32.0,2
0,Low,1.0,0,0.0,Male,25 - 45,9175,M,1,0.0,516.0,Hispanic,1.0,43.0,1
0,Low,,0,0.0,Male,Greater than 45,5886,M,0,0.0,636.0,Caucasian,,53.0,1
0,medium,0.0,0,0.0,Male,Less than 25,6696,,0,0.0,276.0,African-American,0.0,23.0,7
0,Low,0.0,0,0.0,Male,25 - 45,10988,F,0,0.0,,HISPANIC,0.0,,3
0,Low,0.0,0,0.0,Male,25 - 45,1172,M,0,0.0,372.0,African-American,0.0,31.0,2
0,Low,0.0,0,0.0,Male,25 - 45,6335,M,0,0.0,300.0,African-American,0.0,25.0,2
1,Medium,0.0,0,1.0, Male,Less than 25,1037,F,1,0.0,252.0,Asian,0.0,21.0,6
0,Low,3.0,0,0.0,Male,25 - 45,7365,F,0,0.0,336.0,Caucasian,3.0,28.0,3
0,Medium,0.0,0,0.0,Male,Greater than 45,8749,F,1,0.0,624.0,Other,0.0,52.0,5
0,Medium,1.0,0,0.0,Male,Less than 25,4310,,1,0.0,252.0,Caucasian,1.0,21.0,5
0,Medium,5.0,0,0.0,Male,Greater than 45,10066,F,0,0.0,564.0,African-American,5.0,47.0,6
3,High,1.0,0,3.0,Male,Less than 25,8807,F,0,0.0,252.0,Hispanic,1.0,21.0,8
0,Low,6.0,1,1.0,MALE,25 - 45,7163,M,1,0.0,396.0,African-American,6.0,33.0,3
0,High,3.0,2,2.0,Male,Less than 25,7320,F,1,0.0,264.0,CAUCASIAN,3.0,22.0,8
0,Low,0.0,0,0.0,Male,25 - 45,686,M,1,,492.0,Caucasian,0.0,41.0,1
0,Low,2.0,0,0.0,Male,Greater than 45,1577,M,0,0.0,708.0,African-American,2.0,59.0,1
0,Medium,11.0,0,0.0,Male,25 - 45,9748,F,1,0.0,336.0,African-American,11.0,28.0,6
0,Low,0.0,0,0.0,Male,25 - 45,8936,M,0,0.0,324.0,-,0.0,27.0,1
0,Medium,N/A,0,0.0,Male,25 - 45,8415,F,0,0.0,396.0,Caucasian,N/A,33.0,6
0,Low,0.0,0,0.0,Male,Greater than 45,5826,F,0,0.0,540.0,Caucasian,0.0,45.0,1
0,Medium,3.0,0,0.0,Female,25 - 45,2593,F,0,0.0,312.0,African-American,3.0,26.0,5
0,Low,0.0,0,0.0,Male,Less than 25,5898,M,0,0.0,276.0,Caucasian,0.0,23.0,2
0,Medium,,0,0.0,Male,Less than 25,1192,F,0,0.0,684.0,African-American,,57.0,6
2,Medium,0.0,0,2.0,Male,Less than 25,4324,,0,0.0,264.0,Caucasian,0.0,22.0,5
0,Low,0.0,0,0.0,Female,Greater than 45,7547,Felony,0,0.0,576.0,Caucasian,0.0,48.0,2
0,Low,1.0,0,0.0,Male,Greater than 45,8846,M,1,0.0,720.0,Other,1.0,60.0,1
0,Low,3.0,0,0.0,Male,25 - 45,9540,F,1,0.0,348.0,African-American,3.0,29.0,2
0,Medium,0.0,0,0.0,Female,Greater than 45,8938,M,0,0.0,576.0,African-American,0.0,48.0,5
0,Medium,12.0,0,0.0,Male,Greater than 45,7765,F,1,0.0,552.0,Hispanic,12.0,46.0,6
0,Low,1.0,0,0.0,Male,Greater than 45,8130,F,0,0.0,600.0,African-American,1.0,50.0,1
0,Low,2.0,0,0.0,Male,25 - 45,3101,F,0,0.0,360.0,African-American,2.0,30.0,2
0,Low,,0,0.0,Male,Greater than 45,5703,F,0,0.0,588.0,HISPANIC,,49.0,1
0,Low,4.0,0,0.0,Female,Greater than 45,5142,F,0,0.0,600.0,African American,4.0,50.0,3
0,Low,0.0,0,0.0,Male,25 - 45,8554,F,1,0.0,360.0,African-American,0.0,30.0,4
0,Low,,0,0.0,n/a,Greater than 45,1356,M,0,0.0,684.0,Hispanic,,57.0,2
0,Low,0.0,0,0.0,Female,25 - 45,6278,F,0,0.0,360.0,African-American,0.0,30.0,2
0,Medium,2.0,0,0.0,MALE,25 - 45,8572,Misdemeanor,0,0.0,312.0,African-American,2.0,26.0,5
0,Low,3.0,0,0.0,Male,25 - 45,5047,F,0,0.0,468.0,African-American,3.0,39.0,2
0,Medium,2.0,0,0.0,Male,25 - 45,3500,M,0,0.0,300.0,Caucasian,2.0,25.0,6
0,Low,3.0,0,0.0,Male,25 - 45,3452,F,0,0.0,408.0,African-American,3.0,34.0,1
1,Low,0.0,0,1.0,Female,Less than 25,9055,M,1,0.0,252.0,Hispanic,0.0,21.0,4
1,Medium,15.0,0,1.0,Male,25 - 45,79,f,0,0.0,372.0,-,15.0,31.0,5
0,Medium,7.0,0,0.0,Male,Greater than 45,4675,F,1,0.0,588.0,Other,7.0,49.0,6
0,medium,3.0,0,0.0,Male,Less than 25,5799,M,1,0.0,276.0,Hispanic,3.0,23.0,7
0,Low,0.0,0,0.0,Female,Less than 25,6215,Felony,0,0.0,288.0,Other,0.0,24.0,3
0,High,2.0,0,0.0,MALE,Less than 25,5435,,1,0.0,288.0,Other,2.0,24.0,8
0,Medium,0.0,0,0.0,Male,Less than 25,7896,F,1,0.0,264.0,African-American,0.0,22.0,7
0,LOW,0.0,0,0.0,Male,25 - 45,10394,M,0,0.0,360.0,African-American,0.0,30.0,1
0,Medium,0.0,0,0.0,Male,25 - 45,8533,F,0,0.0,300.0,African-American,0.0,25.0,5
0,Low,0.0,0,0.0,Female,Less than 25,203,M,0,0.0,288.0,African-American,0.0,24.0,2
0,High,1.0,0,0.0,Male,25 - 45,919,M,1,0.0,432.0,Hispanic,1.0,36.0,10
0,Medium,6.0,0,0.0,Male,25 - 45,5591,F,1,0.0,324.0,African-American,6.0,27.0,7
0,High,16.0,0,0.0,Male,25 - 45,3782,F,1,0.0,384.0,African-American,16.0,32.0,10
0,Low,4.0,0,0.0,Male,25 - 45,5381,M,0,0.0,456.0,African-American,4.0,38.0,1
0,Medium,1.0,0,0.0,Female ,25 - 45,8973,m,0,0.0,360.0,Caucasian,1.0,30.0,6
0,Low,3.0,0,0.0,Male,25 - 45,9359,M,0,0.0,432.0,Caucasian,3.0,36.0,1
1,Low,2.0,0,1.0, Male,25 - 45,10437,M,1,0.0,324.0,Caucasian,2.0,27.0,4
0,Low,3.0,0,0.0,Male,25 - 45,7806,M,0,0.0,420.0,Caucasian,3.0,35.0,3
0,Low,0.0,0,0.0,Female,Less than 25,1698,M,0,0.0,264.0,Caucasian,0.0,22.0,3
0,Medium,30.0,0,0.0,FEMALE,Greater than 45,1608,M,1,0.0,600.0,Caucasian,30.0,50.0,6
3,low,6.0,1,4.0,Male,25 - 45,808,F,0,0.0,324.0,-,6.0,27.0,4
0,Medium,,0,0.0,Male,Greater than 45,3487,F,0,0.0,588.0,Caucasian,,49.0,6
0,Low,5.0,0,0.0,Male,25 - 45,5534,M,0,0.0,420.0,Hispanic,5.0,35.0,2
0,Low,0.0,0,0.0,male,Greater than 45,10763,M,0,0.0,564.0,African-American,0.0,47.0,1
0,Low,1.0,0,0.0,Male,25 - 45,3778,M,1,0.0,336.0,Caucasian,1.0,28.0,2
0,Medium,8.0,0,0.0,Male,25 - 45,374,Felony,1,0.0,432.0,Caucasian,8.0,36.0,7
1,High,0.0,0,1.0,Male,Less than 25,4944,,1,0.0,252.0,African-American,0.0,21.0,8
0,MEDIUM,-,0,0.0,Male,25 - 45,5680,M,1,0.0,384.0,African-American,-,32.0,5
0,Medium,,0,0.0,Male,Greater than 45,6359,F,1,0.0,648.0,African-American,,54.0,6
2,High,9.0,0,2.0,Male,25 - 45,2472,M,0,0.0,336.0,CAUCASIAN,9.0,28.0,8
0,Low,0.0,0,0.0,MALE,Less than 25,7862,f,1,0.0,252.0,Hispanic,0.0,21.0,3
0,Medium,3.0,0,0.0,Male,Less than 25,3492,F,0,0.0,276.0,African-American,3.0,23.0,7
0,Low,3.0,0,0.0,Female,25 - 45,7409,F,1,0.0,324.0,african-american,3.0,27.0,4
0,Low,1.0,0,0.0,Male,25 - 45,3420,F,0,0.0,504.0,African-American,1.0,42.0,2
0,Medium,5.0,0,0.0,Male,Greater than 45,9969,Felony,1,0.0,540.0,Caucasian,5.0,45.0,5
0,Low,1.0,0,0.0,Female,Greater than 45,4853,M,1,0.0,780.0,Caucasian,1.0,65.0,1
0,Low,0.0,0,0.0,Male,Greater than 45,1455,F,0,0.0,648.0,African-American,0.0,54.0,1
0,Low,0.0,0,0.0,Male,Greater than 45,4390,F,0,0.0,792.0,Caucasian,0.0,66.0,1
0,Low,2.0,0,0.0,MALE,25 - 45,6175,F,0,0.0,312.0,African-American,2.0,26.0,4
0,Low,0.0,0,0.0,Male,25 - 45,18,F,0,0.0,492.0,AFRICAN-AMERICAN,0.0,41.0,4
0,Medium,10.0,0,0.0,Female,Greater than 45,5219,F,1,0.0,672.0,Caucasian,10.0,56.0,5
0,Medium,2.0,0,0.0,Male,25 - 45,1534,F,0,0.0,348.0,African-American,2.0,29.0,6
0,Low,,0,0.0, Male,Greater than 45,2196,M,0,0.0,588.0,African-American,,49.0,2
0,MEDIUM,0.0,0,0.0,Female,25 - 45,7331,F,1,0.0,348.0,Caucasian,0.0,29.0,6
0,Medium,5.0,0,0.0,Male,25 - 45,4526,F,1,0.0,336.0,Caucasian,5.0,28.0,5
1,Medium,0.0,0,1.0,Male,Less than 25,6314,F,1,0.0,240.0,Caucasian,0.0,20.0,6
0,High,9.0,0,0.0,Male,Greater than 45,3223,F,1,0.0,540.0,Caucasian,9.0,45.0,9
1,Medium,1.0,0,1.0,Male,Less than 25,8142,,1,,276.0,African-American,1.0,23.0,5
0,LOW,2.0,0,0.0,Male,Greater than 45,10306,F,1,0.0,588.0,Caucasian,2.0,49.0,1
0,Low,0.0,0,0.0,Male,25 - 45,9827,f,0,0.0,324.0,Caucasian,0.0,27.0,2
0,Low,1.0,0,0.0,Male,25 - 45,8211,F,0,0.0,468.0,Caucasian,1.0,39.0,1
0,Medium,7.0,0,0.0,Female,25 - 45,8249,F,1,0.0,348.0,Caucasian,7.0,29.0,6
0,High,14.0,0,0.0,Female,Greater than 45,4299,F,0,0.0,612.0,Caucasian,14.0,51.0,9
0,Low,1.0,0,0.0,Male,Greater than 45,4968,F,0,0.0,816.0,African-American,1.0,68.0,2
0,Low,7.0,0,0.0,Female,Greater than 45,8527,M,1,0.0,,Caucasian,7.0,,1
0,Low,0.0,0,0.0,male,25 - 45,468,F,0,0.0,324.0,African-American,0.0,27.0,2
0,high,14.0,0,0.0,Male,25 - 45,2883,F,1,0.0,396.0,African-American,14.0,33.0,8
0,Low,,0,0.0,Male,Greater than 45,5399,F,0,0.0,684.0,Caucasian,,57.0,1
0,High,0.0,0,0.0,Male,Less than 25,10995,F,0,0.0,240.0,African-American,0.0,20.0,9
0,Low,1.0,0,0.0,Male,Greater than 45,1008,M,0,,636.0,Caucasian,1.0,53.0,1
0,Low,1.0,0,0.0,Male,25 - 45,3200,F,1,0.0,420.0,African-American,1.0,35.0,1
0,Low,0.0,0,0.0,Female,25 - 45,2983,F,0,0.0,300.0,Caucasian,0.0,25.0,4
0,Low,2.0,0,1.0,Male,25 - 45,6819,M,1,1.0,432.0,Hispanic,2.0,36.0,2
0,High,0.0,0,0.0,Female,Less than 25,5994,,1,0.0,,African-American,0.0,,8
0,Low,,0,0.0,Male,Greater than 45,9845,M,0,0.0,552.0,African-American,,46.0,1
1,High,6.0,0,1.0,Male,Less than 25,1119,,1,0.0,276.0,African-American,6.0,23.0,9
0,Low,0.0,0,0.0,Male,25 - 45,7348,M,0,0.0,456.0,African-American,0.0,38.0,2
0,Medium,0.0,0,0.0,Male,25 - 45,565,F,1,0.0,480.0,Caucasian,0.0,40.0,7
0,Low,1.0,0,0.0,Male,25 - 45,679,M,0,0.0,360.0,African-American,1.0,30.0,1
0,Low,,0,0.0,Male,Greater than 45,348,F,0,0.0,624.0,African-American,,52.0,4
0,Low,0.0,0,0.0,Male,25 - 45,2748,M,0,0.0,528.0,Caucasian,0.0,44.0,1
1,Medium,6.0,3,4.0,Male,25 - 45,10077,M,0,0.0,300.0,African-American,6.0,25.0,6
0,Low,0.0,0,0.0,Male,25 - 45,4258,M,0,0.0,300.0,Caucasian,0.0,25.0,2
0,MEDIUM,9.0,1,1.0,Male,25 - 45,5400,F,0,0.0,300.0,African-American,9.0,25.0,7
0,High,11.0,0,0.0,Male,Greater than 45,5568,F,0,0.0,780.0,African-American,11.0,65.0,10
0,High,11.0,1,1.0,Female,25 - 45,8269,F,1,0.0,348.0,African-American,11.0,29.0,9
0,Low,2.0,0,0.0,Male,25 - 45,10423,F,1,0.0,336.0,Caucasian,2.0,28.0,2
0,High,0.0,0,0.0,male,Less than 25,3225,,1,0.0,240.0,African-American,0.0,20.0,9
0,Low,4.0,0,0.0,Female,25 - 45,8124,F,1,0.0,432.0,Caucasian,4.0,36.0,2
0,Medium,2.0,0,0.0,Female,Less than 25,10012,F,1,0.0,288.0,African-American,2.0,24.0,6
0,Low,1.0,0,0.0,Male,25 - 45,9475,F,0,0.0,372.0,African-American,1.0,31.0,1
0,Low,-,0,0.0,Male,25 - 45,10328,F,0,0.0,300.0,African-American,-,25.0,4
0,Medium,0.0,0,0.0,Male,25 - 45,4011,F,0,0.0,324.0,Caucasian,0.0,27.0,6
0,High,7.0,0,0.0,Male,Greater than 45,9907,F,1,0.0,624.0,African-American,7.0,52.0,9
0,Low,8.0,0,0.0,Male,25 - 45,37,F,1,0.0,324.0,African American,8.0,27.0,3
0,Low,13.0,0,0.0,Male,Greater than 45,9185,f,1,0.0,564.0,African-American,13.0,47.0,2
0,Low,2.0,0,0.0,Male,Less than 25,5420,F,1,0.0,,African-American,2.0,,4
0,Medium,0.0,0,0.0,Female,25 - 45,6730,M,0,0.0,372.0,African-American,0.0,31.0,6
0,Low,0.0,0,0.0,Male,Greater than 45,6829,M,0,0.0,588.0,AFRICAN-AMERICAN,0.0,49.0,2
0,Medium,13.0,0,0.0,Male,25 - 45,4075,F,0,0.0,492.0,African-American,13.0,41.0,5
0,High,2.0,0,0.0,Male,25 - 45,4999,F,1,0.0,396.0,African-American,2.0,33.0,8
0,Low,0.0,0,0.0,Male,Less than 25,3693,M,0,0.0,288.0,African-American,0.0,24.0,2
0,LOW,0.0,0,0.0,Male,25 - 45,5760,M,0,0.0,456.0, Caucasian,0.0,38.0,1
3,Medium,0.0,0,3.0,Male,Less than 25,2530,F,1,0.0,240.0,African-American,0.0,20.0,6
0,Low,,0,0.0,Male,Greater than 45,8940,F,0,0.0,696.0,Other,,58.0,1
0,Low,2.0,0,0.0,Male,25 - 45,6751,F,1,0.0,420.0,Caucasian,2.0,35.0,2
0,Low,7.0,0,0.0,Male,25 - 45,5294,F,0,0.0,528.0,African-American,7.0,44.0,4
0,Low,0.0,0,0.0,Female,25 - 45,858,M,0,0.0,360.0,African-American,0.0,30.0,3
1,Medium,11.0,0,1.0,Male,25 - 45,10917,F,1,0.0,528.0, African-American,11.0,44.0,5
0,High,,0,0.0,Male,Greater than 45,5227,F,0,0.0,576.0,AFRICAN-AMERICAN,,48.0,8
0,Low,14.0,0,0.0,Male,Greater than 45,7690,Felony,1,0.0,552.0,Caucasian,14.0,46.0,3
0,Medium,-,0,0.0,male,25 - 45,2335,F,1,0.0,336.0,African-American,-,28.0,6
0,Low,3.0,0,0.0,Male,25 - 45,2771,M,0,0.0,444.0,Caucasian,3.0,37.0,1
0,Medium,0.0,0,0.0,Female,Less than 25,446,M,0,0.0,252.0,African-American,0.0,21.0,6
0,Low,0.0,0,0.0,Female,25 - 45,1919,F,1,0.0,384.0,Caucasian,0.0,32.0,1
1,Medium,1.0,0,1.0,Male,Less than 25,5535,F,1,0.0,252.0,Caucasian,1.0,21.0,6
0,Medium,,0,0.0,Male,Greater than 45,781,F,0,0.0,576.0,Other,,48.0,5
0,Low,1.0,0,0.0,Female,25 - 45,8939,Misdemeanor,0,0.0,312.0,African-American,1.0,26.0,4
0,Low,,0,0.0,Female,Greater than 45,4441,M,0,0.0,648.0,Caucasian,,54.0,2
0,High,14.0,0,0.0,Male,25 - 45,4933,F,0,0.0,444.0,African-American,14.0,37.0,8
0,Low,0.0,0,0.0,Male,Greater than 45,9264,F,0,0.0,648.0,Hispanic,0.0,54.0,1
0,Low,,0,0.0,Male,Greater than 45,4931,F,1,0.0,600.0,Caucasian,,50.0,1
0,Medium,0.0,0,0.0,Male,25 - 45,5020,F,0,0.0,492.0,african-american,0.0,41.0,7
0,Low,1.0,0,0.0, Male,Less than 25,4890,M,1,0.0,288.0,African-American,1.0,24.0,2
0,Medium,N/A,0,0.0,Male,Less than 25,10942,M,0,0.0,264.0,African-American,N/A,22.0,5
0,Medium,5.0,0,0.0,Male,25 - 45,9578,M,0,0.0,312.0,African-American,5.0,26.0,7
0,Low,2.0,0,0.0,Female,Less than 25,6431,F,1,0.0,288.0,Other,2.0,24.0,4
0,Low,0.0,0,0.0,Male,Less than 25,10625,F,0,0.0,276.0,African-American,0.0,23.0,4
0,Low,0.0,0,0.0,Female,25 - 45,5542,M,0,0.0,360.0,African-American,0.0,30.0,2
0,Low,1.0,0,0.0,Female,25 - 45,2049,F,1,,348.0,African-American,1.0,29.0,4
0,Low,0.0,0,0.0,Female,25 - 45,6773,m,0,0.0,336.0,Caucasian,0.0,28.0,2
0,Low,3.0,0,0.0,Male,25 - 45,5367,Felony,1,0.0,444.0,African-American,3.0,37.0,1
0,Medium,5.0,0,0.0,Male,Less than 25,8602,F,1,0.0,288.0,Caucasian,5.0,24.0,7
0,Low,11.0,0,0.0,Male,25 - 45,7835,m,1,0.0,480.0,African-American,11.0,40.0,3
0,Low,0.0,0,0.0,Male,Less than 25,3929,F,1,0.0,228.0,African-American,0.0,19.0,4
0,Low,1.0,0,0.0,Male,25 - 45,3804,M,0,0.0,324.0,African-American,1.0,27.0,1
0,Low,3.0,0,0.0,male,Greater than 45,10371,F,0,0.0,540.0,Hispanic,3.0,45.0,1
0,Low,0.0,0,0.0,Male,25 - 45,958,M,0,0.0,372.0,Hispanic,0.0,31.0,2
0,Medium,3.0,0,0.0,Male,25 - 45,10242,m,0,0.0,372.0,Caucasian,3.0,31.0,7
0,Medium,12.0,0,0.0,Male,Greater than 45,9966,M,1,0.0,648.0,African-American,12.0,54.0,5
0,Low,0.0,0,0.0,Female,25 - 45,3657,M,0,0.0,312.0,African-American,0.0,26.0,4
0,Low,1.0,0,0.0,Male,25 - 45,6572,F,0,0.0,300.0,Caucasian,1.0,25.0,3
2,HIGH,24.0,0,2.0,Male,Greater than 45,4331,M,1,0.0,600.0,African-American,24.0,50.0,8
0,Low,0.0,0,0.0,male,25 - 45,6989,F,1,0.0,384.0,Caucasian,0.0,32.0,3
0,High,1.0,0,0.0,Male,25 - 45,3685,M,1,0.0,432.0,African-American,1.0,36.0,9
0,Low,0.0,0,0.0,Male,25 - 45,2089,F,0,0.0,348.0,African-American,0.0,29.0,1
0,Low,4.0,0,0.0,Male,25 - 45,7820,M,1,0.0,360.0,African-American,4.0,30.0,2
0,medium,1.0,0,0.0,Male,Greater than 45,10054,F,0,0.0,612.0,African-American,1.0,51.0,5
0,Medium,0.0,0,0.0,Male,Less than 25,5658,Felony,1,0.0,252.0,African-American,0.0,21.0,6
0,Low,5.0,0,1.0,Male,Greater than 45,4338,F,0,1.0,600.0, African-American,5.0,50.0,2
0,Low,1.0,0,0.0,Female,25 - 45,1419,M,0,0.0,396.0,Caucasian,1.0,33.0,1
2,High,1.0,0,2.0,Male,Less than 25,2063,F,0,0.0,252.0,Hispanic,1.0,21.0,9
0,Low,2.0,0,0.0,Male,25 - 45,9899,M,0,0.0,324.0,African-American,2.0,27.0,2
0,Medium,2.0,0,0.0,Male,25 - 45,7023,F,0,0.0,300.0,Caucasian,2.0,25.0,5
0,Low,0.0,0,0.0,Female,25 - 45,379,M,0,0.0,372.0,Hispanic,0.0,31.0,2
0,Medium,0.0,0,0.0,Male,Less than 25,5818,F,0,0.0,276.0,African-American,0.0,23.0,5
0,High,1.0,0,0.0,Female,Greater than 45,9161,f,0,0.0,576.0,Caucasian,1.0,48.0,9
1,High,8.0,0,1.0,Male,Greater than 45,6365,F,1,0.0,576.0,African-American,8.0,48.0,9
0,High,1.0,0,0.0,Male,Less than 25,1092,F,0,0.0,288.0,Hispanic,1.0,24.0,10
0,High,0.0,0,0.0,Male,Less than 25,10006,,1,0.0,240.0,Caucasian,0.0,20.0,10
0,Low,4.0,0,0.0,Male,Greater than 45,3541,M,0,0.0,804.0,African-American,4.0,67.0,1
0,High,2.0,0,0.0,Male,25 - 45,7173,F,0,0.0,360.0,Other,2.0,30.0,8
0,Medium,12.0,0,0.0,Female,25 - 45,10535,M,1,0.0,324.0,African-American,12.0,27.0,6
0,LOW,1.0,0,0.0,Female,Less than 25,3978,F,0,0.0,288.0,Caucasian,1.0,24.0,3
0,High,0.0,0,0.0,Female,25 - 45,5930,F,1,0.0,408.0,Caucasian,0.0,34.0,8
0,Low,0.0,0,0.0,MALE,25 - 45,2879,M,0,0.0,348.0,Caucasian,0.0,29.0,3
0,LOW,0.0,0,0.0,Male,25 - 45,9919,M,0,0.0,384.0,African-American,0.0,32.0,4
0,Low,0.0,0,0.0,Male,25 - 45,8619,F,0,0.0,336.0,Caucasian,0.0,28.0,3
0,High,11.0,0,0.0,Male,Greater than 45,337,F,0,0.0,648.0,African-American,11.0,54.0,9
0,Low,1.0,0,1.0,Female,Less than 25,545,F,0,1.0,240.0,Other,1.0,20.0,4
0,Medium,17.0,1,1.0,Male,25 - 45,3985,F,1,0.0,348.0,HISPANIC,17.0,29.0,6
0,Low,0.0,0,0.0,Female,Greater than 45,9181,Misdemeanor,1,0.0,624.0,Hispanic,0.0,52.0,1
0,Low,4.0,0,0.0,Male,25 - 45,10523,F,1,0.0,348.0,Other,4.0,29.0,2
0,Medium,5.0,0,0.0,Female,25 - 45,7125,F,0,0.0,348.0,African-American,5.0,29.0,7
0,Low,2.0,0,0.0,Male,Greater than 45,8586,M,0,0.0,624.0,African-American,2.0,52.0,1
0,low,1.0,0,0.0,Male,Greater than 45,7410,F,0,0.0,600.0,Caucasian,1.0,50.0,2
0,High,4.0,0,2.0,Male,25 - 45,3168,F,1,2.0,300.0,African-American,4.0,25.0,10
0,Medium,-,0,0.0,Male,25 - 45,3087,F,1,0.0,372.0,African-American,-,31.0,7
0,Low,5.0,0,0.0,Male,25 - 45,10115,F,0,0.0,420.0,African-American,5.0,35.0,2
0,Low,0.0,0,0.0,Male,25 - 45,1220,F,0,0.0,468.0,African American,0.0,39.0,3
0,Low,0.0,0,0.0,Female,Less than 25,4665,M,0,0.0,252.0,African American,0.0,21.0,4
0,Medium,6.0,0,2.0,Male,25 - 45,10307,F,0,2.0,372.0,African-American,6.0,31.0,6
0,Low,0.0,0,0.0,Male,Less than 25,8465,F,0,0.0,252.0,African-American,0.0,21.0,4
0,Low,0.0,0,0.0, Male,Less than 25,804,,1,0.0,240.0,African-American,0.0,20.0,4
0,Low,0.0,0,0.0,Male,25 - 45,3529,F,0,0.0,372.0,Hispanic,0.0,31.0,1
0,Low,0.0,0,0.0,Male,25 - 45,6621,F,1,0.0,324.0,Hispanic,0.0,27.0,2
0,Low,1.0,0,0.0,Male,Less than 25,6741,,0,0.0,252.0,African-American,1.0,21.0,4
0,Low,1.0,0,0.0,Male,Greater than 45,8967,M,0,0.0,768.0,Hispanic,1.0,64.0,1
0,Low,4.0,0,0.0,Male,25 - 45,8696,f,0,0.0,420.0,Caucasian,4.0,35.0,2
0,Low,2.0,0,0.0,Male,25 - 45,4603,F,0,0.0,468.0,African-American,2.0,39.0,3
0,Low,0.0,0,0.0,Male,25 - 45,417,F,0,0.0,516.0,African-American,0.0,43.0,1
0,Low,0.0,0,0.0,Male,Less than 25,8879,F,0,,252.0,African-American,0.0,21.0,4
1,High,11.0,0,1.0,Male,25 - 45,8626,F,1,0.0,348.0,Caucasian,11.0,29.0,8
0,Low,0.0,0,0.0,male,25 - 45,4402,M,0,0.0,504.0,Hispanic,0.0,42.0,1
1,Medium,0.0,0,1.0,Female,Less than 25,8715,M,1,0.0,240.0,African-American,0.0,20.0,7
0,low,0.0,0,0.0,Female,25 - 45,1422,M,1,0.0,324.0,Hispanic,0.0,27.0,2
0,High,23.0,0,1.0,Male,Greater than 45,590,F,1,1.0,576.0,Caucasian,23.0,48.0,8
0,High,8.0,0,0.0,Male,25 - 45,4248,F,1,0.0,396.0,Hispanic,8.0,33.0,9
0,LOW,11.0,0,0.0,Male,25 - 45,1015,F,0,0.0,444.0,African-American,11.0,37.0,4
0,High,3.0,0,0.0,Male,Less than 25,2233,F,1,0.0,288.0,Caucasian,3.0,24.0,8
0,Low,5.0,0,0.0,Male,25 - 45,8279,F,0,0.0,396.0,Other,5.0,33.0,3
0,High,11.0,1,1.0,Male,25 - 45,5379,F,0,0.0,324.0,African-American,11.0,27.0,8
0,Low,20.0,0,0.0,Male,Greater than 45,764,F,0,0.0,624.0,Hispanic,20.0,52.0,3
0,Medium,10.0,0,0.0,Male,25 - 45,4498,F,1,0.0,312.0,Caucasian,10.0,26.0,7
0,Low,1.0,0,0.0,Male,25 - 45,5717,M,1,0.0,396.0,African-American,1.0,33.0,1
0,Low,0.0,0,0.0,Female,25 - 45,7025,M,1,0.0,384.0,African-American,0.0,32.0,1
0,High,1.0,0,1.0,Male,Less than 25,5990,F,1,1.0,252.0,Hispanic,1.0,21.0,8
0,Low,2.0,0,0.0,Male,Greater than 45,712,M,0,0.0,648.0,African-American,2.0,54.0,1
0,Low,2.0,0,0.0,Male,25 - 45,4982,M,0,0.0,456.0,Caucasian,2.0,38.0,1
0,Low,3.0,0,0.0,Male,25 - 45,6266,M,0,0.0,528.0,African-American,3.0,44.0,3
0,Low,1.0,0,0.0,Male,Less than 25,3470,F,1,0.0,276.0,African-American,1.0,23.0,2
0,medium,2.0,0,1.0,Male,25 - 45,2226,M,1,1.0,372.0,Caucasian,2.0,31.0,6
0,High,7.0,0,0.0,Male,25 - 45,8492,F,1,0.0,312.0,African-American,7.0,26.0,10
0,Medium,3.0,0,0.0,Male,25 - 45,8081,F,1,0.0,396.0,Caucasian,3.0,33.0,7
2,Medium,4.0,2,4.0,MALE,Less than 25,8598,F,1,0.0,276.0,African-American,4.0,23.0,7
0,Low,0.0,0,0.0,Male,25 - 45,6931,M,0,0.0,372.0,African-American,0.0,31.0,2
0,High,23.0,0,0.0,Male,25 - 45,1000,F,1,0.0,372.0,African-American,23.0,31.0,10
0,Medium,6.0,0,0.0,Female,Less than 25,2939,M,0,0.0,288.0,African-American,6.0,24.0,6
0,Low,1.0,0,0.0,Male,25 - 45,9200,F,0,0.0,468.0,Other,1.0,39.0,4
0,High,0.0,0,0.0,Male,Less than 25,7977,M,0,0.0,252.0,African-American,0.0,21.0,9
0,Low,1.0,0,0.0,Male,Greater than 45,6424,m,0,0.0,540.0,Hispanic,1.0,45.0,1
0,Low,2.0,0,0.0,Male,Greater than 45,8230,M,0,0.0,672.0,Caucasian,2.0,56.0,3
0,Medium,,0,0.0,Male,Greater than 45,5114,F,1,0.0,600.0,Caucasian,,50.0,7
0,Medium,2.0,0,0.0,Male,Less than 25,8053,,1,0.0,252.0,African-American,2.0,21.0,7
0,Low,0.0,0,0.0,Male,Less than 25,3120,F,1,0.0,252.0,Hispanic,0.0,21.0,4
0,Medium,3.0,0,0.0,Male,Less than 25,2762,F,1,0.0,252.0,African-American,3.0,21.0,7
0,Low,0.0,0,0.0,Male,25 - 45,6959,Felony,0,0.0,336.0,Hispanic,0.0,28.0,4
0,Low,1.0,0,0.0,Male,Greater than 45,3040,F,0,0.0,672.0,African-American,1.0,56.0,1
0,Medium,1.0,0,0.0,Male,Less than 25,5411,F,1,0.0,252.0,African-American,1.0,21.0,6
0,High,,0,0.0,Male,Greater than 45,7900,Felony,1,0.0,684.0,African-American,,57.0,9
0,Medium,11.0,0,0.0,Male,25 - 45,5583,M,1,0.0,,African-American,11.0,,7
0,Low,0.0,0,0.0,Female,25 - 45,10462,f,0,0.0,408.0,Caucasian,0.0,34.0,3
0,Medium,0.0,0,0.0,Female,Less than 25,5094,M,0,0.0,288.0,African-American,0.0,24.0,5
0,High,0.0,0,0.0,Male,Less than 25,6650,M,1,0.0,288.0,African-American,0.0,24.0,8
0,Low,1.0,0,0.0,Female,Greater than 45,19,F,1,,564.0,Caucasian,1.0,47.0,1
0,High,1.0,0,0.0,Male,25 - 45,8622,F,1,0.0,312.0,African-American,1.0,26.0,8
0,Low,5.0,1,1.0,Male,25 - 45,6695,F,0,0.0,384.0,African-American,5.0,32.0,4
0,Low,2.0,0,0.0,Male,25 - 45,10733,F,1,0.0,336.0,African-American,2.0,28.0,2
0,Low,0.0,0,0.0,Male,Less than 25,8517,M,1,0.0,276.0,African-American,0.0,23.0,3
0,Low,2.0,0,0.0,Male,25 - 45,10429,M,1,0.0,324.0,Other,2.0,27.0,2
0,MEDIUM,21.0,0,0.0,Male,Greater than 45,9351,F,0,0.0,648.0,African-American,21.0,54.0,6
0,low,0.0,0,0.0,MALE,25 - 45,7817,Misdemeanor,0,0.0,324.0,Hispanic,0.0,27.0,2
0,Low,1.0,0,0.0,Female,Greater than 45,1916,F,0,0.0,648.0,Caucasian,1.0,54.0,2
0,LOW,8.0,0,0.0,Male,Greater than 45,3009,M,0,0.0,672.0,Hispanic,8.0,56.0,4
0,Medium,1.0,0,0.0,Male,Less than 25,434,,1,,228.0,-,1.0,19.0,5
0,Medium,6.0,1,1.0,FEMALE,25 - 45,2411,Felony,0,0.0,468.0,African-American,6.0,39.0,5
0,Low,0.0,0,0.0,Female,Less than 25,888,M,0,0.0,264.0,Caucasian,0.0,22.0,3
0,High,0.0,0,0.0,Male,Less than 25,10505,F,0,0.0,252.0,African-American,0.0,21.0,9
0,Medium,1.0,0,0.0,Male,Less than 25,8957,M,1,0.0,264.0,African-American,1.0,22.0,7
0,Medium,2.0,1,1.0,Male,Less than 25,5748,F,1,0.0,276.0,African-American,2.0,23.0,6
0,High,2.0,0,0.0,Male,25 - 45,1875,M,1,0.0,360.0,Caucasian,2.0,30.0,8
0,Low,0.0,0,0.0,Male,Less than 25,6911,M,1,0.0,240.0,Hispanic,0.0,20.0,4
0,Low,1.0,0,0.0,male,25 - 45,6475,m,0,0.0,516.0,African-American,1.0,43.0,1
0,High,5.0,0,0.0,Male,25 - 45,2753,F,1,0.0,324.0,African-American,5.0,27.0,9
0,High,10.0,1,1.0,Male,25 - 45,4084,F,0,0.0,360.0,African-American,10.0,30.0,9
0,Low,5.0,0,0.0,Female,Greater than 45,3888,F,0,0.0,600.0,African-American,5.0,50.0,2
0,High,0.0,0,0.0,Male,Less than 25,4911,,0,0.0,288.0,-,0.0,24.0,9
0,Low,,0,0.0,Female,Greater than 45,4435,F,0,0.0,576.0,Other,,48.0,1
1,High,19.0,0,1.0,Male,Greater than 45,5556,F,1,0.0,564.0,African-American,19.0,47.0,8
0,Low,1.0,0,0.0,Male,25 - 45,2586,F,0,0.0,480.0,Caucasian,1.0,40.0,1
0,Low,2.0,0,0.0,Female,Greater than 45,4951,M,0,0.0,612.0,hispanic,2.0,51.0,1
0,High,9.0,0,0.0,Male,25 - 45,41,F,1,0.0,360.0,Caucasian,9.0,30.0,9
0,Low,,0,0.0,Male,Greater than 45,2165,M,1,0.0,636.0,African-American,,53.0,1
0,Low,6.0,0,0.0,Female,25 - 45,790,f,0,0.0,408.0,African-American,6.0,34.0,4
0,Low,N/A,0,0.0,Male,25 - 45,8137,F,0,0.0,408.0,African-American,N/A,34.0,1
0,Medium,10.0,0,0.0,Male,25 - 45,1900,F,1,0.0,360.0,Caucasian,10.0,30.0,5
0,Low,1.0,0,0.0,Male,Greater than 45,2892,F,0,0.0,696.0,African-American,1.0,58.0,1
0,Medium,2.0,0,1.0,Male,Less than 25,3847,,1,1.0,264.0,African-American,2.0,22.0,7
0,Medium,7.0,0,0.0,Male,Greater than 45,5339,Felony,1,0.0,552.0,Caucasian,7.0,46.0,6
0,Medium,0.0,0,0.0,male,Less than 25,1077,F,1,0.0,276.0,African-American,0.0,23.0,5
0,High,17.0,0,0.0,Male,25 - 45,4701,F,0,0.0,456.0,Caucasian,17.0,38.0,10
0,Medium,0.0,0,0.0,Female,25 - 45,4443,F,0,0.0,336.0,Caucasian,0.0,28.0,5
0,Low,,0,0.0,Female,Greater than 45,3232,F,0,0.0,552.0,African-American,,46.0,1
0,Low,2.0,0,0.0,Male,25 - 45,5929,F,1,,312.0,Caucasian,2.0,26.0,2
0,Low,9.0,0,0.0,Male,25 - 45,4797,F,0,0.0,396.0,Caucasian,9.0,33.0,4
0,High,5.0,0,0.0,MALE,25 - 45,4303,F,0,0.0,300.0,African-American,5.0,25.0,8
0,Low,0.0,0,0.0,Male,25 - 45,7218,M,0,0.0,372.0,African-American,0.0,31.0,4
0,Medium,1.0,0,0.0,Male,Less than 25,7384,F,0,0.0,276.0,African-American,1.0,23.0,7
0,Medium,4.0,0,0.0,Female,25 - 45,10962,M,1,0.0,432.0,Caucasian,4.0,36.0,6
0,Low,0.0,0,0.0,male,25 - 45,8627,m,0,0.0,372.0,African-American,0.0,31.0,4
0,Medium,0.0,0,0.0,Male,Greater than 45,7109,F,0,0.0,660.0,Caucasian,0.0,55.0,5
1,High,1.0,0,2.0,Male,Less than 25,2146,F,1,1.0,240.0,African-American,1.0,20.0,10
1,High,3.0,0,1.0,Male,Less than 25,9094,F,1,0.0,288.0,African-American,3.0,24.0,8
0,Medium,4.0,0,0.0,Male,25 - 45,1280,M,1,0.0,312.0,Caucasian,4.0,26.0,7
0,Low,1.0,0,0.0,Male,25 - 45,10980,F,0,0.0,336.0,African-American,1.0,28.0,2
0,Low,0.0,0,0.0,Male,Greater than 45,2484,M,0,0.0,600.0,Caucasian,0.0,50.0,1
0,Low,1.0,0,0.0,Male,25 - 45,2180,F,1,0.0,468.0,Other,1.0,39.0,2
0,Low,,0,0.0,Male,Greater than 45,2179,M,0,0.0,648.0,African-American,,54.0,1
0,Medium,1.0,0,0.0,Male,Less than 25,7235,F,0,0.0,252.0,Caucasian,1.0,21.0,6
0,High,3.0,0,0.0,Female,Less than 25,6665,F,0,0.0,288.0,African-American,3.0,24.0,8
0,low,,0,0.0,Male,Greater than 45,4104,F,1,0.0,660.0,African-American,,55.0,1
0,High,2.0,0,0.0,n/a,25 - 45,229,F,1,0.0,324.0,African-American,2.0,27.0,9
1,Medium,1.0,0,1.0,Male,Less than 25,3464,F,1,0.0,288.0,Caucasian,1.0,24.0,5
0,Low,1.0,0,0.0,Male,25 - 45,8762,F,0,0.0,516.0,Caucasian,1.0,43.0,1
2,High,6.0,0,2.0,Male,Less than 25,8867,F,0,0.0,288.0,-,6.0,24.0,10
0,Medium,7.0,0,0.0,Male,25 - 45,8361,F,0,0.0,444.0,African American,7.0,37.0,7
0,Low,,0,0.0,Male,Greater than 45,4952,M,1,0.0,684.0,African-American,,57.0,4
0,Medium,12.0,0,0.0,Female,25 - 45,3448,F,1,0.0,420.0,African-American,12.0,35.0,7
0,MEDIUM,0.0,0,0.0,Male,25 - 45,5881,F,0,0.0,300.0,African-American,0.0,25.0,5
0,Low,0.0,0,0.0,?,25 - 45,6923,F,0,0.0,372.0,African-American,0.0,31.0,3
0,Low,0.0,0,0.0,Male,25 - 45,5140,M,1,0.0,300.0,AFRICAN-AMERICAN,0.0,25.0,1
0,Medium,2.0,0,0.0,Female,Less than 25,10494,M,1,0.0,276.0,African-American,2.0,23.0,7
0,Medium,5.0,0,0.0,Male,25 - 45,1717,F,1,0.0,420.0,African-American,5.0,35.0,6
0,Medium,4.0,0,0.0,Male,Greater than 45,2471,F,0,0.0,540.0,Hispanic,4.0,45.0,6
0,Low,0.0,0,0.0,Male,25 - 45,6786,F,0,0.0,492.0,Hispanic,0.0,41.0,3
0,High,1.0,0,1.0,Male,Less than 25,9322,,1,1.0,240.0,African American,1.0,20.0,10
0,Low,2.0,0,0.0,Male,Greater than 45,8560,M,0,0.0,564.0,?,2.0,47.0,1
0,Low,5.0,0,0.0,Male,25 - 45,6178,M,0,0.0,324.0,Caucasian,5.0,27.0,4
0,Low,0.0,0,0.0,MALE,25 - 45,5012,M,0,0.0,348.0,caucasian,0.0,29.0,1
0,High,2.0,0,0.0,Female,Less than 25,9628,,1,0.0,252.0,African-American,2.0,21.0,10
0,High,19.0,0,2.0,Male,25 - 45,2782,M,1,2.0,528.0,African-American,19.0,44.0,9
0,Low,1.0,0,0.0,Male,25 - 45,3064,M,0,0.0,504.0,Caucasian,1.0,42.0,1
0,Medium,16.0,0,0.0,Male,Greater than 45,7272,F,0,0.0,672.0,African American,16.0,56.0,5
0,Low,1.0,0,0.0,Male,Less than 25,151,M,1,0.0,228.0,African-American,1.0,19.0,4
0,Low,6.0,0,0.0,Male,25 - 45,7226,Felony,1,0.0,516.0,Caucasian,6.0,43.0,4
0,Low,1.0,0,0.0,Male,Greater than 45,3585,M,1,0.0,648.0,Caucasian,1.0,54.0,1
0,MEDIUM,1.0,0,0.0,Male,25 - 45,1665,M,0,0.0,408.0,African-American,1.0,34.0,6
0,Low,,0,0.0,Female,Greater than 45,8950,M,0,0.0,576.0,Other,,48.0,1
0,low,0.0,0,0.0,FEMALE,Greater than 45,6591,F,0,0.0,780.0,African-American,0.0,65.0,1
0,Low,3.0,0,0.0,Male,25 - 45,1781,M,0,0.0,396.0,Caucasian,3.0,33.0,3
0,Low,0.0,0,0.0,Male,Greater than 45,10029,F,0,0.0,648.0,Caucasian,0.0,54.0,1
0,Low,,0,0.0,Male,Greater than 45,9159,F,1,0.0,600.0,Caucasian,,50.0,2
0,Low,1.0,0,0.0,Male,Greater than 45,2415,M,0,0.0,576.0,Hispanic,1.0,48.0,1
0,High,0.0,0,0.0,Male,Less than 25,4660,F,0,0.0,252.0,African-American,0.0,21.0,8
0,HIGH,22.0,0,0.0,Male,25 - 45,9157,F,1,0.0,420.0,African-American,22.0,35.0,10
0,High,0.0,0,0.0,Male,Less than 25,10010,F,1,0.0,,African-American,0.0,,9
0,Low,9.0,0,0.0,Male,25 - 45,4378,M,1,0.0,432.0,Caucasian,9.0,36.0,4
0,Low,0.0,0,0.0,Male,25 - 45,10729,F,1,0.0,396.0,African-American,0.0,33.0,1
0,Low,0.0,0,0.0,Male,25 - 45,1252,F,0,0.0,396.0,Other,0.0,33.0,1
4,High,13.0,0,5.0,Male,25 - 45,67,F,1,1.0,420.0,African-American,13.0,35.0,8
0,Medium,2.0,0,0.0, Male,25 - 45,2208,F,1,0.0,384.0,African-American,2.0,32.0,7
0,Medium,0.0,0,0.0,Male,Less than 25,4348,F,1,0.0,288.0,African-American,0.0,24.0,6
0,High,2.0,1,1.0,Female,Less than 25,9963,,0,0.0,252.0,African-American,2.0,21.0,9
0,Medium,3.0,0,0.0,Female,25 - 45,3858,F,1,0.0,396.0,African-American,3.0,33.0,6
0,Low,1.0,0,0.0,Male,25 - 45,3757,F,1,0.0,444.0,Caucasian,1.0,37.0,2
0,Low,0.0,0,0.0,Male,Greater than 45,9216,M,0,0.0,792.0,Caucasian,0.0,66.0,1
0,Low,1.0,0,0.0,Male,25 - 45,10628,M,1,0.0,360.0,Other,1.0,30.0,2
0,Medium,21.0,0,0.0,Female,Greater than 45,2890,f,1,0.0,624.0,African-American,21.0,52.0,7
0,Low,6.0,0,0.0,Male,Greater than 45,7476,Misdemeanor,0,0.0,816.0,African-American,6.0,68.0,4
0,Low,0.0,0,0.0,Male,25 - 45,3536,F,1,0.0,300.0,Caucasian,0.0,25.0,2
0,Low,2.0,0,0.0,MALE,Greater than 45,259,Misdemeanor,0,0.0,,hispanic,2.0,,1
0,Low,1.0,0,0.0, Male,Greater than 45,4437,M,0,0.0,852.0,Caucasian,1.0,71.0,1
0,High,8.0,0,0.0,Male,25 - 45,7427,M,0,0.0,324.0,African-American,8.0,27.0,8
0,Low,1.0,0,0.0,Male,Less than 25,3995,F,1,0.0,288.0, African-American,1.0,24.0,3
0,Medium,,0,0.0,FEMALE,Less than 25,10035,F,0,0.0,636.0,African-American,,53.0,5
0,Low,0.0,0,0.0, Male,25 - 45,1473,M,1,0.0,312.0,African-American,0.0,26.0,4
0,Low,0.0,0,0.0,Female,Less than 25,28,f,0,0.0,252.0,Caucasian,0.0,21.0,4
0,Low,1.0,0,0.0,Male,25 - 45,2094,M,0,0.0,420.0,african-american,1.0,35.0,4
0,High,16.0,0,0.0,Male,25 - 45,8401,F,1,0.0,468.0,Caucasian,16.0,39.0,9
0,Medium,1.0,0,0.0,n/a,25 - 45,9918,M,0,0.0,408.0,Caucasian,1.0,34.0,5
0,Low,,0,0.0,Male,Greater than 45,5318,F,1,0.0,624.0,Hispanic,,52.0,3
0,Medium,1.0,0,0.0,Male,Less than 25,5857,F,0,0.0,288.0,African-American,1.0,24.0,7
1,Low,0.0,0,1.0,Male,25 - 45,2163,F,0,0.0,408.0,Caucasian,0.0,34.0,2
0,Low,1.0,0,0.0,Male,Greater than 45,10548,F,0,0.0,612.0,Caucasian,1.0,51.0,1
0,Medium,0.0,0,0.0,Male,25 - 45,757,F,0,0.0,456.0,African-American,0.0,38.0,5
0,Low,0.0,0,0.0,Male,Greater than 45,10709,M,0,0.0,888.0,Caucasian,0.0,74.0,1
0,High,7.0,0,0.0,Male,25 - 45,9786,F,1,0.0,312.0,African-American,7.0,26.0,10
1,Medium,3.0,0,1.0,Male,25 - 45,7079,F,0,0.0,300.0,Caucasian,3.0,25.0,7
0,Low,2.0,0,0.0,Male,25 - 45,6382,F,0,0.0,336.0,African-American,2.0,28.0,2
0,Low,1.0,0,0.0,Male,25 - 45,5757,M,0,0.0,336.0,African-American,1.0,28.0,2
0,medium,0.0,0,0.0,Male,Less than 25,1914,F,0,0.0,264.0,African-American,0.0,22.0,5
0,Low,3.0,0,0.0,Female,25 - 45,372,F,0,0.0,480.0,Other,3.0,40.0,2
0,Medium,0.0,0,0.0,Male,25 - 45,5849,M,0,0.0,348.0,African-American,0.0,29.0,6
0,High,2.0,0,0.0,Male,Less than 25,8974,F,0,0.0,264.0,African-American,2.0,22.0,8
0,Medium,1.0,0,0.0,Female,25 - 45,2575,F,1,0.0,408.0,Caucasian,1.0,34.0,6
0,Medium,0.0,0,0.0,Female,Less than 25,6996,M,1,0.0,252.0,African-American,0.0,21.0,5
0,Medium,1.0,0,0.0,Male,25 - 45,5685,M,0,0.0,456.0,Hispanic,1.0,38.0,5
0,MEDIUM,0.0,0,0.0,Male,Greater than 45,3441,F,1,0.0,588.0,Caucasian,0.0,49.0,7
0,Medium,2.0,0,0.0,Male,Less than 25,552,M,1,0.0,264.0,Caucasian,2.0,22.0,6
0,Medium,3.0,0,0.0,Male,25 - 45,6116,F,1,0.0,312.0,African-American,3.0,26.0,6
0,Low,0.0,0,0.0,Male,25 - 45,4719,M,0,0.0,348.0,Caucasian,0.0,29.0,1
0,Low,2.0,0,0.0,Female,25 - 45,4064,F,0,0.0,396.0,?,2.0,33.0,4
0,Low,2.0,0,0.0,Female,Greater than 45,2201,Felony,0,0.0,720.0,Caucasian,2.0,60.0,1
0,Low,0.0,0,0.0,Male,25 - 45,6929,F,0,0.0,468.0,Caucasian,0.0,39.0,3
0,Medium,0.0,0,0.0,Male,Less than 25,5131,F,1,0.0,240.0,African-American,0.0,20.0,5
0,Low,0.0,0,0.0,Female,25 - 45,6919,F,1,0.0,324.0,African-American,0.0,27.0,3
1,High,3.0,1,2.0,Male,25 - 45,1255,F,1,0.0,300.0,African-American,3.0,25.0,8
0,Medium,0.0,0,0.0,Male,Less than 25,6659,F,0,0.0,252.0,African-American,0.0,21.0,7
0,Low,2.0,0,0.0,Male,Greater than 45,2223,F,0,0.0,612.0,Other,2.0,51.0,1
0,Low,0.0,0,0.0,Female,25 - 45,9690,M,0,0.0,312.0,African-American,0.0,26.0,2
0,Low,2.0,0,0.0,Male,Greater than 45,7679,M,1,0.0,696.0,caucasian,2.0,58.0,3
0,High,1.0,0,0.0,Male,25 - 45,5687,F,1,0.0,396.0,Caucasian,1.0,33.0,8
0,Low,0.0,0,0.0,Female,Less than 25,10754,M,0,0.0,264.0,Hispanic,0.0,22.0,4
0,Low,0.0,0,0.0,Male,Less than 25,630,F,0,0.0,264.0,Caucasian,0.0,22.0,3
1,Medium,1.0,0,1.0,Male,25 - 45,9541,F,1,0.0,300.0,African-American,1.0,25.0,5
0,high,0.0,0,0.0,Male,Less than 25,1879,F,0,0.0,264.0,African-American,0.0,22.0,9
0,Low,0.0,0,0.0,Male,Greater than 45,8060,F,0,0.0,744.0,Caucasian,0.0,62.0,1
0,High,17.0,0,0.0,Male,25 - 45,6099,F,1,0.0,396.0,African-American,17.0,33.0,10
0,High,9.0,1,2.0,n/a,25 - 45,223,F,1,1.0,456.0,African-American,9.0,38.0,8
0,Medium,,0,0.0,Male,Greater than 45,1800,M,0,0.0,600.0,African-American,,50.0,5
0,Low,,0,0.0,Male,Greater than 45,7276,M,0,0.0,816.0,Caucasian,,68.0,1
0,Low,1.0,0,0.0,Male,Greater than 45,6765,F,0,0.0,732.0,Hispanic,1.0,61.0,1
0,Low,1.0,0,0.0,Male,Greater than 45,1692,M,0,0.0,552.0,Caucasian,1.0,46.0,1
1,High,0.0,0,1.0,Male,Less than 25,5485,f,1,0.0,264.0,African-American,0.0,22.0,8
0,Low,3.0,0,0.0,Female,25 - 45,6651,M,0,0.0,,African-American,3.0,,4
0,Medium,0.0,0,0.0,Male,25 - 45,8657,F,1,0.0,384.0,Caucasian,0.0,32.0,6
0,High,14.0,4,4.0,Male,Less than 25,5550,F,1,0.0,288.0,AFRICAN-AMERICAN,14.0,24.0,10
0,Low,3.0,0,0.0,Male,25 - 45,2310,F,0,0.0,336.0,african-american,3.0,28.0,2
0,Low,1.0,0,0.0,Male,Less than 25,1907,F,1,0.0,264.0,African-American,1.0,22.0,3
0,Low,,0,0.0,Male,Greater than 45,9125,M,1,0.0,612.0,Caucasian,,51.0,2
3,High,10.0,0,3.0,MALE,25 - 45,8328,M,1,0.0,312.0,Caucasian,10.0,26.0,8
0,Medium,2.0,0,0.0,Male,25 - 45,3745,F,1,0.0,324.0,Caucasian,2.0,27.0,6
0,Medium,9.0,0,0.0,Male,25 - 45,8723,F,0,0.0,444.0,Hispanic,9.0,37.0,5
0,Medium,17.0,1,7.0,Male,25 - 45,4977,F,1,6.0,468.0,Caucasian,17.0,39.0,7
0,Medium,1.0,0,0.0,Male,Less than 25,5811,F,1,0.0,264.0,African American,1.0,22.0,7
0,High,2.0,0,0.0, Male,Less than 25,6782,f,0,0.0,288.0,Hispanic,2.0,24.0,8
1,Low,0.0,0,1.0,FEMALE,25 - 45,9269,M,0,0.0,300.0,African-American,0.0,25.0,2
0,Low,1.0,0,0.0,Male,25 - 45,814,F,1,0.0,384.0,Caucasian,1.0,32.0,1
0,Medium,4.0,0,0.0,Female,Greater than 45,1630,F,0,0.0,588.0,Caucasian,4.0,49.0,5
0,Low,0.0,0,0.0,Female ,25 - 45,10370,F,0,0.0,312.0,Caucasian,0.0,26.0,3
0,Low,2.0,0,0.0,Male,Greater than 45,10971,F,0,0.0,804.0,Caucasian,2.0,67.0,2
0,High,4.0,0,0.0,Male,25 - 45,42,F,1,0.0,384.0,African-American,4.0,32.0,8
0,Low,0.0,0,0.0,Male,25 - 45,5249,F,0,,336.0,African-American,0.0,28.0,4
0,Medium,-,0,1.0,Male,25 - 45,6998,F,1,1.0,312.0,Hispanic,-,26.0,5
0,Low,0.0,0,0.0,FEMALE,25 - 45,2898,M,0,0.0,372.0,Caucasian,0.0,31.0,3
0,High,9.0,2,3.0,Male,25 - 45,5460,F,1,1.0,300.0,African-American,9.0,25.0,9
0,Low,2.0,0,0.0,Male,Greater than 45,8063,F,0,0.0,552.0,Caucasian,2.0,46.0,2
0,Low,0.0,0,0.0,Male,25 - 45,7985,F,0,0.0,420.0,African-American,0.0,35.0,4
0,High,6.0,0,0.0, Male,25 - 45,945,M,0,0.0,312.0,African-American,6.0,26.0,8
0,Medium,2.0,0,0.0,Male,25 - 45,6760,F,0,0.0,396.0,African-American,2.0,33.0,7
0,High,2.0,0,0.0,Male,25 - 45,287,M,1,0.0,444.0,African-American,2.0,37.0,9
0,High,9.0,0,0.0,Male,25 - 45,1305,M,0,0.0,432.0,African-American,9.0,36.0,8
0,Medium,11.0,0,0.0,Male,25 - 45,10558,F,1,0.0,432.0,African-American,11.0,36.0,6
0,Medium,0.0,0,0.0,Male,25 - 45,6606,F,0,0.0,516.0,African-American,0.0,43.0,5
0,Medium,0.0,0,0.0,Male,25 - 45,7973,M,0,0.0,300.0,African-American,0.0,25.0,6
2,Medium,6.0,0,2.0,n/a,25 - 45,8651,M,1,0.0,300.0,African-American,6.0,25.0,7
0,medium,0.0,0,0.0,Female,Less than 25,9885,,0,0.0,264.0,African-American,0.0,22.0,7
0,Medium,0.0,0,0.0,Male,25 - 45,6153,M,0,0.0,348.0,African-American,0.0,29.0,5
0,Medium,5.0,0,0.0,Male,25 - 45,5987,F,1,0.0,396.0,Caucasian,5.0,33.0,6
0,Low,2.0,0,0.0,Male,Greater than 45,8373,M,0,0.0,792.0,Caucasian,2.0,66.0,3
1,Low,13.0,0,5.0,Male,25 - 45,6794,f,1,4.0,300.0,CAUCASIAN,13.0,25.0,4
0,Low,0.0,0,0.0,Female,25 - 45,222,M,0,0.0,516.0,Caucasian,0.0,43.0,1
0,Low,4.0,0,0.0,MALE,25 - 45,390,F,0,0.0,324.0,African-American,4.0,27.0,4
0,Medium,4.0,0,0.0,Female,25 - 45,6847,F,0,0.0,336.0,African-American,4.0,28.0,7
0,Low,10.0,0,0.0,Male,Greater than 45,1638,F,1,0.0,540.0,African-American,10.0,45.0,3
0,Low,0.0,0,0.0,Female,25 - 45,7142,F,0,,396.0,Other,0.0,33.0,2
0,Medium,2.0,0,0.0,Male,25 - 45,3824,M,1,0.0,324.0,African-American,2.0,27.0,5
0,Medium,8.0,0,0.0,Male,Greater than 45,403,F,1,0.0,792.0,African-American,8.0,66.0,6
0,Low,0.0,0,0.0,male,25 - 45,1590,M,1,0.0,516.0,African-American,0.0,43.0,1
0,Low,1.0,0,0.0,Male,25 - 45,7656,F,0,0.0,312.0,Hispanic,1.0,26.0,2
0,Low,0.0,0,0.0,Male,Less than 25,2926,F,1,0.0,276.0,African-American,0.0,23.0,3
1,Medium,1.0,0,1.0,Male,Less than 25,1531,F,1,0.0,252.0,Hispanic,1.0,21.0,5
0,Low,0.0,0,0.0,Female,25 - 45,5762,M,1,0.0,396.0,Caucasian,0.0,33.0,1
0,High,5.0,0,0.0,Male,25 - 45,6426,M,1,0.0,360.0,Other,5.0,30.0,8
0,Medium,0.0,0,0.0,Male,Less than 25,4010,F,0,0.0,240.0,African-American,0.0,20.0,6
0,High,0.0,0,0.0,Male,25 - 45,9165,F,0,0.0,312.0,African-American,0.0,26.0,9
0,Low,2.0,0,0.0,Male,25 - 45,316,M,0,0.0,324.0,Caucasian,2.0,27.0,4
0,Low,2.0,0,0.0,Male,25 - 45,3504,M,0,0.0,312.0,African-American,2.0,26.0,4
0,Medium,7.0,0,0.0,Male,25 - 45,2634,F,1,0.0,312.0,Caucasian,7.0,26.0,6
0,Low,0.0,0,0.0,Male,25 - 45,8676,F,0,0.0,420.0,African-American,0.0,35.0,3
0,Low,2.0,0,0.0,Female,25 - 45,3423,F,0,0.0,396.0,Caucasian,2.0,33.0,2
0,Low,2.0,0,0.0,Male,25 - 45,8355,f,0,0.0,336.0,African-American,2.0,28.0,4
0,Low,1.0,0,0.0,male,Less than 25,879,F,0,0.0,288.0,Caucasian,1.0,24.0,4
0,Low,-,0,0.0,Female,25 - 45,1699,F,0,0.0,,Caucasian,-,,2
0,Low,1.0,0,0.0,Male,25 - 45,7659,F,0,0.0,396.0,Caucasian,1.0,33.0,4
0,Low,1.0,0,0.0,Male,Greater than 45,10413,M,0,0.0,,African-American,1.0,,1
0,Low,1.0,0,0.0,Male,25 - 45,3381,M,1,0.0,348.0,African-American,1.0,29.0,2
0,Low,6.0,0,0.0,MALE,Greater than 45,6062,F,0,0.0,684.0,Caucasian,6.0,57.0,2
0,High,0.0,0,0.0,Male,Less than 25,4297,F,1,0.0,240.0,Caucasian,0.0,20.0,9
0,High,2.0,0,0.0,Female,Greater than 45,1076,F,0,0.0,552.0,Caucasian,2.0,46.0,8
0,low,4.0,0,0.0,Male,25 - 45,7130,F,1,0.0,480.0,CAUCASIAN,4.0,40.0,3
0,Low,0.0,0,0.0,Male,Greater than 45,9258,M,0,0.0,540.0,Caucasian,0.0,45.0,1
0,LOW,2.0,0,0.0,Male,Less than 25,10076,Felony,0,0.0,252.0,African-American,2.0,21.0,4
0,low,0.0,0,0.0,Male,Greater than 45,8954,M,0,0.0,552.0,Caucasian,0.0,46.0,1
0,Low,3.0,0,0.0, Male,25 - 45,2079,M,0,0.0,420.0,African-American,3.0,35.0,2
0,Low,5.0,0,0.0,Female,25 - 45,6508,F,0,0.0,,African-American,5.0,,3
0,Low,0.0,0,0.0,Female,25 - 45,3301,M,0,0.0,360.0,African-American,0.0,30.0,2
0,Medium,4.0,0,0.0,Male,Less than 25,8446,F,1,0.0,288.0,Asian,4.0,24.0,6
0,High,7.0,0,0.0,Male,25 - 45,3506,M,0,,312.0,African-American,7.0,26.0,8
0,Low,0.0,0,0.0,Male,Less than 25,4910,M,1,0.0,288.0,Caucasian,0.0,24.0,4
0,High,14.0,0,0.0,Male,Greater than 45,3966,F,1,0.0,708.0,African-American,14.0,59.0,8
0,Low,0.0,0,0.0,Female,25 - 45,465,F,0,0.0,504.0,Caucasian,0.0,42.0,2
0,Low,1.0,0,0.0,Male,25 - 45,6926,F,1,0.0,372.0,Caucasian,1.0,31.0,3
0,Low,3.0,0,0.0,Male,Greater than 45,7462,Misdemeanor,1,0.0,636.0,Caucasian,3.0,53.0,2
0,Low,,0,0.0,Female,Greater than 45,8778,M,0,0.0,888.0,Caucasian,,74.0,1
0,Low,2.0,0,0.0,Male,Greater than 45,4804,F,0,0.0,,Hispanic,2.0,,1
0,Medium,7.0,0,0.0, Male,25 - 45,2749,M,0,0.0,504.0,African-American,7.0,42.0,5
0,Medium,1.0,0,0.0,Male,25 - 45,7745,F,0,0.0,408.0,Caucasian,1.0,34.0,7
0,Medium,4.0,0,0.0,Male,Less than 25,7103,F,0,0.0,288.0,Other,4.0,24.0,5
0,medium,2.0,0,0.0,Female,25 - 45,2380,M,0,0.0,336.0,Hispanic,2.0,28.0,5
0,Low,1.0,0,0.0,Male,Less than 25,1186,M,1,0.0,288.0,Caucasian,1.0,24.0,4
0,Medium,3.0,0,0.0,Female,25 - 45,6114,F,0,0.0,492.0,Caucasian,3.0,41.0,5
0,Low,0.0,0,0.0,Male,25 - 45,4634,M,1,0.0,324.0,Caucasian,0.0,27.0,4
1,High,11.0,0,2.0,Male,25 - 45,5380,F,1,1.0,336.0,African-American,11.0,28.0,8
0,Low,5.0,0,0.0,Male,25 - 45,10557,M,0,0.0,384.0,African-American,5.0,32.0,4
0,Low,1.0,0,0.0,Female,25 - 45,4004,F,0,,324.0,African-American,1.0,27.0,3
0,LOW,1.0,0,0.0,Male,25 - 45,3358,F,0,0.0,480.0,African-American,1.0,40.0,1
0,Low,0.0,0,0.0,Male,25 - 45,5867,Misdemeanor,0,0.0,372.0,Other,0.0,31.0,2
0,High,7.0,1,1.0,Male,Less than 25,4914,,1,0.0,276.0,African-American,7.0,23.0,8
0,Low,0.0,0,0.0,Male,25 - 45,7935,M,0,0.0,336.0,Other,0.0,28.0,1
0,HIGH,1.0,0,1.0,Male,Less than 25,3287,F,1,1.0,240.0,African-American,1.0,20.0,8
0,Low,0.0,0,0.0,Male,Greater than 45,8225,Misdemeanor,0,0.0,744.0,Caucasian,0.0,62.0,1
0,Low,2.0,0,0.0,Male,25 - 45,2658,F,0,0.0,348.0,Caucasian,2.0,29.0,3
0,Low,1.0,0,0.0,Male,Greater than 45,7837,F,0,0.0,672.0,Caucasian,1.0,56.0,2
0,Low,0.0,0,0.0,Male,25 - 45,6713,Felony,0,0.0,408.0,Other,0.0,34.0,2
0,Medium,0.0,0,0.0,Male,Less than 25,640,,1,0.0,240.0,African-American,0.0,20.0,7
0,Low,0.0,0,0.0, Male,25 - 45,2802,M,0,0.0,516.0,Caucasian,0.0,43.0,1
2,High,11.0,0,2.0,Male,25 - 45,5620,F,1,0.0,300.0,African-American,11.0,25.0,9
0,Low,,0,0.0,Male,Greater than 45,8148,M,0,0.0,732.0,Caucasian,,61.0,1
0,Medium,5.0,0,0.0,Male,Greater than 45,4663,F,1,0.0,588.0,Caucasian,5.0,49.0,6
0,High,9.0,0,0.0,Male,25 - 45,2737,F,1,0.0,312.0,African-American,9.0,26.0,8
0,Medium,2.0,0,0.0,Female,Less than 25,4439,,0,0.0,264.0,caucasian,2.0,22.0,5
1,High,0.0,0,1.0,Male,Less than 25,4144,F,0,0.0,252.0,African-American,0.0,21.0,9
1,Low,2.0,0,1.0,Male,25 - 45,10422,F,1,0.0,312.0,Caucasian,2.0,26.0,3
0,Medium,0.0,0,0.0,Male,25 - 45,3920,M,0,0.0,324.0,Other,0.0,27.0,5
0,Medium,3.0,0,0.0,Male,25 - 45,3938,F,0,0.0,396.0,Caucasian,3.0,33.0,6
0,Low,2.0,0,0.0,Male,Greater than 45,5355,F,0,0.0,660.0,Hispanic,2.0,55.0,1
0,Low,3.0,0,0.0,Female,Greater than 45,9308,F,1,0.0,,Caucasian,3.0,,3
0,Low,0.0,0,0.0,Male,Greater than 45,1320,F,0,0.0,552.0,Other,0.0,46.0,1
0,Low,2.0,0,0.0,Male,25 - 45,2263,F,0,0.0,336.0,Native American,2.0,28.0,3
0,Low,0.0,0,0.0,Male,25 - 45,10372,M,1,0.0,420.0,Caucasian,0.0,35.0,1
0,Low,-,0,0.0,Male,Greater than 45,882,f,1,0.0,600.0,Caucasian,-,50.0,1
0,High,17.0,0,0.0,Female,Greater than 45,9202,F,0,0.0,576.0,Caucasian,17.0,48.0,8
0,Low,,0,0.0,Male,Greater than 45,4360,M,0,0.0,612.0,Caucasian,,51.0,1
0,Low,2.0,0,0.0,Female,25 - 45,9815,F,1,0.0,396.0,African-American,2.0,33.0,3
0,Low,2.0,0,0.0,Male,25 - 45,2696,F,0,0.0,408.0,African-American,2.0,34.0,4
0,Low,5.0,0,0.0,Male,Greater than 45,1321,M,1,0.0,576.0,African-American,5.0,48.0,1
0,medium,1.0,0,0.0,Female,25 - 45,2339,F,1,0.0,324.0,caucasian,1.0,27.0,7
0,MEDIUM,0.0,0,0.0,Female,25 - 45,495,F,0,,432.0,African-American,0.0,36.0,7
0,Low,1.0,0,0.0,Male,25 - 45,5174,F,0,0.0,420.0,African American,1.0,35.0,2
0,High,,0,0.0,male,Greater than 45,5552,F,1,0.0,612.0,African-American,,51.0,9
0,Low,2.0,0,0.0,Male,25 - 45,9790,F,1,0.0,324.0,African-American,2.0,27.0,2
0,Medium,2.0,0,0.0,Male,Less than 25,1428,F,0,0.0,288.0,African-American,2.0,24.0,7
0,Low,,0,0.0,Female,Greater than 45,6484,F,0,0.0,624.0,Caucasian,,52.0,1
0,Low,1.0,0,0.0,Male,25 - 45,2644,M,1,0.0,360.0,Caucasian,1.0,30.0,3
0,Medium,1.0,0,0.0,Male,Less than 25,4220,F,1,0.0,240.0,Other,1.0,20.0,6
0,Low,0.0,0,0.0,Female,Greater than 45,1704,M,1,0.0,588.0,Caucasian,0.0,49.0,1
0,LOW,3.0,0,0.0,Male,25 - 45,8216,M,0,,324.0,African-American,3.0,27.0,3
1,Low,2.0,0,1.0,Male,25 - 45,2903,F,1,0.0,372.0,African-American,2.0,31.0,1
0,Low,0.0,0,0.0,Female,Less than 25,569,,0,0.0,288.0,African-American,0.0,24.0,4
0,Low,1.0,0,0.0,Male,Less than 25,5463,,1,0.0,252.0,African-American,1.0,21.0,4
0,LOW,2.0,0,0.0,Female,25 - 45,6162,F,0,0.0,432.0,Caucasian,2.0,36.0,3
0,Low,0.0,0,0.0,Male,25 - 45,7548,F,0,0.0,444.0,African-American,0.0,37.0,1
0,High,13.0,0,0.0,Male,25 - 45,3094,m,1,0.0,372.0,African-American,13.0,31.0,10
0,Low,2.0,0,0.0,FEMALE,25 - 45,200,M,0,0.0,444.0,Other,2.0,37.0,2
0,Low,2.0,0,0.0,MALE,25 - 45,2029,F,0,0.0,516.0,African-American,2.0,43.0,3
0,Medium,5.0,0,0.0,Male,25 - 45,2652,F,0,0.0,300.0,African-American,5.0,25.0,7
0,Medium,0.0,0,0.0,Male,Less than 25,7170,F,0,,,Caucasian,0.0,,5
0,MEDIUM,9.0,0,0.0,Male,25 - 45,8750,F,0,0.0,444.0,HISPANIC,9.0,37.0,6
0,High,6.0,1,1.0,Male,Less than 25,6384,F,1,0.0,252.0,African-American,6.0,21.0,8
0,Low,1.0,0,0.0,Male,Greater than 45,5392,M,0,0.0,564.0,African-American,1.0,47.0,4
0,Medium,15.0,0,0.0,Male,25 - 45,2322,f,0,0.0,408.0,African-American,15.0,34.0,7
0,Low,0.0,0,0.0,Male,25 - 45,6200,F,0,0.0,348.0,Hispanic,0.0,29.0,2
0,High,9.0,1,1.0,Male,25 - 45,9186,M,0,0.0,492.0,African-American,9.0,41.0,9
0,Medium,10.0,0,0.0,Male,Greater than 45,4698,F,0,0.0,648.0,?,10.0,54.0,6
0,Low,0.0,0,0.0,Male,Greater than 45,1972,M,0,0.0,540.0,Caucasian,0.0,45.0,2
0,Low,5.0,0,0.0,Male,Greater than 45,3027,F,1,0.0,552.0,African-American,5.0,46.0,1
0,Medium,,0,0.0,Male,Greater than 45,844,f,0,0.0,696.0, African-American,,58.0,6
0,Low,0.0,0,0.0,Male,25 - 45,2059,F,0,0.0,468.0,Hispanic,0.0,39.0,1
0,Low,3.0,0,0.0,Male,25 - 45,5079,M,0,0.0,312.0,Caucasian,3.0,26.0,2
0,Low,2.0,0,0.0,Female,Greater than 45,6963,F,0,0.0,588.0,Caucasian,2.0,49.0,2
0,Low,0.0,0,0.0,Male,Greater than 45,4904,Misdemeanor,0,0.0,540.0,Other,0.0,45.0,3
0,High,18.0,0,0.0,Male,25 - 45,8432,M,1,0.0,360.0,African-American,18.0,30.0,9
0,Low,1.0,0,0.0,Male,25 - 45,1729,M,1,0.0,468.0,African-American,1.0,39.0,2
0,Low,0.0,0,0.0,Male,Greater than 45,2074,M,0,0.0,792.0,Other,0.0,66.0,1
0,Medium,3.0,0,0.0,Male,Less than 25,7285,F,1,0.0,252.0,African-American,3.0,21.0,7
0,Medium,10.0,0,0.0,Male,Greater than 45,88,M,1,0.0,756.0,African-American,10.0,63.0,7
0,Low,3.0,0,0.0,Male,Greater than 45,6639,f,0,0.0,612.0,African-American,3.0,51.0,1
0,Low,0.0,0,0.0,Male,Greater than 45,1275,F,0,0.0,612.0,Caucasian,0.0,51.0,1
0,High,3.0,0,0.0,Male,25 - 45,8487,F,0,0.0,444.0,Caucasian,3.0,37.0,8
0,Low,4.0,0,0.0,Male,25 - 45,2038,F,0,0.0,384.0,Other,4.0,32.0,3
0,Medium,5.0,0,0.0,Male,Greater than 45,740,F,1,0.0,600.0,Asian,5.0,50.0,7
0,Medium,2.0,0,0.0,Male,25 - 45,9439,F,1,0.0,336.0,African-American,2.0,28.0,6
0,High,6.0,0,0.0,Male,25 - 45,10646,F,1,0.0,384.0,African-American,6.0,32.0,8
0,High,4.0,0,0.0,Male,25 - 45,1166,F,1,0.0,324.0,African-American,4.0,27.0,9
0,Low,5.0,0,0.0,Male,Greater than 45,8054,F,0,0.0,636.0,African-American,5.0,53.0,4
0,Low,4.0,0,0.0,Male,25 - 45,6156,M,0,0.0,444.0,Caucasian,4.0,37.0,1
0,High,10.0,0,0.0,Male,25 - 45,4207,F,1,0.0,432.0,African-American,10.0,36.0,10
0,Low,0.0,0,0.0,Male,25 - 45,5252,M,0,0.0,372.0,Other,0.0,31.0,2
0,Low,5.0,0,0.0,Female,25 - 45,9603,F,1,0.0,408.0,African-American,5.0,34.0,2
0,Medium,0.0,0,0.0,Male,Less than 25,4185,M,1,0.0,240.0,Other,0.0,20.0,6
0,Low,1.0,0,0.0,Male,Greater than 45,7154,m,0,,672.0,Caucasian,1.0,56.0,1
0,Medium,0.0,0,0.0,Male,25 - 45,5301,F,1,0.0,324.0,African-American,0.0,27.0,6
0,high,9.0,0,0.0,Male,25 - 45,2427,F,1,0.0,360.0,African-American,9.0,30.0,10
0,Low,0.0,0,0.0,Male,25 - 45,3163,M,0,0.0,468.0,Caucasian,0.0,39.0,3
0,Low,0.0,0,0.0,Male,Greater than 45,3392,M,0,0.0,576.0,Caucasian,0.0,48.0,1
0,Low,1.0,0,0.0,Female,25 - 45,159,F,0,0.0,468.0,Caucasian,1.0,39.0,4
0,Medium,,0,0.0,Male,Greater than 45,6771,F,0,0.0,636.0,African-American,,53.0,7
0,Low,,0,0.0,Male,Greater than 45,4949,F,0,0.0,552.0,Caucasian,,46.0,4
0,Medium,1.0,0,0.0,female,25 - 45,6520,F,0,0.0,312.0,African-American,1.0,26.0,5
2,Medium,0.0,0,2.0,Male,25 - 45,4136,F,0,0.0,312.0,African-American,0.0,26.0,5
0,Low,0.0,0,0.0,male,Greater than 45,5086,F,0,0.0,552.0,Caucasian,0.0,46.0,1
0,Low,9.0,0,0.0,Male,Greater than 45,7250,F,0,0.0,672.0,-,9.0,56.0,4
0,High,16.0,0,0.0,Male,Greater than 45,5366,F,1,0.0,624.0,Caucasian,16.0,52.0,9
0,Low,0.0,0,0.0,?,25 - 45,2704,F,1,0.0,348.0,African-American,0.0,29.0,2
0,Low,5.0,0,0.0,Male,25 - 45,5332,F,0,0.0,468.0,Caucasian,5.0,39.0,3
0,High,0.0,0,0.0,Male,25 - 45,3029,F,1,0.0,504.0,African-American,0.0,42.0,10
0,High,1.0,0,0.0,n/a,Less than 25,9327,,1,0.0,264.0,African-American,1.0,22.0,9
0,Low,0.0,0,0.0,Male,25 - 45,8169,M,0,0.0,300.0,African-American,0.0,25.0,3
0,Medium,3.0,0,0.0,Male,Less than 25,7413,F,1,0.0,252.0,African-American,3.0,21.0,7
0,High,5.0,1,1.0,Male,25 - 45,7151,F,1,0.0,504.0,African-American,5.0,42.0,9
0,Low,,0,0.0,Male,Greater than 45,1652,F,0,0.0,708.0,Caucasian,,59.0,1
2,High,20.0,2,4.0,Male,25 - 45,3763,F,1,0.0,312.0,African-American,20.0,26.0,9
0,High,5.0,0,0.0,Male,25 - 45,4500,Felony,0,0.0,348.0,African-American,5.0,29.0,8
0,Medium,3.0,0,0.0,male,Greater than 45,8278,F,1,0.0,636.0,African-American,3.0,53.0,6
0,Low,0.0,0,0.0,Female,25 - 45,9267,M,0,0.0,480.0,Caucasian,0.0,40.0,2
0,Low,1.0,0,0.0, Male,25 - 45,4440,M,1,0.0,348.0,AFRICAN-AMERICAN,1.0,29.0,2
0,Low,0.0,0,0.0,MALE,Less than 25,7711,F,0,0.0,240.0,African-American,0.0,20.0,3
0,Low,0.0,0,0.0,Female,25 - 45,7677,M,0,0.0,336.0,Caucasian,0.0,28.0,3
0,Low,7.0,0,0.0,Male,25 - 45,7522,F,1,0.0,432.0, African-American,7.0,36.0,2
0,Low,0.0,0,0.0,Male,25 - 45,2100,M,0,0.0,528.0,Caucasian,0.0,44.0,1
0,Medium,0.0,0,0.0,Female,Less than 25,5676,M,0,0.0,276.0,Caucasian,0.0,23.0,7
0,Medium,-,0,0.0,Female,Less than 25,6671,F,1,0.0,276.0,Caucasian,-,23.0,6
0,High,0.0,0,0.0,Female,Less than 25,6107,F,0,0.0,288.0,Caucasian,0.0,24.0,8
0,Low,2.0,0,0.0,Male,25 - 45,1472,F,0,0.0,456.0,Caucasian,2.0,38.0,1
0,medium,2.0,0,0.0,Male,25 - 45,4833,F,0,0.0,300.0,Caucasian,2.0,25.0,5
0,Low,0.0,0,0.0,Male,Greater than 45,6549,M,1,0.0,624.0,African-American,0.0,52.0,1
0,Medium,20.0,0,0.0,Male,25 - 45,9407,F,0,0.0,480.0,African-American,20.0,40.0,7
0,Low,0.0,0,0.0,Female,25 - 45,3709,F,0,0.0,456.0,African-American,0.0,38.0,1
0,Low,1.0,0,0.0,Male,Less than 25,7359,F,0,0.0,252.0,Caucasian,1.0,21.0,4
0,Low,3.0,0,0.0,n/a,Greater than 45,4902,M,0,0.0,636.0,Hispanic,3.0,53.0,2
0,Low,0.0,0,0.0,Male,25 - 45,2910,M,0,0.0,504.0,Caucasian,0.0,42.0,4
0,Low,2.0,0,0.0,Male,25 - 45,4233,M,0,0.0,468.0,African-American,2.0,39.0,1
0,low,1.0,0,0.0,Male,Greater than 45,5724,M,0,0.0,684.0,Caucasian,1.0,57.0,4
0,low,0.0,0,0.0,Male,Less than 25,5491,F,0,0.0,240.0,Caucasian,0.0,20.0,4
0,High,0.0,0,0.0,Male,Less than 25,3656,M,0,0.0,264.0,African-American,0.0,22.0,9
0,Medium,3.0,0,0.0,Male,25 - 45,7380,M,1,0.0,444.0,African-American,3.0,37.0,6
0,Medium,12.0,0,0.0,Male,Greater than 45,2002,M,0,0.0,588.0,Caucasian,12.0,49.0,5
0,Medium,5.0,0,0.0,Male,25 - 45,4569,M,0,0.0,444.0,Caucasian,5.0,37.0,5
0,Low,4.0,0,0.0,MALE,Greater than 45,4972,F,0,0.0,672.0,Hispanic,4.0,56.0,1
0,Low,1.0,0,0.0,Male,25 - 45,6154,M,0,0.0,384.0,African-American,1.0,32.0,3
0,Low,0.0,0,0.0,Female,Greater than 45,402,F,0,0.0,576.0,African-American,0.0,48.0,2
0,Low,0.0,0,0.0,Male,25 - 45,2931,F,0,0.0,480.0,African-American,0.0,40.0,2
0,medium,3.0,0,0.0,FEMALE,Less than 25,8852,M,1,0.0,276.0, African-American,3.0,23.0,5
0,Medium,7.0,0,0.0,Male,25 - 45,2604,F,1,0.0,408.0,African-American,7.0,34.0,6
0,Medium,1.0,0,1.0,Male,Less than 25,3948,Felony,0,1.0,252.0,African-American,1.0,21.0,5
2,Medium,9.0,0,2.0,Male,25 - 45,8843,M,1,0.0,396.0,African-American,9.0,33.0,7
0,LOW,0.0,0,0.0,Male,Greater than 45,97,m,0,0.0,744.0,Hispanic,0.0,62.0,1
0,Low,23.0,0,0.0,Male,Greater than 45,10471,F,1,0.0,624.0,African-American,23.0,52.0,3
0,Low,0.0,0,0.0,Male,Less than 25,10843,,0,0.0,288.0,Hispanic,0.0,24.0,3
0,Low,1.0,0,0.0,Male,Less than 25,3379,F,0,0.0,252.0,Other,1.0,21.0,4
0,Low,,0,0.0,n/a,Greater than 45,9838,Felony,0,0.0,588.0,African-American,,49.0,1
0,High,11.0,0,0.0,Male,25 - 45,5576,F,1,,312.0,Native American,11.0,26.0,8
0,Low,1.0,0,0.0,Male,Less than 25,3872,Felony,0,0.0,252.0,Caucasian,1.0,21.0,4
2,Medium,8.0,0,3.0,Male,25 - 45,10821,F,1,1.0,360.0,African-American,8.0,30.0,5
0,Medium,3.0,1,1.0,?,Less than 25,10019,F,1,0.0,276.0,African-American,3.0,23.0,5
0,Low,0.0,0,0.0,Male,25 - 45,1089,Misdemeanor,1,0.0,408.0,Caucasian,0.0,34.0,1
0,Low,0.0,0,0.0,Male,25 - 45,2115,M,0,0.0,528.0,Caucasian,0.0,44.0,1
0,Low,1.0,0,0.0,Male,25 - 45,1572,F,0,0.0,324.0,African-American,1.0,27.0,2
0,Low,0.0,0,0.0,Male,25 - 45,5260,M,0,0.0,336.0,African-American,0.0,28.0,3
0,Low,0.0,0,0.0,Male,Less than 25,4393,f,1,0.0,252.0,African-American,0.0,21.0,4
2,High,4.0,0,2.0,Male,Less than 25,3725,F,1,0.0,276.0,AFRICAN-AMERICAN,4.0,23.0,8
0,Low,0.0,0,0.0,Male,25 - 45,4884,M,0,0.0,372.0,Caucasian,0.0,31.0,1
0,Low,0.0,0,0.0,n/a,25 - 45,7615,F,0,0.0,408.0,African-American,0.0,34.0,1
0,Medium,2.0,0,0.0,Male,25 - 45,9060,M,0,0.0,348.0,Caucasian,2.0,29.0,5
0,Medium,3.0,0,0.0,male,25 - 45,10298,M,1,0.0,360.0,African-American,3.0,30.0,5
0,Medium,21.0,0,0.0,Male,25 - 45,9031,F,1,0.0,324.0,African-American,21.0,27.0,7
0,Medium,5.0,1,3.0,Male,25 - 45,7991,M,0,2.0,408.0,African-American,5.0,34.0,7
0,Medium,1.0,0,0.0,Female,25 - 45,8712,F,0,0.0,408.0,Caucasian,1.0,34.0,6
0,Low,0.0,0,0.0,Male,25 - 45,4073,M,0,0.0,312.0,Caucasian,0.0,26.0,2
0,low,0.0,0,0.0,Male,25 - 45,7625,M,1,,384.0,Other,0.0,32.0,3
0,medium,5.0,0,0.0,Female,25 - 45,1569,M,1,0.0,300.0,African-American,5.0,25.0,7
0,Low,2.0,0,0.0,Male,25 - 45,10768,M,1,0.0,396.0,Caucasian,2.0,33.0,3
0,Low,1.0,0,0.0,Male,25 - 45,3947,f,0,0.0,480.0,Other,1.0,40.0,1
0,High,11.0,0,0.0,Male,25 - 45,3899,F,1,0.0,360.0,-,11.0,30.0,8
0,Medium,0.0,0,0.0,Female,Less than 25,948,M,0,0.0,264.0,African-American,0.0,22.0,5
0,Medium,3.0,0,0.0,Male,25 - 45,9561,f,1,0.0,336.0,Caucasian,3.0,28.0,7
0,Medium,1.0,0,1.0,Male,Less than 25,9120,F,0,1.0,240.0,African-American,1.0,20.0,6
0,High,2.0,1,1.0,Male,Less than 25,4486,F,1,0.0,276.0,Caucasian,2.0,23.0,8
0,Low,0.0,0,0.0,Male,Greater than 45,6466,M,0,0.0,636.0,Caucasian,0.0,53.0,1
0,High,2.0,0,0.0,Male,Greater than 45,3020,F,0,0.0,552.0,African-American,2.0,46.0,9
0,Low,2.0,0,0.0,Male,25 - 45,1890,M,1,0.0,408.0,African-American,2.0,34.0,4
0,Medium,9.0,0,0.0,Male,Greater than 45,3318,f,0,0.0,576.0,Caucasian,9.0,48.0,6
0,Low,4.0,0,0.0,Male,25 - 45,7124,M,1,0.0,432.0,Caucasian,4.0,36.0,1
0,Low,3.0,0,0.0,Male,25 - 45,9254,F,0,0.0,396.0,African-American,3.0,33.0,2
0,MEDIUM,0.0,0,0.0,Female,Less than 25,1128,M,0,0.0,264.0,Caucasian,0.0,22.0,5
0,Medium,2.0,0,0.0,Male,25 - 45,1540,F,0,0.0,300.0,African-American,2.0,25.0,5
2,Medium,1.0,0,2.0,Male,25 - 45,10946,M,0,0.0,324.0,African-American,1.0,27.0,5
3,High,1.0,1,4.0,Male,Less than 25,9620,F,1,0.0,228.0,Caucasian,1.0,19.0,10
0,Low,1.0,0,0.0,Female,Greater than 45,10130,F,0,0.0,576.0,African-American,1.0,48.0,1
1,High,12.0,0,1.0,Male,Greater than 45,6571,f,1,0.0,612.0,African-American,12.0,51.0,8
0,Medium,5.0,0,0.0,Male,25 - 45,4141,Felony,0,0.0,444.0,African-American,5.0,37.0,6
0,Low,5.0,0,0.0,Male,25 - 45,4457,F,1,0.0,360.0,African-American,5.0,30.0,4
0,Low,4.0,0,0.0,Male,25 - 45,69,M,1,0.0,408.0,African-American,4.0,34.0,3
0,Low,5.0,0,0.0,Female,Greater than 45,6328,F,0,0.0,816.0,African-American,5.0,68.0,2
0,Medium,16.0,0,0.0,Male,Greater than 45,8425,M,1,0.0,684.0,African-American,16.0,57.0,5
0,LOW,6.0,0,0.0,Male,Less than 25,9783,F,1,0.0,276.0,African-American,6.0,23.0,4
0,Low,,0,0.0, Male,Greater than 45,1948,F,0,0.0,636.0,Caucasian,,53.0,1
0,Low,,0,0.0,Female,Greater than 45,3721,F,0,0.0,768.0,Caucasian,,64.0,1
0,Medium,0.0,0,0.0,Male,Less than 25,7741,F,1,0.0,252.0,African-American,0.0,21.0,7
0,Medium,3.0,0,0.0,Male,Greater than 45,10586,M,1,0.0,564.0,African-American,3.0,47.0,5
0,Low,1.0,0,0.0,Male,25 - 45,9800,M,0,0.0,444.0,Caucasian,1.0,37.0,2
0,Low,1.0,0,0.0,Male,25 - 45,8650,F,0,0.0,324.0,-,1.0,27.0,3
0,Low,3.0,0,0.0,Male,25 - 45,1906,Misdemeanor,0,0.0,360.0,Caucasian,3.0,30.0,4
0,Low,0.0,0,0.0,Male,25 - 45,10201,F,1,0.0,420.0,hispanic,0.0,35.0,2
0,low,1.0,0,0.0,Male,25 - 45,4682,M,0,0.0,324.0,Caucasian,1.0,27.0,2
2,Medium,1.0,0,2.0,Male,Less than 25,6548,F,1,0.0,252.0,African-American,1.0,21.0,5
1,Medium,7.0,0,1.0,Male,25 - 45,7225,F,1,0.0,384.0,African-American,7.0,32.0,6
0,Medium,6.0,0,0.0,Male,25 - 45,1653,M,0,0.0,384.0,Caucasian,6.0,32.0,5
0,Medium,2.0,0,0.0,male,Greater than 45,10694,M,0,0.0,552.0,African-American,2.0,46.0,6
0,Low,0.0,0,0.0,Male,25 - 45,99,M,0,0.0,396.0,Other,0.0,33.0,1
0,Low,0.0,0,0.0,Female,25 - 45,7577,M,0,0.0,300.0,Hispanic,0.0,25.0,3
0,Medium,0.0,0,0.0,Male,25 - 45,9032,M,0,0.0,492.0,African-American,0.0,41.0,6
0,Low,0.0,0,0.0,Male,25 - 45,2161,M,0,0.0,348.0,Caucasian,0.0,29.0,3
0,Low,1.0,0,0.0,Male,Greater than 45,7143,F,0,0.0,684.0,African-American,1.0,57.0,1
0,Medium,0.0,0,0.0,Female,25 - 45,4563,F,1,0.0,300.0,African-American,0.0,25.0,5
0,Medium,0.0,0,0.0,Male,25 - 45,7916,F,0,0.0,300.0,African-American,0.0,25.0,7
0,Low,0.0,0,0.0,Male,Greater than 45,9588,F,0,0.0,648.0,Caucasian,0.0,54.0,2
0,High,2.0,0,0.0,Male,25 - 45,739,M,0,0.0,312.0,African-American,2.0,26.0,9
0,Low,3.0,0,0.0,Female,25 - 45,7039,F,1,0.0,432.0,Caucasian,3.0,36.0,1
2,Medium,2.0,0,2.0,Male,Less than 25,8832,F,1,0.0,288.0,African-American,2.0,24.0,5
0,Medium,0.0,0,0.0,Female,25 - 45,6888,M,0,0.0,432.0,African-American,0.0,36.0,6
0,High,1.0,0,0.0,Female,25 - 45,3903,F,1,,360.0,African-American,1.0,30.0,9
0,medium,0.0,0,0.0,Male,Less than 25,7556,M,0,0.0,264.0,Caucasian,0.0,22.0,6
0,High,0.0,0,0.0,Male,25 - 45,6140,F,0,0.0,,African American,0.0,,10
0,Low,6.0,0,0.0,Male,25 - 45,9758,F,1,0.0,348.0,Caucasian,6.0,29.0,4
0,MEDIUM,1.0,0,0.0,Male,25 - 45,1665,M,0,0.0,408.0,African-American,1.0,34.0,6
0,Low,,0,0.0, Male,Greater than 45,6483,F,0,0.0,672.0,Caucasian,,56.0,2
0,Medium,1.0,0,0.0,Male,Less than 25,2171,F,0,0.0,264.0,African-American,1.0,22.0,7
0,High,15.0,0,0.0,Male,25 - 45,6463,F,0,0.0,372.0,African-American,15.0,31.0,8
0,Low,0.0,0,0.0,Male,25 - 45,10461,m,0,0.0,444.0,Other,0.0,37.0,1
0,Medium,1.0,0,0.0,Male,25 - 45,7552,F,1,0.0,372.0,Hispanic,1.0,31.0,5
0,Medium,3.0,0,0.0,Male,Greater than 45,10547,M,1,,660.0,African-American,3.0,55.0,5
0,Medium,0.0,0,0.0,Male,Less than 25,4731,F,1,0.0,252.0,African-American,0.0,21.0,5
0,High,4.0,0,0.0,female,Less than 25,5453,F,1,0.0,,African-American,4.0,,9
0,MEDIUM,4.0,0,0.0,Male,25 - 45,1346,F,0,0.0,384.0,African-American,4.0,32.0,5
0,Low,3.0,1,1.0,Female,25 - 45,2668,F,0,0.0,420.0,Caucasian,3.0,35.0,4
1,High,12.0,1,3.0,Male,25 - 45,9163,M,1,1.0,372.0,African-American,12.0,31.0,8
0,Low,,0,0.0,Male,Greater than 45,5158,M,0,0.0,588.0,African-American,,49.0,1
0,High,5.0,0,0.0,Female,25 - 45,8802,M,0,0.0,336.0,African-American,5.0,28.0,8
0,Low,1.0,0,0.0,Male,25 - 45,6080,m,1,0.0,300.0,African-American,1.0,25.0,2
0,Low,2.0,0,0.0,Female,Greater than 45,4917,F,0,0.0,564.0,Hispanic,2.0,47.0,1
0,High,21.0,0,0.0,Male,25 - 45,6320,F,1,0.0,468.0,African-American,21.0,39.0,10
0,Medium,,0,0.0,Male,Greater than 45,10914,F,1,0.0,552.0,African-American,,46.0,5
0,Medium,0.0,0,0.0,Female,Less than 25,10984,M,1,0.0,240.0,African-American,0.0,20.0,7
0,Medium,5.0,0,0.0,Male,25 - 45,5347,F,0,0.0,504.0,African-American,5.0,42.0,6
0,low,0.0,0,0.0,Male,25 - 45,8755,M,1,,432.0,Hispanic,0.0,36.0,1
0,Low,N/A,0,0.0,Male,25 - 45,1953,F,1,0.0,360.0,Other,N/A,30.0,2
0,Low,6.0,0,0.0,Male,25 - 45,5749,M,0,0.0,360.0,Asian,6.0,30.0,3
0,Medium,2.0,0,0.0,Male,25 - 45,7158,F,1,0.0,324.0,Caucasian,2.0,27.0,6
1,Medium,10.0,0,1.0,Male,25 - 45,6968,F,1,0.0,372.0,African-American,10.0,31.0,6
0,Low,2.0,0,0.0,Male,25 - 45,3578,F,1,0.0,468.0,Hispanic,2.0,39.0,1
0,High,1.0,0,0.0,Female,25 - 45,10202,M,1,0.0,300.0,AFRICAN-AMERICAN,1.0,25.0,8
0,Low,0.0,0,0.0,MALE,Greater than 45,8790,F,0,0.0,624.0,Asian,0.0,52.0,1
0,medium,1.0,0,0.0,Male,Less than 25,1485,M,1,0.0,252.0,African-American,1.0,21.0,7
0,MEDIUM,0.0,0,0.0,Female,Less than 25,5046,F,0,0.0,276.0,African-American,0.0,23.0,7
0,Medium,2.0,0,0.0,Female,25 - 45,5404,M,0,0.0,432.0,African-American,2.0,36.0,5
0,Low,1.0,0,0.0,Male,Less than 25,3659,F,0,0.0,792.0,-,1.0,66.0,1
0,Low,0.0,0,0.0,Male,25 - 45,10987,F,0,0.0,312.0,Hispanic,0.0,26.0,2
0,Low,0.0,0,0.0,Male,25 - 45,4126,F,1,0.0,360.0,African-American,0.0,30.0,2
0,High,1.0,0,0.0,Male,Less than 25,8445,F,0,0.0,288.0,Hispanic,1.0,24.0,8
0,Low,0.0,0,0.0,Male,Less than 25,3766,M,1,,264.0,Caucasian,0.0,22.0,2
0,LOW,0.0,0,0.0,Male,25 - 45,7915,F,0,0.0,300.0,African-American,0.0,25.0,2
0,Medium,10.0,0,0.0,Male,25 - 45,1408,M,1,0.0,336.0,African-American,10.0,28.0,7
0,Low,12.0,0,0.0,Female,Greater than 45,1840,F,0,0.0,648.0,Caucasian,12.0,54.0,2
0,Medium,5.0,0,0.0,Male,25 - 45,5101,M,1,0.0,336.0,African-American,5.0,28.0,5
0,Low,0.0,0,0.0,Male,Less than 25,2328,M,0,,288.0,Asian,0.0,24.0,2
0,high,5.0,0,2.0,Male,25 - 45,2404,F,0,2.0,432.0,AFRICAN-AMERICAN,5.0,36.0,10
0,Medium,1.0,0,0.0,male,25 - 45,2897,F,1,0.0,, Caucasian,1.0,,7
0,Low,5.0,0,0.0,Male,25 - 45,87,F,0,0.0,420.0,African-American,5.0,35.0,3
0,High,-,0,0.0,Male,25 - 45,524,M,0,0.0,324.0,Hispanic,-,27.0,8
1,Medium,0.0,0,1.0,Male,Less than 25,5351,M,0,0.0,252.0,Caucasian,0.0,21.0,5
1,High,16.0,1,4.0, Male,25 - 45,4907,f,1,2.0,372.0,African-American,16.0,31.0,9
0,Medium,2.0,0,0.0,Male,25 - 45,2206,M,0,0.0,360.0,African-American,2.0,30.0,7
0,Low,3.0,0,0.0,Female,25 - 45,10312,m,1,0.0,372.0,African-American,3.0,31.0,2
2,High,6.0,0,2.0,Male,25 - 45,51,M,0,0.0,312.0,Caucasian,6.0,26.0,8
0,MEDIUM,6.0,0,0.0,Male,25 - 45,2707,F,0,0.0,432.0,Caucasian,6.0,36.0,7
0,High,22.0,0,0.0,Male,25 - 45,4198,F,1,0.0,444.0,African-American,22.0,37.0,9
0,Low,6.0,0,0.0,Male,25 - 45,7206,F,1,0.0,444.0,Hispanic,6.0,37.0,2
0,Medium,5.0,2,2.0,Male,25 - 45,3268,M,1,0.0,300.0,Caucasian,5.0,25.0,7
0,High,3.0,0,0.0,Male,Greater than 45,189,M,0,0.0,624.0,Caucasian,3.0,52.0,9
0,Low,0.0,0,0.0,n/a,25 - 45,2044,M,0,0.0,396.0,Other,0.0,33.0,2
0,Medium,3.0,0,0.0,male,Less than 25,7119,M,0,0.0,276.0,African-American,3.0,23.0,5
0,Low,0.0,0,0.0,n/a,25 - 45,1501,m,0,0.0,504.0,Caucasian,0.0,42.0,1
0,Low,2.0,0,0.0,Male,25 - 45,4020,Felony,1,0.0,348.0,Other,2.0,29.0,2
0,Medium,,0,0.0,Male,Greater than 45,10837,M,0,0.0,564.0,African-American,,47.0,6
0,Medium,24.0,0,0.0,Male,Greater than 45,2382,F,1,0.0,696.0,African-American,24.0,58.0,6
0,Low,0.0,0,0.0,Female,25 - 45,8245,M,0,0.0,456.0,Caucasian,0.0,38.0,1
0,Low,2.0,0,0.0,Male,25 - 45,6514,F,0,0.0,312.0,Caucasian,2.0,26.0,4
0,Medium,1.0,0,0.0,Female,Less than 25,5063,M,1,0.0,252.0,African-American,1.0,21.0,5
0,Low,0.0,0,0.0,Female,Greater than 45,540,Misdemeanor,0,0.0,720.0,Caucasian,0.0,60.0,1
0,HIGH,1.0,0,0.0,Female,25 - 45,10361,F,0,,312.0,Caucasian,1.0,26.0,9
0,Low,4.0,0,0.0,Female,25 - 45,9280,M,0,0.0,408.0,Caucasian,4.0,34.0,4
0,Medium,1.0,0,1.0,Male,Less than 25,5203,F,1,1.0,240.0,African-American,1.0,20.0,7
0,Low,1.0,0,0.0,Male,25 - 45,3039,F,1,0.0,420.0,Caucasian,1.0,35.0,1
0,High,9.0,0,0.0,Male,25 - 45,8638,F,1,0.0,372.0,African-American,9.0,31.0,8
0,Low,,0,0.0,Male,Greater than 45,6776,F,0,0.0,660.0,Caucasian,,55.0,3
0,Low,11.0,0,0.0,Male,25 - 45,869,M,0,0.0,528.0,Caucasian,11.0,44.0,3
0,Low,1.0,0,0.0,Male,25 - 45,120,M,0,0.0,492.0,African-American,1.0,41.0,2
0,Low,3.0,0,0.0,Male,Greater than 45,4993,F,0,0.0,624.0,Hispanic,3.0,52.0,4
0,High,5.0,3,3.0,Male,Less than 25,2301,F,1,0.0,276.0,African-American,5.0,23.0,9
0,Medium,6.0,0,0.0,Male,25 - 45,2317,f,1,0.0,324.0,African-American,6.0,27.0,5
0,Low,0.0,0,0.0,Male,Greater than 45,3096,F,0,0.0,720.0,African American,0.0,60.0,1
0,Low,0.0,0,0.0,Male,25 - 45,7012,F,0,0.0,336.0,African-American,0.0,28.0,2
0,Low,0.0,0,0.0,Female,25 - 45,6934,F,0,0.0,396.0,African-American,0.0,33.0,3
1,High,2.0,2,3.0,Male,Less than 25,9017,F,1,0.0,240.0,Hispanic,2.0,20.0,8
0,LOW,0.0,0,0.0,Female,Greater than 45,3884,F,1,0.0,648.0,Caucasian,0.0,54.0,3
0,Medium,0.0,0,0.0,Male,Less than 25,1685,f,1,0.0,288.0,Hispanic,0.0,24.0,6
0,Low,3.0,0,0.0,Male,25 - 45,616,F,0,0.0,384.0,African-American,3.0,32.0,2
0,Low,3.0,0,0.0,Male,Greater than 45,5394,F,0,0.0,672.0,-,3.0,56.0,2
0,Low,1.0,0,0.0,Male,25 - 45,2422,F,0,0.0,324.0,African-American,1.0,27.0,2
0,Medium,0.0,0,0.0,Male,Less than 25,8606,,1,0.0,288.0,African-American,0.0,24.0,7
